Item Title,Publication Title,Book Series Title,Journal Volume,Journal Issue,Item DOI,Authors,Publication Year,URL,Content Type
"Deep Learning Architecture Search by Neuro-Cell-Based Evolution with Function-Preserving Mutations","Machine Learning and Knowledge Discovery in Databases","","","","10.1007/978-3-030-10928-8_15","Martin Wistuba","2019","http://link.springer.com/chapter/10.1007/978-3-030-10928-8_15","Chapter"
"EEGNAS: Neural Architecture Search for Electroencephalography Data Analysis and Decoding","Human Brain and Artificial Intelligence","","","","10.1007/978-981-15-1398-5_1","Elad RapaportOren ShrikiRami Puzis","2019","http://link.springer.com/chapter/10.1007/978-981-15-1398-5_1","Chapter"
"Comparison of Neural Network Optimizers for Relative Ranking Retention Between Neural Architectures","Artificial Intelligence Applications and Innovations","","","","10.1007/978-3-030-19823-7_22","George KyriakidesKonstantinos Margaritis","2019","http://link.springer.com/chapter/10.1007/978-3-030-19823-7_22","Chapter"
"Person Re-identification with Neural Architecture Search","Pattern Recognition and Computer Vision","","","","10.1007/978-3-030-31654-9_46","Shizhou ZhangRui CaoXing WeiPeng WangYanning Zhang","2019","http://link.springer.com/chapter/10.1007/978-3-030-31654-9_46","Chapter"
"CNASV: A Convolutional Neural Architecture Search-Train Prototype for Computer Vision Task","Collaborative Computing: Networking, Applications and Worksharing","","","","10.1007/978-3-030-30146-0_26","Tianbao ZhouYu WengGuosheng Yang","2019","http://link.springer.com/chapter/10.1007/978-3-030-30146-0_26","Chapter"
"Resource Optimized Neural Architecture Search for 3D Medical Image Segmentation","Medical Image Computing and Computer Assisted Intervention – MICCAI 2019","","","","10.1007/978-3-030-32245-8_26","Woong BaeSeungho LeeYeha LeeBeomhee ParkMinki ChungKyu-Hwan Jung","2019","http://link.springer.com/chapter/10.1007/978-3-030-32245-8_26","Chapter"
"Controlling Model Complexity in Probabilistic Model-Based Dynamic Optimization of Neural Network Structures","Artificial Neural Networks and Machine Learning – ICANN 2019: Deep Learning","","","","10.1007/978-3-030-30484-3_33","Shota SaitoShinichi Shirakawa","2019","http://link.springer.com/chapter/10.1007/978-3-030-30484-3_33","Chapter"
"Moderate Resolution Imaging Spectroradiometer Products Classification Using Deep Learning","Telematics and Computing","","","","10.1007/978-3-030-33229-7_6","Javier Arellano-Verdejo","2019","http://link.springer.com/chapter/10.1007/978-3-030-33229-7_6","Chapter"
"Identify Hierarchical Structures from Task-Based fMRI Data via Hybrid Spatiotemporal Neural Architecture Search Net","Medical Image Computing and Computer Assisted Intervention – MICCAI 2019","","","","10.1007/978-3-030-32248-9_83","Wei ZhangLin ZhaoQing LiShijie ZhaoQinglin DongXi JiangTuo ZhangTianming Liu","2019","http://link.springer.com/chapter/10.1007/978-3-030-32248-9_83","Chapter"
"Neural Architecture Search for Adversarial Medical Image Segmentation","Medical Image Computing and Computer Assisted Intervention – MICCAI 2019","","","","10.1007/978-3-030-32226-7_92","Nanqing DongMin XuXiaodan LiangYiliang JiangWei DaiEric Xing","2019","http://link.springer.com/chapter/10.1007/978-3-030-32226-7_92","Chapter"
"Scalable Neural Architecture Search for 3D Medical Image Segmentation","Medical Image Computing and Computer Assisted Intervention – MICCAI 2019","","","","10.1007/978-3-030-32248-9_25","Sungwoong KimIldoo KimSungbin LimWoonhyuk BaekChiheon KimHyungjoo ChoBoogeon YoonTaesup Kim","2019","http://link.springer.com/chapter/10.1007/978-3-030-32248-9_25","Chapter"
"Architecture Search for Image Inpainting","Advances in Neural Networks – ISNN 2019","","","","10.1007/978-3-030-22796-8_12","Yaoman LiIrwin King","2019","http://link.springer.com/chapter/10.1007/978-3-030-22796-8_12","Chapter"
"CascadeML: An Automatic Neural Network Architecture Evolution and Training Algorithm for Multi-label Classification (Best Technical Paper)","Artificial Intelligence XXXVI","","","","10.1007/978-3-030-34885-4_1","Arjun PakrashiBrian Mac Namee","2019","http://link.springer.com/chapter/10.1007/978-3-030-34885-4_1","Chapter"
"A Context-Free Spelling Correction Method for Classical Mongolian","Natural Language Processing and Chinese Computing","","","","10.1007/978-3-030-32236-6_50","Min LuFeilong BaoGuanglai Gao","2019","http://link.springer.com/chapter/10.1007/978-3-030-32236-6_50","Chapter"
"Regularized Evolutionary Algorithm for Dynamic Neural Topology Search","Image Analysis and Processing – ICIAP 2019","","","","10.1007/978-3-030-30642-7_20","Cristiano SaltoriSubhankar RoyNicu SebeGiovanni Iacca","2019","http://link.springer.com/chapter/10.1007/978-3-030-30642-7_20","Chapter"
"Coevolution of Generative Adversarial Networks","Applications of Evolutionary Computation","","","","10.1007/978-3-030-16692-2_32","Victor CostaNuno LourençoPenousal Machado","2019","http://link.springer.com/chapter/10.1007/978-3-030-16692-2_32","Chapter"
"Efficient Automatic Meta Optimization Search for Few-Shot Learning","Pattern Recognition and Computer Vision","","","","10.1007/978-3-030-31726-3_19","Xinyue ZhengPeng WangQigang WangZhongchao ShiFeiyu Xu","2019","http://link.springer.com/chapter/10.1007/978-3-030-31726-3_19","Chapter"
"Constraint Exploration of Convolutional Network Architectures with Neuroevolution","Advances in Computational Intelligence","","","","10.1007/978-3-030-20518-8_61","Jonas Dominik HomburgMichael AdamsMichael ThiesTimo KorthalsMarc HesseUlrich Rückert","2019","http://link.springer.com/chapter/10.1007/978-3-030-20518-8_61","Chapter"
"Compute-Efficient Neural Network Architecture Optimization by a Genetic Algorithm","Artificial Neural Networks and Machine Learning – ICANN 2019: Deep Learning","","","","10.1007/978-3-030-30484-3_32","Sebastian LitzingerAndreas KlosWolfram Schiffmann","2019","http://link.springer.com/chapter/10.1007/978-3-030-30484-3_32","Chapter"
"Improved Modular Convolution Neural Network for Human Pose Estimation","E-Learning and Games","","","","10.1007/978-3-030-23712-7_53","Zhengxuan ZhangJing DongDongsheng ZhouXiaoyong FangXiaopeng Wei","2019","http://link.springer.com/chapter/10.1007/978-3-030-23712-7_53","Chapter"
"Predicting Response to the Antidepressant Bupropion Using Pretreatment fMRI","Predictive Intelligence in Medicine","","","","10.1007/978-3-030-32281-6_6","Kevin P. NguyenCherise Chin FattAlex TreacherCooper MellemaMadhukar H. TrivediAlbert Montillo","2019","http://link.springer.com/chapter/10.1007/978-3-030-32281-6_6","Chapter"
"VIRET Tool Meets NasNet","MultiMedia Modeling","","","","10.1007/978-3-030-05716-9_52","Jakub LokočGregor KovalčíkTomáš SoučekJaroslav MoravecJan BodnárPřemysl Čech","2019","http://link.springer.com/chapter/10.1007/978-3-030-05716-9_52","Chapter"
"Learning Neural Representations for Predicting GPU Performance","High Performance Computing","","","","10.1007/978-3-030-20656-7_3","Shweta SalariaAleksandr DrozdArtur PodobasSatoshi Matsuoka","2019","http://link.springer.com/chapter/10.1007/978-3-030-20656-7_3","Chapter"
"A Meta-Reinforcement Learning Approach to Optimize Parameters and Hyper-parameters Simultaneously","PRICAI 2019: Trends in Artificial Intelligence","","","","10.1007/978-3-030-29911-8_8","Abbas Raza AliMarcin BudkaBogdan Gabrys","2019","http://link.springer.com/chapter/10.1007/978-3-030-29911-8_8","Chapter"
"NeuroPower: Designing Energy Efficient Convolutional Neural Network Architecture for Embedded Systems","Artificial Neural Networks and Machine Learning – ICANN 2019: Theoretical Neural Computation","","","","10.1007/978-3-030-30487-4_17","Mohammad LoniAli ZoljodiSima SinaeiMasoud DaneshtalabMikael Sjödin","2019","http://link.springer.com/chapter/10.1007/978-3-030-30487-4_17","Chapter"
"On the Bounds of Function Approximations","Artificial Neural Networks and Machine Learning – ICANN 2019: Theoretical Neural Computation","","","","10.1007/978-3-030-30487-4_32","Adrian de Wynter","2019","http://link.springer.com/chapter/10.1007/978-3-030-30487-4_32","Chapter"
"Searching Learning Strategy with Reinforcement Learning for 3D Medical Image Segmentation","Medical Image Computing and Computer Assisted Intervention – MICCAI 2019","","","","10.1007/978-3-030-32245-8_1","Dong YangHolger RothZiyue XuFausto MilletariLing ZhangDaguang Xu","2019","http://link.springer.com/chapter/10.1007/978-3-030-32245-8_1","Chapter"
"Transferring Tree Ensembles to Neural Networks","Neural Information Processing","","","","10.1007/978-3-030-36711-4_39","Chapman Siu","2019","http://link.springer.com/chapter/10.1007/978-3-030-36711-4_39","Chapter"
"A Challenging Voice Dataset for Robotic Applications in Noisy Environments","Computer Analysis of Images and Patterns","","","","10.1007/978-3-030-29891-3_31","Antonio RobertoAlessia SaggeseMario Vento","2019","http://link.springer.com/chapter/10.1007/978-3-030-29891-3_31","Chapter"
"Deep Demosaicing for Edge Implementation","Image Analysis and Recognition","","","","10.1007/978-3-030-27202-9_25","Ramchalam RamakrishnanShangling JuiVahid Partovi Nia","2019","http://link.springer.com/chapter/10.1007/978-3-030-27202-9_25","Chapter"
"An Efficient 3D-NAS Method for Video-Based Gesture Recognition","Artificial Neural Networks and Machine Learning – ICANN 2019: Image Processing","","","","10.1007/978-3-030-30508-6_26","Ziheng GuoYang ChenWei HuangJunhao Zhang","2019","http://link.springer.com/chapter/10.1007/978-3-030-30508-6_26","Chapter"
"Pruning Convolutional Neural Networks via Stochastic Gradient Hard Thresholding","Pattern Recognition and Computer Vision","","","","10.1007/978-3-030-31654-9_32","Xin YangHaiwei LuHui ShuaiXiao-Tong Yuan","2019","http://link.springer.com/chapter/10.1007/978-3-030-31654-9_32","Chapter"
"MobileCount: An Efficient Encoder-Decoder Framework for Real-Time Crowd Counting","Pattern Recognition and Computer Vision","","","","10.1007/978-3-030-31723-2_50","Chenyu GaoPeng WangYe Gao","2019","http://link.springer.com/chapter/10.1007/978-3-030-31723-2_50","Chapter"
"Optimizing Convolutional Neural Networks for Embedded Systems by Means of Neuroevolution","Theory and Practice of Natural Computing","","","","10.1007/978-3-030-34500-6_7","Filip BadanLukas Sekanina","2019","http://link.springer.com/chapter/10.1007/978-3-030-34500-6_7","Chapter"
"A Multi-modal Deep Learning Method for Classifying Chest Radiology Exams","Progress in Artificial Intelligence","","","","10.1007/978-3-030-30241-2_28","Nelson NunesBruno MartinsNuno André da SilvaFrancisca LeiteMário J. Silva","2019","http://link.springer.com/chapter/10.1007/978-3-030-30241-2_28","Chapter"
"An Axiomatic Approach to Diagnosing Neural IR Models","Advances in Information Retrieval","","","","10.1007/978-3-030-15712-8_32","Daniël RenningsFelipe MoraesClaudia Hauff","2019","http://link.springer.com/chapter/10.1007/978-3-030-15712-8_32","Chapter"
"Improving Generalization Ability of Deep Neural Networks for Visual Recognition Tasks","Computational Color Imaging","","","","10.1007/978-3-030-13940-7_1","Takayuki OkataniXing LiuMasanori Suganuma","2019","http://link.springer.com/chapter/10.1007/978-3-030-13940-7_1","Chapter"
"Joint Optimization of Convolutional Neural Network and Image Preprocessing Selection for Embryo Grade Prediction in In Vitro Fertilization","Advances in Visual Computing","","","","10.1007/978-3-030-33723-0_2","Kento UchidaShota SaitoPanca Dewi PamungkasariYusei KawaiIta Fauzia HanoumFilbert H. JuwonoShinichi Shirakawa","2019","http://link.springer.com/chapter/10.1007/978-3-030-33723-0_2","Chapter"
"Improving Prostate Cancer Detection with Breast Histopathology Images","Digital Pathology","","","","10.1007/978-3-030-23937-4_11","Umair Akhtar Hasan KhanCarolin StürenbergOguzhan GencogluKevin SandemanTimo HeikkinenAntti RannikkoTuomas Mirtti","2019","http://link.springer.com/chapter/10.1007/978-3-030-23937-4_11","Chapter"
"Accelerating Deep Learning Inference on Mobile Systems","Artificial Intelligence and Mobile Services – AIMS 2019","","","","10.1007/978-3-030-23367-9_9","Darian FrajbergCarlo BernaschinaChristian MaronePiero Fraternali","2019","http://link.springer.com/chapter/10.1007/978-3-030-23367-9_9","Chapter"
"Cross Connected Network for Efficient Image Recognition","Computer Vision – ACCV 2018","","","","10.1007/978-3-030-20887-5_4","Lu YangQing SongZuoxin LiYingqi WuXiaojie LiMengjie Hu","2019","http://link.springer.com/chapter/10.1007/978-3-030-20887-5_4","Chapter"
"Fast Structure Learning for Deep Feedforward Networks via Tree Skeleton Expansion","Symbolic and Quantitative Approaches to Reasoning with Uncertainty","","","","10.1007/978-3-030-29765-7_23","Zhourong ChenXiaopeng LiZhiliang TianNevin L. Zhang","2019","http://link.springer.com/chapter/10.1007/978-3-030-29765-7_23","Chapter"
"Meta-learning of Text Classification Tasks","Progress in Pattern Recognition, Image Analysis, Computer Vision, and Applications","","","","10.1007/978-3-030-33904-3_10","Jorge G. MadridHugo Jair Escalante","2019","http://link.springer.com/chapter/10.1007/978-3-030-33904-3_10","Chapter"
"Adversarial Policy Gradient for Deep Learning Image Augmentation","Medical Image Computing and Computer Assisted Intervention – MICCAI 2019","","","","10.1007/978-3-030-32226-7_50","Kaiyang ChengClaudia IriondoFrancesco CaliváJustin KrogueSharmila MajumdarValentina Pedoia","2019","http://link.springer.com/chapter/10.1007/978-3-030-32226-7_50","Chapter"
"Deep Learning for Generic Object Detection: A Survey","International Journal of Computer Vision","","","","10.1007/s11263-019-01247-4","Li LiuWanli OuyangXiaogang WangPaul FieguthJie ChenXinwang LiuMatti Pietikäinen","2019","http://link.springer.com/article/10.1007/s11263-019-01247-4","Article"
"On the automated, evolutionary design of neural networks: past, present, and future","Neural Computing and Applications","","","","10.1007/s00521-019-04160-6","Alejandro BaldominosYago SaezPedro Isasi","2019","http://link.springer.com/article/10.1007/s00521-019-04160-6","Article"
"Prediction of mechanical properties of micro-alloyed steels via neural networks learned by water wave optimization","Neural Computing and Applications","","","","10.1007/s00521-019-04149-1","Ao LiuPeng LiWeiliang SunXudong DengWeigang LiYuntao ZhaoBo Liu","2019","http://link.springer.com/article/10.1007/s00521-019-04149-1","Article"
"Convolutional neural network: a review of models, methodologies and applications to object detection","Progress in Artificial Intelligence","","","","10.1007/s13748-019-00203-0","Anamika DhillonGyanendra K. Verma","2019","http://link.springer.com/article/10.1007/s13748-019-00203-0","Article"
"Evolutionary dataset optimisation: learning algorithm quality through evolution","Applied Intelligence","","","","10.1007/s10489-019-01592-4","Henry WildeVincent KnightJonathan Gillard","2019","http://link.springer.com/article/10.1007/s10489-019-01592-4","Article"
"A survey on Image Data Augmentation for Deep Learning","Journal of Big Data","","6","1","10.1186/s40537-019-0197-0","Connor ShortenTaghi M. Khoshgoftaar","2019","http://link.springer.com/article/10.1186/s40537-019-0197-0","Article"
"HetConv: Beyond Homogeneous Convolution Kernels for Deep CNNs","International Journal of Computer Vision","","","","10.1007/s11263-019-01264-3","Pravendra SinghVinay Kumar VermaPiyush RaiVinay P. Namboodiri","2019","http://link.springer.com/article/10.1007/s11263-019-01264-3","Article"
"A review of modularization techniques in artificial neural networks","Artificial Intelligence Review","","52","1","10.1007/s10462-019-09706-7","Mohammed AmerTomás Maul","2019","http://link.springer.com/article/10.1007/s10462-019-09706-7","Article"
"SSN: Learning Sparse Switchable Normalization via SparsestMax","International Journal of Computer Vision","","","","10.1007/s11263-019-01269-y","Wenqi ShaoJingyu LiJiamin RenRuimao ZhangXiaogang WangPing Luo","2019","http://link.springer.com/article/10.1007/s11263-019-01269-y","Article"
"Identifying twins based on ocular region features using deep representations","Applied Intelligence","","","","10.1007/s10489-019-01562-w","Gunjan GautamAditya RajSusanta Mukhopadhyay","2019","http://link.springer.com/article/10.1007/s10489-019-01562-w","Article"
"A survey on semi-supervised learning","Machine Learning","","","","10.1007/s10994-019-05855-6","Jesper E. van EngelenHolger H. Hoos","2019","http://link.springer.com/article/10.1007/s10994-019-05855-6","Article"
"A general deep learning framework for network reconstruction and dynamics learning","Applied Network Science","","4","1","10.1007/s41109-019-0194-4","Zhang ZhangYi ZhaoJing LiuShuo WangRuyi TaoRuyue XinJiang Zhang","2019","http://link.springer.com/article/10.1007/s41109-019-0194-4","Article"
"Inside 50,000 living rooms: an assessment of global residential ornamentation using transfer learning","EPJ Data Science","","8","1","10.1140/epjds/s13688-019-0182-z","Xi LiuClio AndrisZixuan HuangSohrab Rahimi","2019","http://link.springer.com/article/10.1140/epjds/s13688-019-0182-z","Article"
