Item Title,Publication Title,Book Series Title,Journal Volume,Journal Issue,Item DOI,Authors,Publication Year,URL,Content Type
"An AutoML Approach for the Prediction of Fluid Intelligence from MRI-Derived Features","Adolescent Brain Cognitive Development Neurocognitive Prediction","","","","10.1007/978-3-030-31901-4_12","Sebastian PölsterlBenjamín Gutiérrez-BeckerIgnacio SarasuaAbhijit Guha RoyChristian Wachinger","2019","http://link.springer.com/chapter/10.1007/978-3-030-31901-4_12","Chapter"
"Machine Learning for Cancer Subtype Prediction with FSA Method","Smart Computing and Communication","","","","10.1007/978-3-030-34139-8_39","Yan LiuXu-Dong WangMeikang QiuHui Zhao","2019","http://link.springer.com/chapter/10.1007/978-3-030-34139-8_39","Chapter"
"Deep Learning for Automatic EEG Feature Extraction: An Application in Drivers’ Mental Workload Classification","Human Mental Workload: Models and Applications","","","","10.1007/978-3-030-32423-0_8","Mir Riyanul IslamShaibal BaruaMobyen Uddin AhmedShahina BegumGianluca Di Flumeri","2019","http://link.springer.com/chapter/10.1007/978-3-030-32423-0_8","Chapter"
"Automatic Diagnosis with 12-Lead ECG Signals","Machine Learning and Medical Engineering for Cardiovascular Health and Intravascular Imaging and Computer Assisted Stenting","","","","10.1007/978-3-030-33327-0_4","Ke WangXuan ZhangHaoxi ZhongTing Chen","2019","http://link.springer.com/chapter/10.1007/978-3-030-33327-0_4","Chapter"
"Solving the False Positives Problem in Fraud Prediction Using Automated Feature Engineering","Machine Learning and Knowledge Discovery in Databases","","","","10.1007/978-3-030-10997-4_23","Roy WedgeJames Max KanterKalyan VeeramachaneniSantiago Moral RubioSergio Iglesias Perez","2019","http://link.springer.com/chapter/10.1007/978-3-030-10997-4_23","Chapter"
"“Why Did You Do That?”","Computational Science – ICCS 2019","","","","10.1007/978-3-030-22750-0_27","Görkem PaçacıDavid JohnsonSteve McKeeverAndreas Hamfelt","2019","http://link.springer.com/chapter/10.1007/978-3-030-22750-0_27","Chapter"
"Machine Learning Method for Spinning Cyber-Physical Production System Subject to Condition Monitoring","Cooperative Design, Visualization, and Engineering","","","","10.1007/978-3-030-30949-7_28","Basit FarooqJinsong Bao","2019","http://link.springer.com/chapter/10.1007/978-3-030-30949-7_28","Chapter"
"Data-Driven Android Malware Intelligence: A Survey","Machine Learning for Cyber Security","","","","10.1007/978-3-030-30619-9_14","Junyang QiuSurya NepalWei LuoLei PanYonghang TaiJun ZhangYang Xiang","2019","http://link.springer.com/chapter/10.1007/978-3-030-30619-9_14","Chapter"
"Gender Inference for Facebook Picture Owners","Trust, Privacy and Security in Digital Business","","","","10.1007/978-3-030-27813-7_10","Bizhan AlipourAbdessamad ImineMichaël Rusinowitch","2019","http://link.springer.com/chapter/10.1007/978-3-030-27813-7_10","Chapter"
"Novel Wrapper-Based Feature Selection for Efficient Clinical Decision Support System","Advances in Data Science","","","","10.1007/978-981-13-3582-2_9","R. VanajaSaswati Mukherjee","2019","http://link.springer.com/chapter/10.1007/978-981-13-3582-2_9","Chapter"
"Text Feature Extraction and Selection Based on Attention Mechanism","Advances in Knowledge Discovery and Data Mining","","","","10.1007/978-3-030-16145-3_48","Longxuan MaLei Zhang","2019","http://link.springer.com/chapter/10.1007/978-3-030-16145-3_48","Chapter"
"Product Classification Using Microdata Annotations","The Semantic Web – ISWC 2019","","","","10.1007/978-3-030-30793-6_41","Ziqi ZhangMonica Paramita","2019","http://link.springer.com/chapter/10.1007/978-3-030-30793-6_41","Chapter"
"A Machine Learning Approach to Employability Evaluation Using Handwriting Analysis","Advanced Informatics for Computing Research","","","","10.1007/978-981-13-3140-4_23","Prachi JoshiPranav GhaskadbiSarvesh Tendulkar","2019","http://link.springer.com/chapter/10.1007/978-981-13-3140-4_23","Chapter"
"Predictive Data Transformation Suggestions in Grafterizer Using Machine Learning","Metadata and Semantic Research","","","","10.1007/978-3-030-36599-8_12","Saliha SajidBjørn Marius von ZernichowAhmet SoyluDumitru Roman","2019","http://link.springer.com/chapter/10.1007/978-3-030-36599-8_12","Chapter"
"Algorithmically Generated Domain Detection and Malware Family Classification","Security in Computing and Communications","","","","10.1007/978-981-13-5826-5_50","Chhaya ChoudharyRaaghavi SivaguruMayana PereiraBin YuAnderson C. NascimentoMartine De Cock","2019","http://link.springer.com/chapter/10.1007/978-981-13-5826-5_50","Chapter"
"Reinforcement Learning for Data Preparation with Active Reward Learning","Internet Science","","","","10.1007/978-3-030-34770-3_10","Laure Berti-Equille","2019","http://link.springer.com/chapter/10.1007/978-3-030-34770-3_10","Chapter"
"Learning Hierarchical Weather Data Representation for Short-Term Weather Forecasting Using Autoencoder and Long Short-Term Memory Models","Intelligent Information and Database Systems","","","","10.1007/978-3-030-14799-0_32","Yaya Heryadi","2019","http://link.springer.com/chapter/10.1007/978-3-030-14799-0_32","Chapter"
"Classification of Imagined Digits via Brain-Computer Interface Based on Electroencephalogram","Image and Graphics Technologies and Applications","","","","10.1007/978-981-13-9917-6_44","Melvin HarsonoLie-quan LiangXin-wei ZhengForrest Fabian JesseYi-gang CenWen Jin","2019","http://link.springer.com/chapter/10.1007/978-981-13-9917-6_44","Chapter"
"Decision Support for Security-Control Identification Using Machine Learning","Requirements Engineering: Foundation for Software Quality","","","","10.1007/978-3-030-15538-4_1","Seifeddine BettaiebSeung Yeob ShinMehrdad SabetzadehLionel BriandGrégory NouMichael Garceau","2019","http://link.springer.com/chapter/10.1007/978-3-030-15538-4_1","Chapter"
"Detection and Analysis of Life Style based Diseases in Early Phase of Life: A Survey","Emerging Technologies in Computer Engineering: Microservices in Big Data Analytics","","","","10.1007/978-981-13-8300-7_6","Pankaj Ramakant KunekarMukesh GuptaBasant Agarwal","2019","http://link.springer.com/chapter/10.1007/978-981-13-8300-7_6","Chapter"
"Real-Time Power Performance Prediction in Tour de France","Machine Learning and Data Mining for Sports Analytics","","","","10.1007/978-3-030-17274-9_10","Yasuyuki KataokaPeter Gray","2019","http://link.springer.com/chapter/10.1007/978-3-030-17274-9_10","Chapter"
"Early Detection of Sepsis Induced Deterioration Using Machine Learning","Artificial Intelligence","","","","10.1007/978-3-030-31978-6_1","Francesco Dal CantonVincent M. QuintenMarco A. Wiering","2019","http://link.springer.com/chapter/10.1007/978-3-030-31978-6_1","Chapter"
"Design and Implementation of Non-intrusive Stationary Occupancy Count in Elevator with WiFi","Broadband Communications, Networks, and Systems","","","","10.1007/978-3-030-36442-7_1","Wei ShiUmer TahirHui ZhangJizhong Zhao","2019","http://link.springer.com/chapter/10.1007/978-3-030-36442-7_1","Chapter"
"Adaptive Graph Fusion for Unsupervised Feature Selection","Artificial Neural Networks and Machine Learning – ICANN 2019: Deep Learning","","","","10.1007/978-3-030-30484-3_1","Sijia NiuPengfei ZhuQinghua HuHong Shi","2019","http://link.springer.com/chapter/10.1007/978-3-030-30484-3_1","Chapter"
"High-Dimensional Data Anomaly Detection Framework Based on Feature Extraction of Elastic Network","Machine Learning and Intelligent Communications","","","","10.1007/978-3-030-32388-2_1","Yang ShenJue BoKeXin LiShuo ChenLin QiaoJing Li","2019","http://link.springer.com/chapter/10.1007/978-3-030-32388-2_1","Chapter"
"Detecting Malicious URLs Using a Deep Learning Approach Based on Stacked Denoising Autoencoder","Trusted Computing and Information Security","","","","10.1007/978-981-13-5913-2_23","Huaizhi YanXin ZhangJiangwei XieChangzhen Hu","2019","http://link.springer.com/chapter/10.1007/978-981-13-5913-2_23","Chapter"
"G-ResNet: Improved ResNet for Brain Tumor Classification","Neural Information Processing","","","","10.1007/978-3-030-36708-4_44","Dunsheng LiuYuanning LiuLiyan Dong","2019","http://link.springer.com/chapter/10.1007/978-3-030-36708-4_44","Chapter"
"BinEye: Towards Efficient Binary Authorship Characterization Using Deep Learning","Computer Security – ESORICS 2019","","","","10.1007/978-3-030-29962-0_3","Saed AlrabaeeElMouatez Billah KarbabLingyu WangMourad Debbabi","2019","http://link.springer.com/chapter/10.1007/978-3-030-29962-0_3","Chapter"
"Determining the Best Prediction Accuracy of Software Maintainability Models Using Auto-WEKA","Advances in Data Science, Cyber Security and IT Applications","","","","10.1007/978-3-030-36368-0_6","Hadeel AlsolaiMarc Roper","2019","http://link.springer.com/chapter/10.1007/978-3-030-36368-0_6","Chapter"
"Data Integration and Management in Indian Poultry Sector","Ubiquitous Communications and Network Computing","","","","10.1007/978-3-030-20615-4_7","Susmitha ShankarS. Thangam","2019","http://link.springer.com/chapter/10.1007/978-3-030-20615-4_7","Chapter"
"Automatic Segmentation of Brain Tumor Image Based on Region Growing with Co-constraint","MultiMedia Modeling","","","","10.1007/978-3-030-05710-7_50","Siming CuiXuanjing ShenYingda Lyu","2019","http://link.springer.com/chapter/10.1007/978-3-030-05710-7_50","Chapter"
"Quantitative Analysis of Feature Extraction Techniques for Isolated Word Recognition","Advances in Computing and Data Sciences","","","","10.1007/978-981-13-9942-8_58","Chesta AgarwalPinaki ChakrabortySerena BaraiVaibhav Goyal","2019","http://link.springer.com/chapter/10.1007/978-981-13-9942-8_58","Chapter"
"Addition of Pathway-Based Information to Improve Predictions in Transcriptomics","Bioinformatics and Biomedical Engineering","","","","10.1007/978-3-030-17935-9_19","Daniel UrdaFrancisco J. VeredasIgnacio TuriasLeonardo Franco","2019","http://link.springer.com/chapter/10.1007/978-3-030-17935-9_19","Chapter"
"Android Malware Identification Based on Traffic Analysis","Artificial Intelligence and Security","","","","10.1007/978-3-030-24274-9_26","Rong ChenYangyang LiWeiwei Fang","2019","http://link.springer.com/chapter/10.1007/978-3-030-24274-9_26","Chapter"
"Integrating Convolutional Neural Networks and Probabilistic Graphical Modeling for Epileptic Seizure Detection in Multichannel EEG","Information Processing in Medical Imaging","","","","10.1007/978-3-030-20351-1_22","Jeff CraleyEmily JohnsonArchana Venkataraman","2019","http://link.springer.com/chapter/10.1007/978-3-030-20351-1_22","Chapter"
"Intrusion Detection and Classification with Autoencoded Deep Neural Network","Innovative Security Solutions for Information Technology and Communications","","","","10.1007/978-3-030-12942-2_12","Shahadate RezvyMiltos PetridisAboubaker LasebaeTahmina Zebin","2019","http://link.springer.com/chapter/10.1007/978-3-030-12942-2_12","Chapter"
"EEG-Based Seizure Diagnosis Using Discriminative Fractal Features from Feature Selection","Intelligent Computing Theories and Application","","","","10.1007/978-3-030-26763-6_42","Su YangGang LiJing LuYi SunZhengyu Huang","2019","http://link.springer.com/chapter/10.1007/978-3-030-26763-6_42","Chapter"
"Data Preprocessing for Automatic WMH Segmentation with FCNNs","From Bioinspired Systems and Biomedical Applications to Machine Learning","","","","10.1007/978-3-030-19651-6_44","P. DuqueJ. M. CuadraE. JiménezMariano Rincón-Zamorano","2019","http://link.springer.com/chapter/10.1007/978-3-030-19651-6_44","Chapter"
"Detecting Neurodegenerative Disease from MRI: A Brief Review on a Deep Learning Perspective","Brain Informatics","","","","10.1007/978-3-030-37078-7_12","Manan Binth Taj NoorNusrat Zerin ZeniaM. Shamim KaiserMufti MahmudShamim Al Mamun","2019","http://link.springer.com/chapter/10.1007/978-3-030-37078-7_12","Chapter"
"Fault Detection and Classification for Induction Motors Using Genetic Programming","Genetic Programming","","","","10.1007/978-3-030-16670-0_12","Yu ZhangTing HuXiaodong LiangMohammad Zawad AliMd. Nasmus Sakib Khan Shabbir","2019","http://link.springer.com/chapter/10.1007/978-3-030-16670-0_12","Chapter"
"Bayesian Automatic Relevance Determination for Feature Selection in Credit Default Modelling","Artificial Neural Networks and Machine Learning – ICANN 2019: Workshop and Special Sessions","","","","10.1007/978-3-030-30493-5_42","Rendani MbuvhaIllyes BoulkaibetTshilidzi Marwala","2019","http://link.springer.com/chapter/10.1007/978-3-030-30493-5_42","Chapter"
"A Novel Real-Time EEG Based Eye State Recognition System","Communications and Networking","","","","10.1007/978-3-030-06161-6_17","Zijia ZhouPan LiJianqi LiuWeikuo Dong","2019","http://link.springer.com/chapter/10.1007/978-3-030-06161-6_17","Chapter"
"Users Intention Based on Twitter Features Using Text Analytics","Intelligent Data Engineering and Automated Learning – IDEAL 2019","","","","10.1007/978-3-030-33607-3_14","Qadri MishaelAladdin AyeshIryna Yevseyeva","2019","http://link.springer.com/chapter/10.1007/978-3-030-33607-3_14","Chapter"
"An Approach with Low Redundancy to Network Feature Selection Based on Multiple Order Proximity","PRICAI 2019: Trends in Artificial Intelligence","","","","10.1007/978-3-030-29911-8_14","Hengliang WangYuan LiChenfei ZhaoKedian Mu","2019","http://link.springer.com/chapter/10.1007/978-3-030-29911-8_14","Chapter"
"Research on Security Vulnerabilities Based on Artificial Intelligence","Intelligent Computing Theories and Application","","","","10.1007/978-3-030-26763-6_37","Qian ZhuLiang Liang","2019","http://link.springer.com/chapter/10.1007/978-3-030-26763-6_37","Chapter"
"Open Questions in Testing of Learned Computer Vision Functions for Automated Driving","Computer Safety, Reliability, and Security","","","","10.1007/978-3-030-26250-1_27","Matthias WoehrleChristoph GladischChristian Heinzemann","2019","http://link.springer.com/chapter/10.1007/978-3-030-26250-1_27","Chapter"
"An Algorithm for Detecting the Expressive Musical Gestures of Violinists Based on IMU Signals","Computer Information Systems and Industrial Management","","","","10.1007/978-3-030-28957-7_6","Aleksander SawickiSławomir K. Zieliński","2019","http://link.springer.com/chapter/10.1007/978-3-030-28957-7_6","Chapter"
"A Novel Ensemble Approach for Click-Through Rate Prediction Based on Factorization Machines and Gradient Boosting Decision Trees","Web and Big Data","","","","10.1007/978-3-030-26075-0_12","Xiaochen WangGang HuHaoyang LinJiayu Sun","2019","http://link.springer.com/chapter/10.1007/978-3-030-26075-0_12","Chapter"
"Selecting an Optimal Feature Set for Stance Detection","Analysis of Images, Social Networks and Texts","","","","10.1007/978-3-030-37334-4_22","Sergey VychegzhaninElena RazovaEvgeny KotelnikovVladimir Milov","2019","http://link.springer.com/chapter/10.1007/978-3-030-37334-4_22","Chapter"
"Pedestrian Intention Detection Using Faster RCNN and SSD","Advances in Computing and Data Sciences","","","","10.1007/978-981-13-9942-8_41","Debapriyo Roy ChowdhuryPriya GargVidya N. More","2019","http://link.springer.com/chapter/10.1007/978-981-13-9942-8_41","Chapter"
"Data Cleaning Based on Multi-sensor Spatiotemporal Correlation","Machine Learning and Intelligent Communications","","","","10.1007/978-3-030-32388-2_20","Baozhu ShaoChunhe SongZhongfeng WangZhexi LiShimao YuPeng Zeng","2019","http://link.springer.com/chapter/10.1007/978-3-030-32388-2_20","Chapter"
"A Novel Density-Based Clustering Approach for Outlier Detection in High-Dimensional Data","Hybrid Artificial Intelligent Systems","","","","10.1007/978-3-030-29859-3_28","Thouraya Aouled MessaoudAbir SmitiAymen Louati","2019","http://link.springer.com/chapter/10.1007/978-3-030-29859-3_28","Chapter"
"Semi-automated Augmentation of Pandas DataFrames","Data Mining and Big Data","","","","10.1007/978-981-32-9563-6_8","Steven LyndenWaran Taveekarn","2019","http://link.springer.com/chapter/10.1007/978-981-32-9563-6_8","Chapter"
"Predicting File Lifetimes with Machine Learning","High Performance Computing","","","","10.1007/978-3-030-34356-9_23","Florent MonjaletThomas Leibovici","2019","http://link.springer.com/chapter/10.1007/978-3-030-34356-9_23","Chapter"
"Analysis of Large Scale Power Systems via LASSO Learning Algorithms","Artificial Intelligence and Soft Computing","","","","10.1007/978-3-030-20912-4_59","Mirosław PawlakJiaqing Lv","2019","http://link.springer.com/chapter/10.1007/978-3-030-20912-4_59","Chapter"
"ImHistNet: Learnable Image Histogram Based DNN with Application to Noninvasive Determination of Carcinoma Grades in CT Scans","Medical Image Computing and Computer Assisted Intervention – MICCAI 2019","","","","10.1007/978-3-030-32226-7_15","Mohammad Arafat HussainGhassan HamarnehRafeef Garbi","2019","http://link.springer.com/chapter/10.1007/978-3-030-32226-7_15","Chapter"
"Semantic Assistance System for Providing Smart Services and Reasoning in Aero-Engine Manufacturing","Metadata and Semantic Research","","","","10.1007/978-3-030-36599-8_8","Sonika GogineniKonrad ExnerRainer StarkJonas NickelMarian OelerHeiko Witte","2019","http://link.springer.com/chapter/10.1007/978-3-030-36599-8_8","Chapter"
"The RealEstateCore Ontology","The Semantic Web – ISWC 2019","","","","10.1007/978-3-030-30796-7_9","Karl HammarErik Oskar WallinPer KarlbergDavid Hälleberg","2019","http://link.springer.com/chapter/10.1007/978-3-030-30796-7_9","Chapter"
"Link Prediction Regression for Weighted Co-authorship Networks","Advances in Computational Intelligence","","","","10.1007/978-3-030-20518-8_55","Ilya MakarovOlga Gerasimova","2019","http://link.springer.com/chapter/10.1007/978-3-030-20518-8_55","Chapter"
"Using Artificial Intelligence for Augmentative Alternative Communication for Children with Disabilities","Human-Computer Interaction – INTERACT 2019","","","","10.1007/978-3-030-29381-9_15","Rodica NeamtuAndré CamaraCarlos PereiraRafael Ferreira","2019","http://link.springer.com/chapter/10.1007/978-3-030-29381-9_15","Chapter"
"A Neurally-Guided, Parallel Theorem Prover","Frontiers of Combining Systems","","","","10.1007/978-3-030-29007-8_3","Michael RawsonGiles Reger","2019","http://link.springer.com/chapter/10.1007/978-3-030-29007-8_3","Chapter"
"Athens Urban Soundscape (ATHUS): A Dataset for Urban Soundscape Quality Recognition","MultiMedia Modeling","","","","10.1007/978-3-030-05710-7_28","Theodoros GiannakopoulosMargarita OrfanidiStavros Perantonis","2019","http://link.springer.com/chapter/10.1007/978-3-030-05710-7_28","Chapter"
"Surface Defect Modelling Using Co-occurrence Matrix and Fast Fourier Transformation","Hybrid Artificial Intelligent Systems","","","","10.1007/978-3-030-29859-3_63","Iker Pastor-LópezBorja SanzJosé Gaviria de la PuertaPablo G. Bringas","2019","http://link.springer.com/chapter/10.1007/978-3-030-29859-3_63","Chapter"
"RENET: A Deep Learning Approach for Extracting Gene-Disease Associations from Literature","Research in Computational Molecular Biology","","","","10.1007/978-3-030-17083-7_17","Ye WuRuibang LuoHenry C. M. LeungHing-Fung TingTak-Wah Lam","2019","http://link.springer.com/chapter/10.1007/978-3-030-17083-7_17","Chapter"
"Proof Guidance in PVS with Sequential Pattern Mining","Fundamentals of Software Engineering","","","","10.1007/978-3-030-31517-7_4","M. Saqib NawazMeng SunPhilippe Fournier-Viger","2019","http://link.springer.com/chapter/10.1007/978-3-030-31517-7_4","Chapter"
"Helpfulness Prediction for Online Reviews with Explicit Content-Rating Interaction","Web Information Systems Engineering – WISE 2019","","","","10.1007/978-3-030-34223-4_50","Jiahua DuJia RongHua WangYanchun Zhang","2019","http://link.springer.com/chapter/10.1007/978-3-030-34223-4_50","Chapter"
"Towards General Scheme for Data Sharing Agreements Empowering Privacy-Preserving Data Analysis of Structured CTI","Computer Security","","","","10.1007/978-3-030-12786-2_12","Fabio MartinelliOleksii OsliakAndrea Saracino","2019","http://link.springer.com/chapter/10.1007/978-3-030-12786-2_12","Chapter"
"DDoS attack detection with feature engineering and machine learning: the framework and performance evaluation","International Journal of Information Security","","18","6","10.1007/s10207-019-00434-1","Muhammad AamirSyed Mustafa Ali Zaidi","2019","http://link.springer.com/article/10.1007/s10207-019-00434-1","Article"
"Sarcasm identification in textual data: systematic review, research challenges and open directions","Artificial Intelligence Review","","","","10.1007/s10462-019-09791-8","Christopher Ifeanyi EkeAzah Anir NormanLiyana ShuibHenry Friday Nweke","2019","http://link.springer.com/article/10.1007/s10462-019-09791-8","Article"
"Bibliographic automatic classification algorithm based on semantic space transformation","Multimedia Tools and Applications","","","","10.1007/s11042-019-7400-3","Hua-Feng Yu","2019","http://link.springer.com/article/10.1007/s11042-019-7400-3","Article"
"Research on radar signal recognition based on automatic machine learning","Neural Computing and Applications","","","","10.1007/s00521-019-04494-1","Peng Li","2019","http://link.springer.com/article/10.1007/s00521-019-04494-1","Article"
"Medical image analysis of phosphorylated protein interaction extraction algorithm based on text mining technology","Multimedia Tools and Applications","","","","10.1007/s11042-019-07853-1","Xiaolei MaYang LuYinan LuZhili Pei","2019","http://link.springer.com/article/10.1007/s11042-019-07853-1","Article"
"A survey on sentiment analysis of scientific citations","Artificial Intelligence Review","","52","3","10.1007/s10462-017-9597-8","Abdallah YousifZhendong NiuJohn K. TarusArshad Ahmad","2019","http://link.springer.com/article/10.1007/s10462-017-9597-8","Article"
"A revised framework of machine learning application for optimal activity recognition","Cluster Computing","","22","3","10.1007/s10586-017-1212-x","Mohsin BilalFaisal K. ShaikhMuhammad ArifMudasser F. Wyne","2019","http://link.springer.com/article/10.1007/s10586-017-1212-x","Article"
"A predictive approach based on efficient feature selection and learning algorithms’ competition: Case of learners’ dropout in MOOCs","Education and Information Technologies","","24","6","10.1007/s10639-019-09934-y","Mourdi YoussefSadgal MohammedEl Kabtane HamadaBerrada Fathi Wafaa","2019","http://link.springer.com/article/10.1007/s10639-019-09934-y","Article"
"Segmentation of blood vessels using rule-based and machine-learning-based methods: a review","Multimedia Systems","","25","2","10.1007/s00530-017-0580-7","Fengjun ZhaoYanrong ChenYuqing HouXiaowei He","2019","http://link.springer.com/article/10.1007/s00530-017-0580-7","Article"
"Heterogeneous ensemble learning with feature engineering for default prediction in peer-to-peer lending in China","World Wide Web","","","","10.1007/s11280-019-00676-y","Wei LiShuai DingHao WangYi ChenShanlin Yang","2019","http://link.springer.com/article/10.1007/s11280-019-00676-y","Article"
"A survey on semi-supervised learning","Machine Learning","","","","10.1007/s10994-019-05855-6","Jesper E. van EngelenHolger H. Hoos","2019","http://link.springer.com/article/10.1007/s10994-019-05855-6","Article"
"Survey on deep learning with class imbalance","Journal of Big Data","","6","1","10.1186/s40537-019-0192-5","Justin M. JohnsonTaghi M. Khoshgoftaar","2019","http://link.springer.com/article/10.1186/s40537-019-0192-5","Article"
"Fast and robust retinal biometric key generation using deep neural nets","Multimedia Tools and Applications","","","","10.1007/s11042-019-08507-y","Nilanjana Dutta RoyArindam Biswas","2019","http://link.springer.com/article/10.1007/s11042-019-08507-y","Article"
"Analyzing cognitive processes from complex neuro-physiologically based data: some lessons","Annals of Mathematics and Artificial Intelligence","","","","10.1007/s10472-019-09669-z","Alex FridLarry M. Manevitz","2019","http://link.springer.com/article/10.1007/s10472-019-09669-z","Article"
"Saliency-based selection of visual content for deep convolutional neural networks","Multimedia Tools and Applications","","78","8","10.1007/s11042-018-6515-2","A. Montoya ObesoJ. Benois-PineauM. S. García VázquezA. A. Ramírez Acosta","2019","http://link.springer.com/article/10.1007/s11042-018-6515-2","Article"
"Prediction of intrapartum fetal hypoxia considering feature selection algorithms and machine learning models","Health Information Science and Systems","","7","1","10.1007/s13755-019-0079-z","Zafer CömertAbdulkadir ŞengürÜmit BudakAdnan Fatih Kocamaz","2019","http://link.springer.com/article/10.1007/s13755-019-0079-z","Article"
"Filter-based feature selection in the context of evolutionary neural networks in supervised machine learning","Pattern Analysis and Applications","","","","10.1007/s10044-019-00798-z","Antonio J. Tallón-BallesterosJosé C. RiquelmeRoberto Ruiz","2019","http://link.springer.com/article/10.1007/s10044-019-00798-z","Article"
"Computer-aided diagnosis (CAD) system based on multi-layer feature fusion network for skin lesion recognition in dermoscopy images","Multimedia Tools and Applications","","","","10.1007/s11042-019-07988-1","Ibtissam BakkouriKarim Afdel","2019","http://link.springer.com/article/10.1007/s11042-019-07988-1","Article"
"Refining Parkinson’s neurological disorder identification through deep transfer learning","Neural Computing and Applications","","","","10.1007/s00521-019-04069-0","Amina NaseerMonail RaniSaeeda NazMuhammad Imran RazzakMuhammad ImranGuandong Xu","2019","http://link.springer.com/article/10.1007/s00521-019-04069-0","Article"
"Wavelet based deep learning approach for epilepsy detection","Health Information Science and Systems","","7","1","10.1007/s13755-019-0069-1","Rohan Akut","2019","http://link.springer.com/article/10.1007/s13755-019-0069-1","Article"
"Diabetic retinopathy detection through artificial intelligent techniques: a review and open issues","Multimedia Tools and Applications","","","","10.1007/s11042-018-7044-8","Uzair IshtiaqSameem Abdul KareemErma Rahayu Mohd Faizal AbdullahGhulam MujtabaRashid JahangirHafiz Yasir Ghafoor","2019","http://link.springer.com/article/10.1007/s11042-018-7044-8","Article"
"High-level software requirements and iteration changes: a predictive model","Empirical Software Engineering","","24","3","10.1007/s10664-018-9656-z","Kelly BlincoeAli DehghanAbdoul-Djawadou SalaouAdam NealJohan LinakerDaniela Damian","2019","http://link.springer.com/article/10.1007/s10664-018-9656-z","Article"
"Aspect-based sentiment analysis using deep networks and stochastic optimization","Neural Computing and Applications","","","","10.1007/s00521-019-04105-z","Ravindra KumarHusanbir Singh PannuAvleen Kaur Malhi","2019","http://link.springer.com/article/10.1007/s00521-019-04105-z","Article"
"Hand medical monitoring system based on machine learning and optimal EMG feature set","Personal and Ubiquitous Computing","","","","10.1007/s00779-019-01285-2","Mingchao YuGongfa LiDu JiangGuozhang JiangBo TaoDisi Chen","2019","http://link.springer.com/article/10.1007/s00779-019-01285-2","Article"
"Computer vision based analysis and detection of defects in fruits causes due to nutrients deficiency","Cluster Computing","","","","10.1007/s10586-019-03029-6","YogeshAshwani Kumar DubeyRajeev RatanAlvaro Rocha","2019","http://link.springer.com/article/10.1007/s10586-019-03029-6","Article"
"Machine learning-based classification of cardiac diseases from PCG recorded heart sounds","Neural Computing and Applications","","","","10.1007/s00521-019-04547-5","Anjali YadavAnushikha SinghMalay Kishore DuttaCarlos M. Travieso","2019","http://link.springer.com/article/10.1007/s00521-019-04547-5","Article"
"Semi-supervised stacked autoencoder-based deep hierarchical semantic feature for real-time fingerprint liveness detection","Journal of Real-Time Image Processing","","","","10.1007/s11554-019-00928-0","Chengsheng YuanXianyi ChenPeipeng YuRuohan MengWeijin ChengQ. M. Jonathan WuXingming Sun","2019","http://link.springer.com/article/10.1007/s11554-019-00928-0","Article"
"Quantitative model of irrigation effect on maize yield by deep neural network","Neural Computing and Applications","","","","10.1007/s00521-019-04601-2","Babak SaraviA. Pouyan NejadhashemiBo Tang","2019","http://link.springer.com/article/10.1007/s00521-019-04601-2","Article"
"The Pragmatic Turn in Explainable Artificial Intelligence (XAI)","Minds and Machines","","29","3","10.1007/s11023-019-09502-w","Andrés Páez","2019","http://link.springer.com/article/10.1007/s11023-019-09502-w","Article"
"Transfer learning in constructive induction with Genetic Programming","Genetic Programming and Evolvable Machines","","","","10.1007/s10710-019-09368-y","Luis MuñozLeonardo TrujilloSara Silva","2019","http://link.springer.com/article/10.1007/s10710-019-09368-y","Article"
"DermoDeep-A classification of melanoma-nevus skin lesions using multi-feature fusion of visual features and deep neural network","Multimedia Tools and Applications","","78","16","10.1007/s11042-019-7652-y","Qaisar AbbasM. Emre Celebi","2019","http://link.springer.com/article/10.1007/s11042-019-7652-y","Article"
"SISS-Geo: Leveraging Citizen Science to Monitor Wildlife Health Risks in Brazil","Journal of Healthcare Informatics Research","","3","4","10.1007/s41666-019-00055-2","Marcia ChameHelio J. C. BarbosaLuiz M. R. Gadelha Jr.Douglas A. AugustoEduardo KrempserLivia Abdalla","2019","http://link.springer.com/article/10.1007/s41666-019-00055-2","Article"
"Feature selection using binary grey wolf optimizer with elite-based crossover for Arabic text classification","Neural Computing and Applications","","","","10.1007/s00521-019-04368-6","Hamouda ChantarMajdi MafarjaHamad AlsawalqahAli Asghar HeidariIbrahim AljarahHossam Faris","2019","http://link.springer.com/article/10.1007/s00521-019-04368-6","Article"
"Evaluating the performance of sentence level features and domain sensitive features of product reviews on supervised sentiment analysis tasks","Journal of Big Data","","6","1","10.1186/s40537-019-0246-8","Bagus Setya RintyarnaRiyanarto SarnoChastine Fatichah","2019","http://link.springer.com/article/10.1186/s40537-019-0246-8","Article"
"Sentiment analysis using deep learning architectures: a review","Artificial Intelligence Review","","","","10.1007/s10462-019-09794-5","Ashima YadavDinesh Kumar Vishwakarma","2019","http://link.springer.com/article/10.1007/s10462-019-09794-5","Article"
"Accurate classification of socially generated medical discourse","International Journal of Data Science and Analytics","","8","4","10.1007/s41060-018-0128-8","Rana AlnashwanHumphrey SorensenAdrian O’RiordanCathal Hoare","2019","http://link.springer.com/article/10.1007/s41060-018-0128-8","Article"
"Online Feature Selection (OFS) with Accelerated Bat Algorithm (ABA) and Ensemble Incremental Deep Multiple Layer Perceptron (EIDMLP) for big data streams","Journal of Big Data","","6","1","10.1186/s40537-019-0267-3","D. Renuka DeviS. Sasikala","2019","http://link.springer.com/article/10.1186/s40537-019-0267-3","Article"
"Modeling and classification of voluntary and imagery movements for brain–computer interface from fNIR and EEG signals through convolutional neural network","Health Information Science and Systems","","7","1","10.1007/s13755-019-0081-5","Md. Asadur RahmanMohammad Shorif UddinMohiuddin Ahmad","2019","http://link.springer.com/article/10.1007/s13755-019-0081-5","Article"
"An efficient FMRI classification technique in cloud using multiple parallel feature selection algorithm","Cluster Computing","","22","5","10.1007/s10586-017-1509-9","M. Pachhaiammal@PriyaS. P. Rajagopalan","2019","http://link.springer.com/article/10.1007/s10586-017-1509-9","Article"
"Predicting kidney transplantation outcome based on hybrid feature selection and KNN classifier","Multimedia Tools and Applications","","78","14","10.1007/s11042-019-7370-5","Dalia M. AtallahMohammed BadawyAyman El-SayedMohamed A. Ghoneim","2019","http://link.springer.com/article/10.1007/s11042-019-7370-5","Article"
"Improved object recognition results using SIFT and ORB feature detector","Multimedia Tools and Applications","","78","23","10.1007/s11042-019-08232-6","Surbhi GuptaMunish KumarAnupam Garg","2019","http://link.springer.com/article/10.1007/s11042-019-08232-6","Article"
"Malware detection based on deep learning algorithm","Neural Computing and Applications","","31","2","10.1007/s00521-017-3077-6","Ding YuxinZhu Siyi","2019","http://link.springer.com/article/10.1007/s00521-017-3077-6","Article"
"Breast Cancer Multi-classification through Deep Neural Network and Hierarchical Classification Approach","Multimedia Tools and Applications","","","","10.1007/s11042-019-7525-4","Ghulam MurtazaLiyana ShuibGhulam MujtabaGhulam Raza","2019","http://link.springer.com/article/10.1007/s11042-019-7525-4","Article"
"Generating automatically labeled data for author name disambiguation: an iterative clustering method","Scientometrics","","118","1","10.1007/s11192-018-2968-3","Jinseok KimJinmo KimJason Owen-Smith","2019","http://link.springer.com/article/10.1007/s11192-018-2968-3","Article"
"A review on the self and dual interactions between machine learning and optimisation","Progress in Artificial Intelligence","","8","2","10.1007/s13748-019-00185-z","Heda SongIsaac TrigueroEnder Özcan","2019","http://link.springer.com/article/10.1007/s13748-019-00185-z","Article"
"A nature-inspired biomarker for mental concentration using a single-channel EEG","Neural Computing and Applications","","","","10.1007/s00521-019-04574-2","Sebastián BasterrechPavel Krömer","2019","http://link.springer.com/article/10.1007/s00521-019-04574-2","Article"
"Tuberculosis (TB) detection system using deep neural networks","Neural Computing and Applications","","31","5","10.1007/s00521-018-3564-4","R. Dinesh Jackson SamuelB. Rajesh Kanna","2019","http://link.springer.com/article/10.1007/s00521-018-3564-4","Article"
"Iterative tighter nonparallel hyperplane support vector clustering with simultaneous feature selection","Cluster Computing","","22","4","10.1007/s10586-017-1587-8","Jiayan FangQiao LiuZhiguang Qin","2019","http://link.springer.com/article/10.1007/s10586-017-1587-8","Article"
"Arabic named entity recognition via deep co-learning","Artificial Intelligence Review","","52","1","10.1007/s10462-019-09688-6","Chadi HelweShady Elbassuoni","2019","http://link.springer.com/article/10.1007/s10462-019-09688-6","Article"
"Computerized acoustical techniques for respiratory flow-sound analysis: a systematic review","Artificial Intelligence Review","","","","10.1007/s10462-019-09769-6","Priya Devi MuthusamyKenneth SundarajNurulfajar Abd Manap","2019","http://link.springer.com/article/10.1007/s10462-019-09769-6","Article"
"Moth–flame optimization algorithm: variants and applications","Neural Computing and Applications","","","","10.1007/s00521-019-04570-6","Mohammad ShehabLaith AbualigahHusam Al HamadHamzeh AlaboolMohammad AlshinwanAhmad M. Khasawneh","2019","http://link.springer.com/article/10.1007/s00521-019-04570-6","Article"
"Survey and study on intelligent monitoring and health management for large civil structure","International Journal of Intelligent Robotics and Applications","","3","3","10.1007/s41315-019-00079-2","Liman YangChenyao FuYunhua LiLianming Su","2019","http://link.springer.com/article/10.1007/s41315-019-00079-2","Article"
"Feature recognition of motor imaging EEG signals based on deep learning","Personal and Ubiquitous Computing","","23","3 - 4","10.1007/s00779-019-01250-z","Tianwei ShiLing RenWenhua Cui","2019","http://link.springer.com/article/10.1007/s00779-019-01250-z","Article"
"A framework for retinal vessel segmentation from fundus images using hybrid feature set and hierarchical classification","Signal, Image and Video Processing","","13","2","10.1007/s11760-018-1366-x","Sunder Ali KhowajaParus KhuwajaImdad Ali Ismaili","2019","http://link.springer.com/article/10.1007/s11760-018-1366-x","Article"
"Deep learning-based breast cancer classification through medical imaging modalities: state of the art and research challenges","Artificial Intelligence Review","","","","10.1007/s10462-019-09716-5","Ghulam MurtazaLiyana ShuibAinuddin Wahid Abdul WahabGhulam MujtabaGhulam MujtabaHenry Friday NwekeMohammed Ali Al-garadiFariha ZulfiqarGhulam RazaNor Aniza Azmi","2019","http://link.springer.com/article/10.1007/s10462-019-09716-5","Article"
"Review of English literature on figurative language applied to social networks","Knowledge and Information Systems","","","","10.1007/s10115-019-01425-3","María del Pilar Salas-ZárateGiner Alor-HernándezJosé Luis Sánchez-CervantesMario Andrés Paredes-ValverdeJorge Luis García-AlcarazRafael Valencia-García","2019","http://link.springer.com/article/10.1007/s10115-019-01425-3","Article"
"A machine learning attack against variable-length Chinese character CAPTCHAs","Applied Intelligence","","49","4","10.1007/s10489-018-1342-8","Xing WuShuji DaiYike GuoHamido Fujita","2019","http://link.springer.com/article/10.1007/s10489-018-1342-8","Article"
"Robustness of radiomic features in magnetic resonance imaging: review and a phantom study","Visual Computing for Industry, Biomedicine, and Art","","2","1","10.1186/s42492-019-0025-6","Renee CattellShenglan ChenChuan Huang","2019","http://link.springer.com/article/10.1186/s42492-019-0025-6","Article"
"Tradeoffs in modeling performance of highly configurable software systems","Software & Systems Modeling","","18","3","10.1007/s10270-018-0662-9","Sergiy KolesnikovNorbert SiegmundChristian KästnerAlexander GrebhahnSven Apel","2019","http://link.springer.com/article/10.1007/s10270-018-0662-9","Article"
"Inference of node attributes from social network assortativity","Neural Computing and Applications","","","","10.1007/s00521-018-03967-z","Dounia MuldersCyril de BodtJohannes BjellandAlex PentlandMichel VerleysenYves-Alexandre de Montjoye","2019","http://link.springer.com/article/10.1007/s00521-018-03967-z","Article"
"Diabetes prediction in healthcare systems using machine learning algorithms on Hadoop cluster","Cluster Computing","","22","1","10.1007/s10586-017-1532-x","N. YuvarajK. R. SriPreethaa","2019","http://link.springer.com/article/10.1007/s10586-017-1532-x","Article"
"The dissimilarity approach: a review","Artificial Intelligence Review","","","","10.1007/s10462-019-09746-z","Yandre M. G. CostaDiego BertoliniAlceu S. Britto Jr.George D. C. CavalcantiLuiz E. S. Oliveira","2019","http://link.springer.com/article/10.1007/s10462-019-09746-z","Article"
"DeeptransMap: a considerably deep transmission estimation network for single image dehazing","Multimedia Tools and Applications","","78","21","10.1007/s11042-018-6536-x","Jing HuangWen JiangLin LiYuanqiao WenGaojing Zhou","2019","http://link.springer.com/article/10.1007/s11042-018-6536-x","Article"
"Second Order Training and Sizing for the Multilayer Perceptron","Neural Processing Letters","","","","10.1007/s11063-019-10116-7","Kanishka TyagiSon NguyenRohit RawatMichael Manry","2019","http://link.springer.com/article/10.1007/s11063-019-10116-7","Article"
"Concept drift over geological times: predictive modeling baselines for analyzing the mammalian fossil record","Data Mining and Knowledge Discovery","","33","3","10.1007/s10618-018-0606-6","Indrė Žliobaitė","2019","http://link.springer.com/article/10.1007/s10618-018-0606-6","Article"
"A deep learning approach to automatic road surface monitoring and pothole detection","Personal and Ubiquitous Computing","","","","10.1007/s00779-019-01234-z","Braian VaronaAriel MonteserinAlfredo Teyseyre","2019","http://link.springer.com/article/10.1007/s00779-019-01234-z","Article"
"Deep learning models for brain machine interfaces","Annals of Mathematics and Artificial Intelligence","","","","10.1007/s10472-019-09668-0","Lachezar BozhkovPetia Georgieva","2019","http://link.springer.com/article/10.1007/s10472-019-09668-0","Article"
"Surveillance video online prediction using multilayer ELM with object principal trajectory","Signal, Image and Video Processing","","13","6","10.1007/s11760-019-01471-y","Haiyang YuJian WangXiaoying Sun","2019","http://link.springer.com/article/10.1007/s11760-019-01471-y","Article"
"Understanding NFC-Net: a deep learning approach to word-level handwritten Indic script recognition","Neural Computing and Applications","","","","10.1007/s00521-019-04235-4","Soumyadeep KunduSayantan PaulPawan Kumar SinghRam SarkarMita Nasipuri","2019","http://link.springer.com/article/10.1007/s00521-019-04235-4","Article"
"Automated recognition of lung diseases in CT images based on the optimum-path forest classifier","Neural Computing and Applications","","31","2","10.1007/s00521-017-3048-y","Pedro P. Rebouças FilhoAntônio C. da Silva BarrosGeraldo L. B. RamalhoClayton R. PereiraJoão Paulo PapaVictor Hugo C. de AlbuquerqueJoão Manuel R. S. Tavares","2019","http://link.springer.com/article/10.1007/s00521-017-3048-y","Article"
"DCADE: divide and conquer alignment with dynamic encoding for full page data extraction","Applied Intelligence","","","","10.1007/s10489-019-01499-0","Oviliani Yenty YulianaChia-Hui Chang","2019","http://link.springer.com/article/10.1007/s10489-019-01499-0","Article"
"Taxonomy-aware collaborative denoising autoencoder for personalized recommendation","Applied Intelligence","","49","6","10.1007/s10489-018-1378-9","Chunhong ZhangTiantian LiZhibin RenZheng HuYang Ji","2019","http://link.springer.com/article/10.1007/s10489-018-1378-9","Article"
"Age invariant face recognition: a survey on facial aging databases, techniques and effect of aging","Artificial Intelligence Review","","52","2","10.1007/s10462-018-9661-z","Manisha M. SawantKishor M. Bhurchandi","2019","http://link.springer.com/article/10.1007/s10462-018-9661-z","Article"
"Transfer Learning for Clinical Time Series Analysis Using Deep Neural Networks","Journal of Healthcare Informatics Research","","","","10.1007/s41666-019-00062-3","Priyanka GuptaPankaj MalhotraJyoti NarwariyaLovekesh VigGautam Shroff","2019","http://link.springer.com/article/10.1007/s41666-019-00062-3","Article"
"Aspect based citation sentiment analysis using linguistic patterns for better comprehension of scientific knowledge","Scientometrics","","119","1","10.1007/s11192-019-03028-9","Muhammad Touseef IkramMuhammad Tanvir Afzal","2019","http://link.springer.com/article/10.1007/s11192-019-03028-9","Article"
"Automatic segmentation of liver & lesion detection using H-minima transform and connecting component labeling","Multimedia Tools and Applications","","","","10.1007/s11042-019-7347-4","Nazish KhanImran AhmedMahreen KiranHamoodur RehmanSadia DinAnand PaulAlavalapati Goutham Reddy","2019","http://link.springer.com/article/10.1007/s11042-019-7347-4","Article"
"ARA: Aggregated RAPPOR and Analysis for Centralized Differential Privacy","SN Computer Science","","1","1","10.1007/s42979-019-0023-y","Sudipta PaulSubhankar Mishra","2019","http://link.springer.com/article/10.1007/s42979-019-0023-y","Article"
