Item Title,Publication Title,Book Series Title,Journal Volume,Journal Issue,Item DOI,Authors,Publication Year,URL,Content Type
"ANAS: Sentence Similarity Calculation Based on Automatic Neural Architecture Search","Intelligence Science III","","","","10.1007/978-3-030-74826-5_16","Dong-Sheng WangCui-Ping ZhaoQi WangKwame Dwomoh OforiBin HanGa-Qiong LiuShi WangHua-Yu WangJing Zhang","2021","http://link.springer.com/chapter/10.1007/978-3-030-74826-5_16","Chapter"
"Neural Architecture Search for Optimization of Spatial-Temporal Brain Network Decomposition","Medical Image Computing and Computer Assisted Intervention – MICCAI 2020","","","","10.1007/978-3-030-59728-3_37","Qing LiWei ZhangJinglei LvXia WuTianming Liu","2020","http://link.springer.com/chapter/10.1007/978-3-030-59728-3_37","Chapter"
"MEMA-NAS: Memory-Efficient Multi-Agent Neural Architecture Search","Pattern Recognition and Computer Vision","","","","10.1007/978-3-030-88013-2_15","Qi KongXin XuLiangliang Zhang","2021","http://link.springer.com/chapter/10.1007/978-3-030-88013-2_15","Chapter"
"NAS-WFPN: Neural Architecture Search Weighted Feature Pyramid Networks for Object Detection","Security, Privacy, and Anonymity in Computation, Communication, and Storage","","","","10.1007/978-3-030-68884-4_32","Xiaohan LiZiyan XieTaotao LaiFusheng ZhaoHaiyin XuRiqing Chen","2021","http://link.springer.com/chapter/10.1007/978-3-030-68884-4_32","Chapter"
"Neural Architecture Search Using Multi-objective Evolutionary Algorithm Based on Decomposition","Artificial Intelligence Algorithms and Applications","","","","10.1007/978-981-15-5577-0_11","Weiqin YingKaijie ZhengYu WuJunhui LiXin Xu","2020","http://link.springer.com/chapter/10.1007/978-981-15-5577-0_11","Chapter"
"Efficient Evolutionary Deep Neural Architecture Search (NAS) by Noisy Network Morphism Mutation","Bio-inspired Computing: Theories and Applications","","","","10.1007/978-981-15-3415-7_41","Yiming ChenTianci PanCheng HeRan Cheng","2020","http://link.springer.com/chapter/10.1007/978-981-15-3415-7_41","Chapter"
"EEGNAS: Neural Architecture Search for Electroencephalography Data Analysis and Decoding","Human Brain and Artificial Intelligence","","","","10.1007/978-981-15-1398-5_1","Elad RapaportOren ShrikiRami Puzis","2019","http://link.springer.com/chapter/10.1007/978-981-15-1398-5_1","Chapter"
"Local Search is a Remarkably Strong Baseline for Neural Architecture Search","Evolutionary Multi-Criterion Optimization","","","","10.1007/978-3-030-72062-9_37","Tom Den OttelanderArkadiy DushatskiyMarco VirgolinPeter A. N. Bosman","2021","http://link.springer.com/chapter/10.1007/978-3-030-72062-9_37","Chapter"
"Person Re-identification with Neural Architecture Search","Pattern Recognition and Computer Vision","","","","10.1007/978-3-030-31654-9_46","Shizhou ZhangRui CaoXing WeiPeng WangYanning Zhang","2019","http://link.springer.com/chapter/10.1007/978-3-030-31654-9_46","Chapter"
"Training-Free Multi-objective Evolutionary Neural Architecture Search via Neural Tangent Kernel and Number of Linear Regions","Neural Information Processing","","","","10.1007/978-3-030-92270-2_29","Tu DoNgoc Hoang Luong","2021","http://link.springer.com/chapter/10.1007/978-3-030-92270-2_29","Chapter"
"CNASV: A Convolutional Neural Architecture Search-Train Prototype for Computer Vision Task","Collaborative Computing: Networking, Applications and Worksharing","","","","10.1007/978-3-030-30146-0_26","Tianbao ZhouYu WengGuosheng Yang","2019","http://link.springer.com/chapter/10.1007/978-3-030-30146-0_26","Chapter"
"Deep Learning Architecture Search by Neuro-Cell-Based Evolution with Function-Preserving Mutations","Machine Learning and Knowledge Discovery in Databases","","","","10.1007/978-3-030-10928-8_15","Martin Wistuba","2019","http://link.springer.com/chapter/10.1007/978-3-030-10928-8_15","Chapter"
"MS-NAS: Multi-scale Neural Architecture Search for Medical Image Segmentation","Medical Image Computing and Computer Assisted Intervention – MICCAI 2020","","","","10.1007/978-3-030-59710-8_38","Xingang YanWeiwen JiangYiyu ShiCheng Zhuo","2020","http://link.springer.com/chapter/10.1007/978-3-030-59710-8_38","Chapter"
"Efficient Evolutionary Neural Architecture Search (NAS) by Modular Inheritable Crossover","Bio-inspired Computing: Theories and Applications","","","","10.1007/978-981-15-3425-6_61","Hao TanCheng HeDexuan TangRan Cheng","2020","http://link.springer.com/chapter/10.1007/978-981-15-3425-6_61","Chapter"
"DA-NAS: Data Adapted Pruning for Efficient Neural Architecture Search","Computer Vision – ECCV 2020","","","","10.1007/978-3-030-58583-9_35","Xiyang DaiDongdong ChenMengchen LiuYinpeng ChenLu Yuan","2020","http://link.springer.com/chapter/10.1007/978-3-030-58583-9_35","Chapter"
"Neural Predictor for Neural Architecture Search","Computer Vision – ECCV 2020","","","","10.1007/978-3-030-58526-6_39","Wei WenHanxiao LiuYiran ChenHai LiGabriel BenderPieter-Jan Kindermans","2020","http://link.springer.com/chapter/10.1007/978-3-030-58526-6_39","Chapter"
"Resource Optimized Neural Architecture Search for 3D Medical Image Segmentation","Medical Image Computing and Computer Assisted Intervention – MICCAI 2019","","","","10.1007/978-3-030-32245-8_26","Woong BaeSeungho LeeYeha LeeBeomhee ParkMinki ChungKyu-Hwan Jung","2019","http://link.springer.com/chapter/10.1007/978-3-030-32245-8_26","Chapter"
"Research Challenges in Off-Line Ancient Handwriting Recognition – A Deep Learning Approach","Advanced Manufacturing and Automation X","","","","10.1007/978-981-33-6318-2_51","Yi WangChen WangBo Chen","2021","http://link.springer.com/chapter/10.1007/978-981-33-6318-2_51","Chapter"
"Traditional and Accelerated Gradient Descent for Neural Architecture Search","Geometric Science of Information","","","","10.1007/978-3-030-80209-7_55","Nicolás García TrillosFélix MoralesJavier Morales","2021","http://link.springer.com/chapter/10.1007/978-3-030-80209-7_55","Chapter"
"Two to Trust: AutoML for Safe Modelling and Interpretable Deep Learning for Robustness","Trustworthy AI - Integrating Learning, Optimization and Reasoning","","","","10.1007/978-3-030-73959-1_23","Mohammadreza AmirianLukas TuggenerRicardo ChavarriagaYvan Putra SatyawanFrank-Peter SchillingFriedhelm SchwenkerThilo Stadelmann","2021","http://link.springer.com/chapter/10.1007/978-3-030-73959-1_23","Chapter"
"Marginal Space Deep Learning: Efficient Architecture for Detection in Volumetric Image Data","Medical Image Computing and Computer-Assisted Intervention -- MICCAI 2015","","","","10.1007/978-3-319-24553-9_87","Florin C. GhesuBogdan GeorgescuYefeng ZhengJoachim HorneggerDorin Comaniciu","2015","http://link.springer.com/chapter/10.1007/978-3-319-24553-9_87","Chapter"
"3D Conceptual Design Using Deep Learning","Advances in Computer Vision","","","","10.1007/978-3-030-17795-9_2","Zhangsihao YangHaoliang JiangLan Zou","2020","http://link.springer.com/chapter/10.1007/978-3-030-17795-9_2","Chapter"
"Moderate Resolution Imaging Spectroradiometer Products Classification Using Deep Learning","Telematics and Computing","","","","10.1007/978-3-030-33229-7_6","Javier Arellano-Verdejo","2019","http://link.springer.com/chapter/10.1007/978-3-030-33229-7_6","Chapter"
"Audio-Video Based Multimodal Emotion Recognition Using SVMs and Deep Learning","Pattern Recognition","","","","10.1007/978-981-10-3005-5_51","Bo SunQihua XuJun HeLejun YuLiandong LiQinglan Wei","2016","http://link.springer.com/chapter/10.1007/978-981-10-3005-5_51","Chapter"
"A Deep Learning Approach to Device-Free People Counting from WiFi Signals","Intelligent Distributed Computing XII","","","","10.1007/978-3-319-99626-4_24","Iker SobronJavier Del SerIñaki EizmendiManuel Velez","2018","http://link.springer.com/chapter/10.1007/978-3-319-99626-4_24","Chapter"
"Automated Machine Learning: Techniques and Frameworks","Big Data Management and Analytics","","","","10.1007/978-3-030-61627-4_3","Radwa ElshawiSherif Sakr","2020","http://link.springer.com/chapter/10.1007/978-3-030-61627-4_3","Chapter"
"ALGNN: Auto-Designed Lightweight Graph Neural Network","PRICAI 2021: Trends in Artificial Intelligence","","","","10.1007/978-3-030-89188-6_37","Rongshen CaiQian TaoYufei TangMin Shi","2021","http://link.springer.com/chapter/10.1007/978-3-030-89188-6_37","Chapter"
"Comparison of Neural Network Optimizers for Relative Ranking Retention Between Neural Architectures","Artificial Intelligence Applications and Innovations","","","","10.1007/978-3-030-19823-7_22","George KyriakidesKonstantinos Margaritis","2019","http://link.springer.com/chapter/10.1007/978-3-030-19823-7_22","Chapter"
"Multiobjective Evolution for Convolutional Neural Network Architecture Search","Artificial Intelligence and Soft Computing","","","","10.1007/978-3-030-61401-0_25","Petra VidnerováŠtěpán ProcházkaRoman Neruda","2020","http://link.springer.com/chapter/10.1007/978-3-030-61401-0_25","Chapter"
"AutoGraph: Automated Graph Neural Network","Neural Information Processing","","","","10.1007/978-3-030-63833-7_16","Yaoman LiIrwin King","2020","http://link.springer.com/chapter/10.1007/978-3-030-63833-7_16","Chapter"
"Distributed Evolution of Deep Autoencoders","Intelligent Computing","","","","10.1007/978-3-030-80119-9_6","Jeff HajewskiSuely OliveiraXiaoyu Xing","2022","http://link.springer.com/chapter/10.1007/978-3-030-80119-9_6","Chapter"
"Searching Efficient 3D Architectures with Sparse Point-Voxel Convolution","Computer Vision – ECCV 2020","","","","10.1007/978-3-030-58604-1_41","Haotian TangZhijian LiuShengyu ZhaoYujun LinJi LinHanrui WangSong Han","2020","http://link.springer.com/chapter/10.1007/978-3-030-58604-1_41","Chapter"
"Controlling Model Complexity in Probabilistic Model-Based Dynamic Optimization of Neural Network Structures","Artificial Neural Networks and Machine Learning – ICANN 2019: Deep Learning","","","","10.1007/978-3-030-30484-3_33","Shota SaitoShinichi Shirakawa","2019","http://link.springer.com/chapter/10.1007/978-3-030-30484-3_33","Chapter"
"Evolving Character-Level DenseNet Architectures Using Genetic Programming","Applications of Evolutionary Computation","","","","10.1007/978-3-030-72699-7_42","Trevor LondtXiaoying GaoPeter Andreae","2021","http://link.springer.com/chapter/10.1007/978-3-030-72699-7_42","Chapter"
"Cooperative Observation of Smart Target Agents","Intelligent Systems","","","","10.1007/978-3-030-61380-8_6","Matheus S. AraújoThayanne F. da SilvaVinícius A. SampaioGabriel F. L. MeloRaimundo J. Ferro JuniorLeonardo F. da CostaJoao P. B. AndradeGustavo A. L. de Campos","2020","http://link.springer.com/chapter/10.1007/978-3-030-61380-8_6","Chapter"
"Constrained Evolutionary Piecemeal Training to Design Convolutional Neural Networks","Trends in Artificial Intelligence Theory and Applications. Artificial Intelligence Practices","","","","10.1007/978-3-030-55789-8_61","Dolly SapraAndy D. Pimentel","2020","http://link.springer.com/chapter/10.1007/978-3-030-55789-8_61","Chapter"
"Neural Architecture Performance Prediction Using Graph Neural Networks","Pattern Recognition","","","","10.1007/978-3-030-71278-5_14","Jovita LukasikDavid FriedeHeiner StuckenschmidtMargret Keuper","2021","http://link.springer.com/chapter/10.1007/978-3-030-71278-5_14","Chapter"
"ESAE: Evolutionary Strategy-Based Architecture Evolution","Bio-inspired Computing: Theories and Applications","","","","10.1007/978-981-15-3425-6_16","Xue GuZiyao MengYanchun LiangDong XuHan HuangXiaosong HanChunguo Wu","2020","http://link.springer.com/chapter/10.1007/978-981-15-3425-6_16","Chapter"
"An Evolved Recurrent Neural Network and Its Application","Advances in Natural Computation","","","","10.1007/11539087_11","Chunkai ZhangHong Hu","2005","http://link.springer.com/chapter/10.1007/11539087_11","Chapter"
"CascadeML: An Automatic Neural Network Architecture Evolution and Training Algorithm for Multi-label Classification (Best Technical Paper)","Artificial Intelligence XXXVI","","","","10.1007/978-3-030-34885-4_1","Arjun PakrashiBrian Mac Namee","2019","http://link.springer.com/chapter/10.1007/978-3-030-34885-4_1","Chapter"
"D-GHNAS for Joint Intent Classification and Slot Filling","Web and Big Data","","","","10.1007/978-3-030-60259-8_58","Yanxi TangJianzong WangXiaoyang QuNan ZhangJing Xiao","2020","http://link.springer.com/chapter/10.1007/978-3-030-60259-8_58","Chapter"
"Automatically Designing Convolutional Neural Network Architecture with Artificial Flora Algorithm","ICT Systems and Sustainability","","","","10.1007/978-981-15-0936-0_39","Timea BezdanEva TubaIvana StrumbergerNebojsa BacaninMilan Tuba","2020","http://link.springer.com/chapter/10.1007/978-981-15-0936-0_39","Chapter"
"The Potential of Machine Learning Algorithms for Sentiment Classification of Students’ Feedback on MOOC","Intelligent Systems and Applications","","","","10.1007/978-3-030-82199-9_2","Maryam EdalatiAli Shariq ImranZenun KastratiSher Muhammad Daudpota","2022","http://link.springer.com/chapter/10.1007/978-3-030-82199-9_2","Chapter"
"Evolutionary Cellular Configurations for Designing Feed-Forward Neural Networks Architectures","Connectionist Models of Neurons, Learning Processes, and Artificial Intelligence","","","","10.1007/3-540-45720-8_61","G. GutiérrezP. IsasiJ. M. MolinaA. SanchísI. M. Galván","2001","http://link.springer.com/chapter/10.1007/3-540-45720-8_61","Chapter"
"Meta-Learning Evolutionary Artificial Neural Networks Using Cellular Configurations: Experimental Works","Intelligent Computing","","","","10.1007/11816157_18","Asma Abu SalahYahya Al-Salqan","2006","http://link.springer.com/chapter/10.1007/11816157_18","Chapter"
"TF-NAS: Rethinking Three Search Freedoms of Latency-Constrained Differentiable Neural Architecture Search","Computer Vision – ECCV 2020","","","","10.1007/978-3-030-58555-6_8","Yibo HuXiang WuRan He","2020","http://link.springer.com/chapter/10.1007/978-3-030-58555-6_8","Chapter"
"Angle-Based Search Space Shrinking for Neural Architecture Search","Computer Vision – ECCV 2020","","","","10.1007/978-3-030-58529-7_8","Yiming HuYuding LiangZichao GuoRuosi WanXiangyu ZhangYichen WeiQingyi GuJian Sun","2020","http://link.springer.com/chapter/10.1007/978-3-030-58529-7_8","Chapter"
"A High-Speed Neural Architecture Search Considering the Number of Weights","KI 2021: Advances in Artificial Intelligence","","","","10.1007/978-3-030-87626-5_9","Fuyuka YamadaSatoki TsujiHiroshi KawaguchiAtsuki InoueYasufumi Sakai","2021","http://link.springer.com/chapter/10.1007/978-3-030-87626-5_9","Chapter"
"Image Compressed Sensing Using Neural Architecture Search","Big Data","","","","10.1007/978-981-16-0705-9_2","Nan ZhangJianzong WangXiaoyang QuJing Xiao","2021","http://link.springer.com/chapter/10.1007/978-981-16-0705-9_2","Chapter"
"Neural Architecture Search for Microscopy Cell Segmentation","Machine Learning in Medical Imaging","","","","10.1007/978-3-030-59861-7_55","Yanming ZhuErik Meijering","2020","http://link.springer.com/chapter/10.1007/978-3-030-59861-7_55","Chapter"
"FTR-NAS: Fault-Tolerant Recurrent Neural Architecture Search","Neural Information Processing","","","","10.1007/978-3-030-63823-8_67","Kai HuDong DingShuo TianRui GongLi LuoLei Wang","2020","http://link.springer.com/chapter/10.1007/978-3-030-63823-8_67","Chapter"
"Regularized Evolution for Macro Neural Architecture Search","Artificial Intelligence Applications and Innovations","","","","10.1007/978-3-030-49186-4_10","George KyriakidesKonstantinos Margaritis","2020","http://link.springer.com/chapter/10.1007/978-3-030-49186-4_10","Chapter"
"Multi-modality Information Fusion for Radiomics-Based Neural Architecture Search","Medical Image Computing and Computer Assisted Intervention – MICCAI 2020","","","","10.1007/978-3-030-59728-3_74","Yige PengLei BiMichael FulhamDagan FengJinman Kim","2020","http://link.springer.com/chapter/10.1007/978-3-030-59728-3_74","Chapter"
"Neural Architecture Search for Optimizing Deep Belief Network Models of fMRI Data","Multiscale Multimodal Medical Imaging","","","","10.1007/978-3-030-37969-8_4","Ning QiangBao GeQinglin DongFangfei GeTianming Liu","2020","http://link.springer.com/chapter/10.1007/978-3-030-37969-8_4","Chapter"
"Multi-objective Neural Architecture Search with Almost No Training","Evolutionary Multi-Criterion Optimization","","","","10.1007/978-3-030-72062-9_39","Shengran HuRan ChengCheng HeZhichao Lu","2021","http://link.springer.com/chapter/10.1007/978-3-030-72062-9_39","Chapter"
"Neural Architecture Search for Extreme Multi-label Text Classification","Neural Information Processing","","","","10.1007/978-3-030-63836-8_24","Loïc PaulettoMassih-Reza AminiRohit BabbarNicolas Winckler","2020","http://link.springer.com/chapter/10.1007/978-3-030-63836-8_24","Chapter"
"The Fusion of Neural Architecture Search and Destruction and Construction Learning","Pattern Recognition. ICPR International Workshops and Challenges","","","","10.1007/978-3-030-68793-9_35","Chao FangYutao HuBaochang ZhangDavid Doermann","2021","http://link.springer.com/chapter/10.1007/978-3-030-68793-9_35","Chapter"
"Tuning ANNs Hyperparameters and Neural Architecture Search Using HPC","Supercomputing","","","","10.1007/978-3-030-64616-5_46","Kamil KhamitovNina PopovaYuri KonkovTony Castillo","2020","http://link.springer.com/chapter/10.1007/978-3-030-64616-5_46","Chapter"
"Neural Architecture Search as Self-assessor in Semi-supervised Learning","Big Data","","","","10.1007/978-981-16-9709-8_7","Zhenhou HongJianzong WangXiaoyang QuChendong ZhaoJie LiuJing Xiao","2022","http://link.springer.com/chapter/10.1007/978-981-16-9709-8_7","Chapter"
"Ensembles of Networks Produced from Neural Architecture Search","High Performance Computing","","","","10.1007/978-3-030-59851-8_14","Emily J. HerronSteven R. YoungThomas E. Potok","2020","http://link.springer.com/chapter/10.1007/978-3-030-59851-8_14","Chapter"
"Identify Hierarchical Structures from Task-Based fMRI Data via Hybrid Spatiotemporal Neural Architecture Search Net","Medical Image Computing and Computer Assisted Intervention – MICCAI 2019","","","","10.1007/978-3-030-32248-9_83","Wei ZhangLin ZhaoQing LiShijie ZhaoQinglin DongXi JiangTuo ZhangTianming Liu","2019","http://link.springer.com/chapter/10.1007/978-3-030-32248-9_83","Chapter"
"Spatial Steganalysis Based on Gradient-Based Neural Architecture Search","Provable and Practical Security","","","","10.1007/978-3-030-90402-9_20","Xiaoqing DengWeiqi LuoYanmei Fang","2021","http://link.springer.com/chapter/10.1007/978-3-030-90402-9_20","Chapter"
"Neural Architecture Search for Adversarial Medical Image Segmentation","Medical Image Computing and Computer Assisted Intervention – MICCAI 2019","","","","10.1007/978-3-030-32226-7_92","Nanqing DongMin XuXiaodan LiangYiliang JiangWei DaiEric Xing","2019","http://link.springer.com/chapter/10.1007/978-3-030-32226-7_92","Chapter"
"Enhanced MRI Reconstruction Network Using Neural Architecture Search","Machine Learning in Medical Imaging","","","","10.1007/978-3-030-59861-7_64","Qiaoying HuangDong yangYikun XianPengxiang WuJingru YiHui QuDimitris Metaxas","2020","http://link.springer.com/chapter/10.1007/978-3-030-59861-7_64","Chapter"
"Scalable Neural Architecture Search for 3D Medical Image Segmentation","Medical Image Computing and Computer Assisted Intervention – MICCAI 2019","","","","10.1007/978-3-030-32248-9_25","Sungwoong KimIldoo KimSungbin LimWoonhyuk BaekChiheon KimHyungjoo ChoBoogeon YoonTaesup Kim","2019","http://link.springer.com/chapter/10.1007/978-3-030-32248-9_25","Chapter"
"A Two-Stage Efficient Evolutionary Neural Architecture Search Method for Image Classification","PRICAI 2021: Trends in Artificial Intelligence","","","","10.1007/978-3-030-89188-6_35","Gonglin YuanBing XueMengjie Zhang","2021","http://link.springer.com/chapter/10.1007/978-3-030-89188-6_35","Chapter"
"NAS-SCAM: Neural Architecture Search-Based Spatial and Channel Joint Attention Module for Nuclei Semantic Segmentation and Classification","Medical Image Computing and Computer Assisted Intervention – MICCAI 2020","","","","10.1007/978-3-030-59710-8_26","Zuhao LiuHuan WangShaoting ZhangGuotai WangJin Qi","2020","http://link.springer.com/chapter/10.1007/978-3-030-59710-8_26","Chapter"
"“Mini-Benchmarking” Approach to Optimize Evolutionary Methods of Neural Architecture Search","Supercomputing","","","","10.1007/978-3-030-92864-3_27","Kamil KhamitovNina Popova","2021","http://link.springer.com/chapter/10.1007/978-3-030-92864-3_27","Chapter"
"Neural Architecture Search in Graph Neural Networks","Intelligent Systems","","","","10.1007/978-3-030-61377-8_21","Matheus NunesGisele L. Pappa","2020","http://link.springer.com/chapter/10.1007/978-3-030-61377-8_21","Chapter"
"Automatic Design of Modular Neural Networks Using Genetic Programming","Artificial Neural Networks – ICANN 2007","","","","10.1007/978-3-540-74690-4_80","Naser NourAshrafoddinAli R. VahdatMohammad Mehdi Ebadzadeh","2007","http://link.springer.com/chapter/10.1007/978-3-540-74690-4_80","Chapter"
"CurveLane-NAS: Unifying Lane-Sensitive Architecture Search and Adaptive Point Blending","Computer Vision – ECCV 2020","","","","10.1007/978-3-030-58555-6_41","Hang XuShaoju WangXinyue CaiWei ZhangXiaodan LiangZhenguo Li","2020","http://link.springer.com/chapter/10.1007/978-3-030-58555-6_41","Chapter"
"Improving Generalization of ENAS-Based CNN Models for Breast Lesion Classification from Ultrasound Images","Medical Image Understanding and Analysis","","","","10.1007/978-3-030-80432-9_33","Mohammed AhmedAlaa AlZoubiHongbo Du","2021","http://link.springer.com/chapter/10.1007/978-3-030-80432-9_33","Chapter"
"XferNAS: Transfer Neural Architecture Search","Machine Learning and Knowledge Discovery in Databases","","","","10.1007/978-3-030-67664-3_15","Martin Wistuba","2021","http://link.springer.com/chapter/10.1007/978-3-030-67664-3_15","Chapter"
"Are Labels Necessary for Neural Architecture Search?","Computer Vision – ECCV 2020","","","","10.1007/978-3-030-58548-8_46","Chenxi LiuPiotr DollárKaiming HeRoss GirshickAlan YuilleSaining Xie","2020","http://link.springer.com/chapter/10.1007/978-3-030-58548-8_46","Chapter"
"Progressive Neural Architecture Search","Computer Vision – ECCV 2018","","","","10.1007/978-3-030-01246-5_2","Chenxi LiuBarret ZophMaxim NeumannJonathon ShlensWei HuaLi-Jia LiLi Fei-FeiAlan YuilleJonathan HuangKevin Murphy","2018","http://link.springer.com/chapter/10.1007/978-3-030-01246-5_2","Chapter"
"Evolutionary Neural Architecture Search Supporting Approximate Multipliers","Genetic Programming","","","","10.1007/978-3-030-72812-0_6","Michal PinosVojtech MrazekLukas Sekanina","2021","http://link.springer.com/chapter/10.1007/978-3-030-72812-0_6","Chapter"
"S2DNAS: Transforming Static CNN Model for Dynamic Inference via Neural Architecture Search","Computer Vision – ECCV 2020","","","","10.1007/978-3-030-58536-5_11","Zhihang YuanBingzhe WuGuangyu SunZheng LiangShiwan ZhaoWeichen Bi","2020","http://link.springer.com/chapter/10.1007/978-3-030-58536-5_11","Chapter"
"Single Path One-Shot Neural Architecture Search with Uniform Sampling","Computer Vision – ECCV 2020","","","","10.1007/978-3-030-58517-4_32","Zichao GuoXiangyu ZhangHaoyuan MuWen HengZechun LiuYichen WeiJian Sun","2020","http://link.springer.com/chapter/10.1007/978-3-030-58517-4_32","Chapter"
"NAS-Count: Counting-by-Density with Neural Architecture Search","Computer Vision – ECCV 2020","","","","10.1007/978-3-030-58542-6_45","Yutao HuXiaolong JiangXuhui LiuBaochang ZhangJungong HanXianbin CaoDavid Doermann","2020","http://link.springer.com/chapter/10.1007/978-3-030-58542-6_45","Chapter"
"Multi-objective Reinforced Evolution in Mobile Neural Architecture Search","Computer Vision – ECCV 2020 Workshops","","","","10.1007/978-3-030-66823-5_6","Xiangxiang ChuBo ZhangRuijun Xu","2020","http://link.springer.com/chapter/10.1007/978-3-030-66823-5_6","Chapter"
"Anti-bandit Neural Architecture Search for Model Defense","Computer Vision – ECCV 2020","","","","10.1007/978-3-030-58601-0_5","Hanlin ChenBaochang ZhangSong XueXuan GongHong LiuRongrong JiDavid Doermann","2020","http://link.springer.com/chapter/10.1007/978-3-030-58601-0_5","Chapter"
"EPE-NAS: Efficient Performance Estimation Without Training for Neural Architecture Search","Artificial Neural Networks and Machine Learning – ICANN 2021","","","","10.1007/978-3-030-86383-8_44","Vasco LopesSaeid AlirezazadehLuís A. Alexandre","2021","http://link.springer.com/chapter/10.1007/978-3-030-86383-8_44","Chapter"
"NSGANetV2: Evolutionary Multi-objective Surrogate-Assisted Neural Architecture Search","Computer Vision – ECCV 2020","","","","10.1007/978-3-030-58452-8_3","Zhichao LuKalyanmoy DebErik GoodmanWolfgang BanzhafVishnu Naresh Boddeti","2020","http://link.springer.com/chapter/10.1007/978-3-030-58452-8_3","Chapter"
"BigNAS: Scaling up Neural Architecture Search with Big Single-Stage Models","Computer Vision – ECCV 2020","","","","10.1007/978-3-030-58571-6_41","Jiahui YuPengchong JinHanxiao LiuGabriel BenderPieter-Jan KindermansMingxing TanThomas HuangXiaodan SongRuoming PangQuoc Le","2020","http://link.springer.com/chapter/10.1007/978-3-030-58571-6_41","Chapter"
"Enhancing Multi-objective Evolutionary Neural Architecture Search with Surrogate Models and Potential Point-Guided Local Searches","Advances and Trends in Artificial Intelligence. Artificial Intelligence Practices","","","","10.1007/978-3-030-79457-6_39","Quan Minh PhanNgoc Hoang Luong","2021","http://link.springer.com/chapter/10.1007/978-3-030-79457-6_39","Chapter"
"NAS-DIP: Learning Deep Image Prior with Neural Architecture Search","Computer Vision – ECCV 2020","","","","10.1007/978-3-030-58523-5_26","Yun-Chun ChenChen GaoEsther RobbJia-Bin Huang","2020","http://link.springer.com/chapter/10.1007/978-3-030-58523-5_26","Chapter"
"Self-learning for Received Signal Strength Map Reconstruction with Neural Architecture Search","Artificial Neural Networks and Machine Learning – ICANN 2021","","","","10.1007/978-3-030-86383-8_41","Aleksandra MalkovaLoïc PaulettoChristophe VillienBenoît DenisMassih-Reza Amini","2021","http://link.springer.com/chapter/10.1007/978-3-030-86383-8_41","Chapter"
"A Preliminary Exploration into an Alternative CellLineNet: An Evolutionary Approach","Proceedings of the Future Technologies Conference (FTC) 2020, Volume 1","","","","10.1007/978-3-030-63128-4_34","Akwarandu Ugo NwachukuXavier Lewis-PalmerDarlington Ahiale Akogo","2021","http://link.springer.com/chapter/10.1007/978-3-030-63128-4_34","Chapter"
"Shallow2Deep: Restraining Neural Networks Opacity Through Neural Architecture Search","Explainable and Transparent AI and Multi-Agent Systems","","","","10.1007/978-3-030-82017-6_5","Andrea AgiolloGiovanni CiattoAndrea Omicini","2021","http://link.springer.com/chapter/10.1007/978-3-030-82017-6_5","Chapter"
"Automated Grading in Diabetic Retinopathy Using Image Processing and Modified EfficientNet","Computational Collective Intelligence","","","","10.1007/978-3-030-63007-2_39","Hung N. PhamRen Jie TanYu Tian CaiShahril MustafaNgan Chong YeoHui Juin LimTrang T. T. DoBinh P. NguyenMatthew Chin Heng Chua","2020","http://link.springer.com/chapter/10.1007/978-3-030-63007-2_39","Chapter"
"A New Lightweight CRNN Model for Keyword Spotting with Edge Computing Devices","Machine Learning for Cyber Security","","","","10.1007/978-3-030-62223-7_17","Yungen WeiZheng GongShunzhi YangKai YeYamin Wen","2020","http://link.springer.com/chapter/10.1007/978-3-030-62223-7_17","Chapter"
"Asynchronous Synthesis of a Neural Network Applied on Head Load Prediction","Nostradamus: Modern Methods of Prediction, Modeling and Analysis of Nonlinear Systems","","","","10.1007/978-3-642-33227-2_24","P. Vařacha","2013","http://link.springer.com/chapter/10.1007/978-3-642-33227-2_24","Chapter"
"Object Detection and Viewpoint Estimation with Auto-masking Neural Network","Computer Vision – ECCV 2014","","","","10.1007/978-3-319-10578-9_29","Linjie YangJianzhuang LiuXiaoou Tang","2014","http://link.springer.com/chapter/10.1007/978-3-319-10578-9_29","Chapter"
"Usage of the Evolutionary Designed Neural Network for Heat Demand Forecast","Nostradamus: Modern Methods of Prediction, Modeling and Analysis of Nonlinear Systems","","","","10.1007/978-3-642-33227-2_13","B. ChramcovP. Vařacha","2013","http://link.springer.com/chapter/10.1007/978-3-642-33227-2_13","Chapter"
"A Resource Limited Immune Approach for Evolving Architecture and Weights of Multilayer Neural Network","Advances in Swarm Intelligence","","","","10.1007/978-3-642-13495-1_41","Xiaoyang FuShuqing ZhangZhenping Pang","2010","http://link.springer.com/chapter/10.1007/978-3-642-13495-1_41","Chapter"
"Evolving Neural Network Using Genetic Simulated Annealing Algorithms for Multi-spectral Image Classification","Advances in Neural Networks - ISNN 2008","","","","10.1007/978-3-540-87734-9_34","Xiaoyang FuChen Guo","2008","http://link.springer.com/chapter/10.1007/978-3-540-87734-9_34","Chapter"
"Improving sEMG-Based Hand Gesture Recognition Using Maximal Overlap Discrete Wavelet Transform and an Autoencoder Neural Network","XXVI Brazilian Congress on Biomedical Engineering","","","","10.1007/978-981-13-2517-5_42","Fernando Henrique Cruz de AndradeFlavio Garcia PereiraCassius Zanetti ResendeDaniel Cruz Cavalieri","2019","http://link.springer.com/chapter/10.1007/978-981-13-2517-5_42","Chapter"
"Federated Whole Prostate Segmentation in MRI with Personalized Neural Architectures","Medical Image Computing and Computer Assisted Intervention – MICCAI 2021","","","","10.1007/978-3-030-87199-4_34","Holger R. RothDong YangWenqi LiAndriy MyronenkoWentao ZhuZiyue XuXiaosong WangDaguang Xu","2021","http://link.springer.com/chapter/10.1007/978-3-030-87199-4_34","Chapter"
"Trends and Emerging Technologies in AI","Sustained Simulation Performance 2019 and 2020","","","","10.1007/978-3-030-68049-7_12","Dennis Hoppe","2021","http://link.springer.com/chapter/10.1007/978-3-030-68049-7_12","Chapter"
"DHP: Differentiable Meta Pruning via HyperNetworks","Computer Vision – ECCV 2020","","","","10.1007/978-3-030-58598-3_36","Yawei LiShuhang GuKai ZhangLuc Van GoolRadu Timofte","2020","http://link.springer.com/chapter/10.1007/978-3-030-58598-3_36","Chapter"
"HTCN: Harmonious Text Colorization Network for Visual-Textual Presentation Design","Pattern Recognition and Computer Vision","","","","10.1007/978-3-030-88007-1_46","Xuyong YangXiaobin XuYaohong HuangNenghai Yu","2021","http://link.springer.com/chapter/10.1007/978-3-030-88007-1_46","Chapter"
"Automated Machine Learning: Prospects and Challenges","Computational Science and Its Applications – ICCSA 2020","","","","10.1007/978-3-030-58811-3_9","Lorenzo VaccaroGiuseppe SansonettiAlessandro Micarelli","2020","http://link.springer.com/chapter/10.1007/978-3-030-58811-3_9","Chapter"
"A Scalable and Automated Machine Learning Framework to Support Risk Management","Agents and Artificial Intelligence","","","","10.1007/978-3-030-71158-0_14","Luís FerreiraAndré PilastriCarlos MartinsPedro SantosPaulo Cortez","2021","http://link.springer.com/chapter/10.1007/978-3-030-71158-0_14","Chapter"
"Coevolution of Generative Adversarial Networks","Applications of Evolutionary Computation","","","","10.1007/978-3-030-16692-2_32","Victor CostaNuno LourençoPenousal Machado","2019","http://link.springer.com/chapter/10.1007/978-3-030-16692-2_32","Chapter"
"Methods for Automatic Machine-Learning Workflow Analysis","Machine Learning and Knowledge Discovery in Databases. Applied Data Science Track","","","","10.1007/978-3-030-86517-7_4","Lorenz WendlingerEmanuel BerndlMichael Granitzer","2021","http://link.springer.com/chapter/10.1007/978-3-030-86517-7_4","Chapter"
"Revisiting Convolutional Neural Networks for Citywide Crowd Flow Analytics","Machine Learning and Knowledge Discovery in Databases","","","","10.1007/978-3-030-67658-2_33","Yuxuan LiangKun OuyangYiwei WangYe LiuJunbo ZhangYu ZhengDavid S. Rosenblum","2021","http://link.springer.com/chapter/10.1007/978-3-030-67658-2_33","Chapter"
"Differentiable Feature Aggregation Search for Knowledge Distillation","Computer Vision – ECCV 2020","","","","10.1007/978-3-030-58520-4_28","Yushuo GuanPengyu ZhaoBingxuan WangYuanxing ZhangCong YaoKaigui BianJian Tang","2020","http://link.springer.com/chapter/10.1007/978-3-030-58520-4_28","Chapter"
"Representation and Evolution of Neural Networks","Artificial Neural Nets and Genetic Algorithms","","","","10.1007/978-3-7091-7533-0_93","Martin Mandischer","1993","http://link.springer.com/chapter/10.1007/978-3-7091-7533-0_93","Chapter"
"Constraint Exploration of Convolutional Network Architectures with Neuroevolution","Advances in Computational Intelligence","","","","10.1007/978-3-030-20518-8_61","Jonas Dominik HomburgMichael AdamsMichael ThiesTimo KorthalsMarc HesseUlrich Rückert","2019","http://link.springer.com/chapter/10.1007/978-3-030-20518-8_61","Chapter"
"A Survey on State-of-the-Art Applications of Variable Length Chromosome (VLC) Based GA","Advances in Artificial Intelligence and Data Engineering","","","","10.1007/978-981-15-3514-7_47","Ravi DomalaUpasna Singh","2021","http://link.springer.com/chapter/10.1007/978-981-15-3514-7_47","Chapter"
"Automatic Induction of Neural Network Decision Tree Algorithms","Intelligent Computing","","","","10.1007/978-3-030-22871-2_48","Chapman Siu","2019","http://link.springer.com/chapter/10.1007/978-3-030-22871-2_48","Chapter"
"Meta-Learning: A New Way to Learn and Comparison of Machine Learning Versus Meta-Learning","Soft Computing and Signal Processing","","","","10.1007/978-981-33-6912-2_28","Lakshmi R. NairSaiteja N. V. S. MaddulaRitu GuptaSuja Palaniswamy","2021","http://link.springer.com/chapter/10.1007/978-981-33-6912-2_28","Chapter"
"A Unified Approach to Anomaly Detection","Machine Learning, Optimization, and Data Science","","","","10.1007/978-3-030-64580-9_24","Richard BallHennie KrugerLynette Drevin","2020","http://link.springer.com/chapter/10.1007/978-3-030-64580-9_24","Chapter"
"Blockchained Adaptive Federated Auto MetaLearning BigData and DevOps CyberSecurity Architecture in Industry 4.0","Proceedings of the 22nd Engineering Applications of Neural Networks Conference","","","","10.1007/978-3-030-80568-5_29","Konstantinos DemertzisLazaros IliadisElias PimenidisNikolaos TziritasMaria KoziriPanagiotis Kikiras","2021","http://link.springer.com/chapter/10.1007/978-3-030-80568-5_29","Chapter"
"AutoSTR: Efficient Backbone Search for Scene Text Recognition","Computer Vision – ECCV 2020","","","","10.1007/978-3-030-58586-0_44","Hui ZhangQuanming YaoMingkun YangYongchao XuXiang Bai","2020","http://link.springer.com/chapter/10.1007/978-3-030-58586-0_44","Chapter"
"Improved Modular Convolution Neural Network for Human Pose Estimation","E-Learning and Games","","","","10.1007/978-3-030-23712-7_53","Zhengxuan ZhangJing DongDongsheng ZhouXiaoyong FangXiaopeng Wei","2019","http://link.springer.com/chapter/10.1007/978-3-030-23712-7_53","Chapter"
"DAP-BERT: Differentiable Architecture Pruning of BERT","Neural Information Processing","","","","10.1007/978-3-030-92185-9_30","Chung-Yiu YauHaoli BaiIrwin KingMichael R. Lyu","2021","http://link.springer.com/chapter/10.1007/978-3-030-92185-9_30","Chapter"
"An Improved Lightweight Traffic Sign Detection Model for Embedded Devices","Proceedings of the International Conference on Advanced Intelligent Systems and Informatics 2021","","","","10.1007/978-3-030-89701-7_14","Yu WenzeLiang QuanZhang ZichengHu JinjingWang HansongFeng ZhihuiXiong NengHong ChuanboKuo-Chi Chang","2022","http://link.springer.com/chapter/10.1007/978-3-030-89701-7_14","Chapter"
"AD-DARTS: Adaptive Dropout for Differentiable Architecture Search","Artificial Intelligence","","","","10.1007/978-3-030-93049-3_10","Ziwei ZhengLe YangLiejun WangFan Li","2021","http://link.springer.com/chapter/10.1007/978-3-030-93049-3_10","Chapter"
"Learning Neural Representations for Predicting GPU Performance","High Performance Computing","","","","10.1007/978-3-030-20656-7_3","Shweta SalariaAleksandr DrozdArtur PodobasSatoshi Matsuoka","2019","http://link.springer.com/chapter/10.1007/978-3-030-20656-7_3","Chapter"
"VIRET Tool Meets NasNet","MultiMedia Modeling","","","","10.1007/978-3-030-05716-9_52","Jakub LokočGregor KovalčíkTomáš SoučekJaroslav MoravecJan BodnárPřemysl Čech","2019","http://link.springer.com/chapter/10.1007/978-3-030-05716-9_52","Chapter"
"The Evolution of Modular Artificial Neural Networks for Legged Robot Control","Artificial Neural Networks and Neural Information Processing — ICANN/ICONIP 2003","","","","10.1007/3-540-44989-2_58","Sethuraman MuthuramanGrant MaxwellChristopher MacLeod","2003","http://link.springer.com/chapter/10.1007/3-540-44989-2_58","Chapter"
"Classification of Breast Lesions Using Artificial Neural Network","3rd Kuala Lumpur International Conference on Biomedical Engineering 2006","","","","10.1007/978-3-540-68017-8_13","Mohd Yusoff MashorS. EsugasiniN. A. Mat IsaN. H. Othman","2007","http://link.springer.com/chapter/10.1007/978-3-540-68017-8_13","Chapter"
"Semantic Image Segmentation as a Tool for Situational Awareness in Unmanned Vehicle Control Tasks","Advances in Neural Computation, Machine Learning, and Cognitive Research V","","","","10.1007/978-3-030-91581-0_41","Dmitry M. IgoninPavel A. KolganovYury V. Tiumentsev","2022","http://link.springer.com/chapter/10.1007/978-3-030-91581-0_41","Chapter"
"Optimum Neural Network Construction Via Linear Programming Minimum Sphere Set Covering","Advanced Data Mining and Applications","","","","10.1007/978-3-540-73871-8_39","Xun-Kai WeiYing-Hong LiYu-Fei Li","2007","http://link.springer.com/chapter/10.1007/978-3-540-73871-8_39","Chapter"
"Pruning Neural Networks for a Two-Link Robot Control System","Computational Intelligence and Bioinspired Systems","","","","10.1007/11494669_85","Jie NiQing Song","2005","http://link.springer.com/chapter/10.1007/11494669_85","Chapter"
"Constructive Ensemble of RBF Neural Networks and Its Application to Earthquake Prediction","Advances in Neural Networks – ISNN 2005","","","","10.1007/11427391_85","Yue LiuYuan LiGuozheng LiBofeng ZhangGenfeng Wu","2005","http://link.springer.com/chapter/10.1007/11427391_85","Chapter"
"Social Impression of Faces: From Prediction to Modification","Proceedings of the 2019 International Conference of The Computational Social Science Society of the Americas","","","","10.1007/978-3-030-77517-9_1","Amanda SongChad AtallaBartholomew TamLinjie LiGarrison Cottrell","2021","http://link.springer.com/chapter/10.1007/978-3-030-77517-9_1","Chapter"
"UXNet: Searching Multi-level Feature Aggregation for 3D Medical Image Segmentation","Medical Image Computing and Computer Assisted Intervention – MICCAI 2020","","","","10.1007/978-3-030-59710-8_34","Yuanfeng JiRuimao ZhangZhen LiJiamin RenShaoting ZhangPing Luo","2020","http://link.springer.com/chapter/10.1007/978-3-030-59710-8_34","Chapter"
"Improving Prediction Interval Quality: A Genetic Algorithm-Based Method Applied to Neural Networks","Neural Information Processing","","","","10.1007/978-3-642-10684-2_16","Abbas KhosraviSaeid NahavandiDoug Creighton","2009","http://link.springer.com/chapter/10.1007/978-3-642-10684-2_16","Chapter"
"Development and Maintenance of Fuzzy Models in Financial Applications","Soft Methodology and Random Information Systems","","","","10.1007/978-3-540-44465-7_6","Piero P. Bonissone","2004","http://link.springer.com/chapter/10.1007/978-3-540-44465-7_6","Chapter"
"A Challenging Voice Dataset for Robotic Applications in Noisy Environments","Computer Analysis of Images and Patterns","","","","10.1007/978-3-030-29891-3_31","Antonio RobertoAlessia SaggeseMario Vento","2019","http://link.springer.com/chapter/10.1007/978-3-030-29891-3_31","Chapter"
"Faster AutoAugment: Learning Augmentation Strategies Using Backpropagation","Computer Vision – ECCV 2020","","","","10.1007/978-3-030-58595-2_1","Ryuichiro HatayaJan ZdenekKazuki YoshizoeHideki Nakayama","2020","http://link.springer.com/chapter/10.1007/978-3-030-58595-2_1","Chapter"
"Fast Training of Neural Networks for Image Compression","Advances in Data Mining. Applications and Theoretical Aspects","","","","10.1007/978-3-642-14400-4_13","Yevgeniy BodyanskiyPaul GrimmSergey MashtalirVladimir Vinarski","2010","http://link.springer.com/chapter/10.1007/978-3-642-14400-4_13","Chapter"
"Highly Modular Architecture for the General Control of Autonomous Robots","Computational Intelligence and Bioinspired Systems","","","","10.1007/11494669_87","Ricardo A. TéllezCecilio AnguloDiego E. Pardo","2005","http://link.springer.com/chapter/10.1007/11494669_87","Chapter"
"Predicting the Australian Stock Market Index Using Neural Networks Exploiting Dynamical Swings and Intermarket Influences","AI 2003: Advances in Artificial Intelligence","","","","10.1007/978-3-540-24581-0_28","Heping PanChandima TilakaratneJohn Yearwood","2003","http://link.springer.com/chapter/10.1007/978-3-540-24581-0_28","Chapter"
"Parallelization of Neural Networks Using PVM","Recent Advances in Parallel Virtual Machine and Message Passing Interface","","","","10.1007/3-540-45255-9_40","Mathias QuoySorin MogaPhilippe GaussierArnaud Revel","2000","http://link.springer.com/chapter/10.1007/3-540-45255-9_40","Chapter"
"On the Use of a Combination Approach to Automated Knowledge Acquisition Based on Neural Networks and Fuzzy Logic with Regard to Credit Scoring Problems","New Trends in Banking Management","","","","10.1007/978-3-642-57478-8_6","M. MichalopoulosG. DouniasD. HatasC. Zopounidis","2002","http://link.springer.com/chapter/10.1007/978-3-642-57478-8_6","Chapter"
"Teaming Human and Machine: A Conceptual Framework","Hybrid Information Systems","","","","10.1007/978-3-7908-1782-9_51","Pierre UrlingsLakhmi C. Jain","2002","http://link.springer.com/chapter/10.1007/978-3-7908-1782-9_51","Chapter"
"Federated Blockchained Supply Chain Management: A CyberSecurity and Privacy Framework","Artificial Intelligence Applications and Innovations","","","","10.1007/978-3-030-79150-6_60","Konstantinos DemertzisLazaros IliadisElias PimenidisNikolaos TziritasMaria KoziriPanagiotis KikirasMichael Tonkin","2021","http://link.springer.com/chapter/10.1007/978-3-030-79150-6_60","Chapter"
"From Behavior to VHDL: A CAD Environment for SPNNs","Neural Nets WIRN VIETRI-98","","","","10.1007/978-1-4471-0811-5_37","W. FornaciariV. PiuriF. Salice","1999","http://link.springer.com/chapter/10.1007/978-1-4471-0811-5_37","Chapter"
"An Automatic Clustering Algorithm Leveraging Reinforcement Learning for Model Compression","Advances in Natural Computation, Fuzzy Systems and Knowledge Discovery","","","","10.1007/978-3-030-70665-4_38","Wenming WangFengge WuJunsuo Zhao","2021","http://link.springer.com/chapter/10.1007/978-3-030-70665-4_38","Chapter"
"Using Multi-Agent Systems to Enhance the Level of Autonomy in Unmanned Vehicles","Advanced Techniques for Knowledge Engineering and Innovative Applications","","","","10.1007/978-3-642-42017-7_14","Jeffrey W. Tweedale","2013","http://link.springer.com/chapter/10.1007/978-3-642-42017-7_14","Chapter"
"A Context-Free Spelling Correction Method for Classical Mongolian","Natural Language Processing and Chinese Computing","","","","10.1007/978-3-030-32236-6_50","Min LuFeilong BaoGuanglai Gao","2019","http://link.springer.com/chapter/10.1007/978-3-030-32236-6_50","Chapter"
"Swarm Intelligence in Data Science: Applications, Opportunities and Challenges","Advances in Swarm Intelligence","","","","10.1007/978-3-030-53956-6_1","Jian YangLiang QuYang ShenYuhui ShiShi ChengJunfeng ZhaoXiaolong Shen","2020","http://link.springer.com/chapter/10.1007/978-3-030-53956-6_1","Chapter"
"Performance Comparison for MLP Networks Using Various Back Propagation Algorithms for Breast Cancer Diagnosis","Knowledge-Based Intelligent Information and Engineering Systems","","","","10.1007/11552451_17","S. EsugasiniMohd Yusoff MashorNor Ashidi Mat IsaNor Hayati Othman","2005","http://link.springer.com/chapter/10.1007/11552451_17","Chapter"
"SmartVolumes - Adaptive Voronoi Power Diagramming for Real-Time Volumetric Design Exploration","Virtual Systems and Multimedia","","","","10.1007/978-3-540-78566-8_12","Christian Friedrich","2008","http://link.springer.com/chapter/10.1007/978-3-540-78566-8_12","Chapter"
"Optimizing Regularized Multiple Linear Regression Using Hyperparameter Tuning for Crime Rate Performance Prediction","Trends and Applications in Information Systems and Technologies","","","","10.1007/978-3-030-72657-7_9","Alexandra Vultureanu-AlbişiCostin Bădică","2021","http://link.springer.com/chapter/10.1007/978-3-030-72657-7_9","Chapter"
"Quantile Regression Support Vector Machine (QRSVM) Model for Time Series Data Analysis","Soft Computing and its Engineering Applications","","","","10.1007/978-981-16-0708-0_6","Dharmendra Patel","2021","http://link.springer.com/chapter/10.1007/978-981-16-0708-0_6","Chapter"
"Practical data mining in a large utility company","COMPSTAT","","","","10.1007/978-3-642-57678-2_8","Georges Hébrail","2000","http://link.springer.com/chapter/10.1007/978-3-642-57678-2_8","Chapter"
"Hard- and Software Fusion for Process Monitoring During Machining of Fiber Reinforced Materials","Proceedings of the Munich Symposium on Lightweight Design 2020","","","","10.1007/978-3-662-63143-0_6","Markus G. R. SauseFlorian F. LinscheidChristian OblingerSebastian O. GadeSinan Kalafat","2021","http://link.springer.com/chapter/10.1007/978-3-662-63143-0_6","Chapter"
"Saliency: a new selection criterion of important architectures in neural architecture search","Neural Computing and Applications","","","","10.1007/s00521-021-06418-4","Jie HaoZhiling CaiRuijia LiWilliam Zhu","2021","http://link.springer.com/article/10.1007/s00521-021-06418-4","Article"
"2D and 3D Palmprint and Palm Vein Recognition Based on Neural Architecture Search","International Journal of Automation and Computing","","18","3","10.1007/s11633-021-1292-1","Wei JiaWei XiaYang ZhaoHai MinYan-Xiang Chen","2021","http://link.springer.com/article/10.1007/s11633-021-1292-1","Article"
"Evolutionary design of neural network architectures: a review of three decades of research","Artificial Intelligence Review","","","","10.1007/s10462-021-10049-5","Hamit Taner ÜnalFatih Başçiftçi","2021","http://link.springer.com/article/10.1007/s10462-021-10049-5","Article"
"Deep Learning for Generic Object Detection: A Survey","International Journal of Computer Vision","","128","2","10.1007/s11263-019-01247-4","Li LiuWanli OuyangXiaogang WangPaul FieguthJie ChenXinwang LiuMatti Pietikäinen","2020","http://link.springer.com/article/10.1007/s11263-019-01247-4","Article"
"Recent Advancement of Deep Learning Applications to Machine Condition Monitoring Part 1: A Critical Review","Acoustics Australia","","49","2","10.1007/s40857-021-00222-9","Wenyi WangJohn TaylorRobert J. Rees","2021","http://link.springer.com/article/10.1007/s40857-021-00222-9","Article"
"Efficient image dataset classification difficulty estimation for predicting deep-learning accuracy","The Visual Computer","","37","6","10.1007/s00371-020-01922-5","Florian ScheideggerRoxana IstrateGiovanni MarianiLuca BeniniCostas BekasCristiano Malossi","2021","http://link.springer.com/article/10.1007/s00371-020-01922-5","Article"
"On the automated, evolutionary design of neural networks: past, present, and future","Neural Computing and Applications","","32","2","10.1007/s00521-019-04160-6","Alejandro BaldominosYago SaezPedro Isasi","2020","http://link.springer.com/article/10.1007/s00521-019-04160-6","Article"
"DLBench: a comprehensive experimental evaluation of deep learning frameworks","Cluster Computing","","24","3","10.1007/s10586-021-03240-4","Radwa ElshawiAbdul WahabAhmed BarnawiSherif Sakr","2021","http://link.springer.com/article/10.1007/s10586-021-03240-4","Article"
"CNN Architectures for Geometric Transformation-Invariant Feature Representation in Computer Vision: A Review","SN Computer Science","","2","5","10.1007/s42979-021-00735-0","Alhassan MumuniFuseini Mumuni","2021","http://link.springer.com/article/10.1007/s42979-021-00735-0","Article"
"Completing sparse and disconnected protein-protein network by deep learning","BMC Bioinformatics","","19","1","10.1186/s12859-018-2112-7","Lei HuangLi LiaoCathy H. Wu","2018","http://link.springer.com/article/10.1186/s12859-018-2112-7","Article"
"Hierarchical combinatorial deep learning architecture for pancreas segmentation of medical computed tomography cancer images","BMC Systems Biology","","12","4","10.1186/s12918-018-0572-z","Min FuWenming WuXiafei HongQiuhua LiuJialin JiangYaobin OuYupei ZhaoXinqi Gong","2018","http://link.springer.com/article/10.1186/s12918-018-0572-z","Article"
"MEDAS: an open-source platform as a service to help break the walls between medicine and informatics","Neural Computing and Applications","","","","10.1007/s00521-021-06750-9","Liang ZhangJohann LiPing LiXiaoyuan LuMaoguo GongPeiyi ShenGuangming ZhuSyed Afaq ShahMohammed BennamounKun QianBjörn W. Schuller","2022","http://link.springer.com/article/10.1007/s00521-021-06750-9","Article"
"Optimization of multitask parallel mobile edge computing strategy based on deep learning architecture","Design Automation for Embedded Systems","","24","3","10.1007/s10617-019-09222-5","Zongkai LiuXiaoqiang YangJinxing Shen","2020","http://link.springer.com/article/10.1007/s10617-019-09222-5","Article"
"A technical view on neural architecture search","International Journal of Machine Learning and Cybernetics","","11","4","10.1007/s13042-020-01062-1","Yi-Qi HuYang Yu","2020","http://link.springer.com/article/10.1007/s13042-020-01062-1","Article"
"NAS4RRAM: neural network architecture search for inference on RRAM-based accelerators","Science China Information Sciences","","64","6","10.1007/s11432-020-3245-7","Zhihang YuanJingze LiuXingchen LiLonghao YanHaoxiang ChenBingzhe WuYuchao YangGuangyu Sun","2021","http://link.springer.com/article/10.1007/s11432-020-3245-7","Article"
"Advanced metaheuristic optimization techniques in applications of deep neural networks: a review","Neural Computing and Applications","","33","21","10.1007/s00521-021-05960-5","Mohamed Abd ElazizAbdelghani DahouLaith AbualigahLiyang YuMohammad AlshinwanAhmad M. KhasawnehSongfeng Lu","2021","http://link.springer.com/article/10.1007/s00521-021-05960-5","Article"
"Transfer learning-based deep ensemble neural network for plant leaf disease detection","Journal of Plant Diseases and Protection","","","","10.1007/s41348-021-00465-8","Sasikala VallabhajosyulaVenkatramaphanikumar SistlaVenkata Krishna Kishore Kolli","2021","http://link.springer.com/article/10.1007/s41348-021-00465-8","Article"
"A Survey of Algorithmic and Hardware Optimization Techniques for Vision Convolutional Neural Networks on FPGAs","Neural Processing Letters","","53","3","10.1007/s11063-021-10458-1","Arish SateesanSharad SinhaSmitha K. G.A. P. Vinod","2021","http://link.springer.com/article/10.1007/s11063-021-10458-1","Article"
"Using Meta-Learning to predict student performance in virtual learning environments","Applied Intelligence","","","","10.1007/s10489-021-02613-x","Ángel Casado HidalgoPablo Moreno GerLuis De La Fuente Valentín","2021","http://link.springer.com/article/10.1007/s10489-021-02613-x","Article"
"From federated learning to federated neural architecture search: a survey","Complex & Intelligent Systems","","7","2","10.1007/s40747-020-00247-z","Hangyu ZhuHaoyu ZhangYaochu Jin","2021","http://link.springer.com/article/10.1007/s40747-020-00247-z","Article"
"Artificial intelligence in tomato leaf disease detection: a comprehensive review and discussion","Journal of Plant Diseases and Protection","","","","10.1007/s41348-021-00500-8","Rajasekaran ThangarajS. AnandamuruganP PandiyanVishnu Kumar Kaliappan","2021","http://link.springer.com/article/10.1007/s41348-021-00500-8","Article"
"Automated design of error-resilient and hardware-efficient deep neural networks","Neural Computing and Applications","","32","24","10.1007/s00521-020-04969-6","Christoph SchornThomas ElskenSebastian VogelArmin RungeAndre GuntoroGerd Ascheid","2020","http://link.springer.com/article/10.1007/s00521-020-04969-6","Article"
"Two Geoscience Applications by Optimal Neural Network Architecture","Pure and Applied Geophysics","","177","6","10.1007/s00024-019-02386-y","Juliana Aparecida AnochiReynier Hernández TorresHaroldo Fraga de Campos Velho","2020","http://link.springer.com/article/10.1007/s00024-019-02386-y","Article"
"Deep multi-task learning with flexible and compact architecture search","International Journal of Data Science and Analytics","","","","10.1007/s41060-021-00274-0","Jiejie ZhaoWeifeng LvBowen DuJunchen YeLeilei SunGuixi Xiong","2021","http://link.springer.com/article/10.1007/s41060-021-00274-0","Article"
"Deep neural network hyper-parameter tuning through twofold genetic approach","Soft Computing","","25","13","10.1007/s00500-021-05770-w","Puneet KumarShalini BatraBalasubramanian Raman","2021","http://link.springer.com/article/10.1007/s00500-021-05770-w","Article"
"Designing convolutional neural networks with constrained evolutionary piecemeal training","Applied Intelligence","","","","10.1007/s10489-021-02679-7","Dolly SapraAndy D. Pimentel","2021","http://link.springer.com/article/10.1007/s10489-021-02679-7","Article"
"Evolutionary NAS for aerial image segmentation with gene expression programming of cellular encoding","Neural Computing and Applications","","","","10.1007/s00521-021-06564-9","Clifford Broni-BediakoYuki MurataLuiz H. MormilleMasayasu Atsumi","2021","http://link.springer.com/article/10.1007/s00521-021-06564-9","Article"
"A genetic approach to automatic neural network architecture optimization","Neural Computing and Applications","","29","5","10.1007/s00521-016-2510-6","K. G. KapanovaI. DimovJ. M. Sellier","2018","http://link.springer.com/article/10.1007/s00521-016-2510-6","Article"
"A unified architecture for agent behaviors with selection of evolved neural network modules","Applied Intelligence","","25","3","10.1007/s10489-006-0106-z","Kyung-Joong KimSung-Bae Cho","2006","http://link.springer.com/article/10.1007/s10489-006-0106-z","Article"
"Identifying piRNA targets on mRNAs in C. elegans using a deep multi-head attention network","BMC Bioinformatics","","22","1","10.1186/s12859-021-04428-6","Tzu-Hsien YangSheng-Cian ShiueKuan-Yu ChenYan-Yuan TsengWei-Sheng Wu","2021","http://link.springer.com/article/10.1186/s12859-021-04428-6","Article"
"Greedy search algorithm for partial quantization of convolutional neural networks inspired by submodular optimization","Neural Computing and Applications","","","","10.1007/s00521-021-06752-7","Satoki TsujiFuyuka YamadaHiroshi KawaguchiAtsuki InoueYasufumi Sakai","2022","http://link.springer.com/article/10.1007/s00521-021-06752-7","Article"
"A Survey of Deep Facial Attribute Analysis","International Journal of Computer Vision","","128","8 - 9","10.1007/s11263-020-01308-z","Xin ZhengYanqing GuoHuaibo HuangYi LiRan He","2020","http://link.springer.com/article/10.1007/s11263-020-01308-z","Article"
"Preferred design of recurrent neural network architecture using a multiobjective evolutionary algorithm with un-supervised information recruitment: a paradigm for modeling shape memory alloy actuators","Meccanica","","49","6","10.1007/s11012-014-9894-0","Ahmad MozaffariAlireza FathiNasser Lashgarian Azad","2014","http://link.springer.com/article/10.1007/s11012-014-9894-0","Article"
"Modeling the progression of COVID-19 deaths using Kalman Filter and AutoML","Soft Computing","","","","10.1007/s00500-020-05503-5","Tao HanFrancisco Nauber Bernardo GoisRamsés OliveiraLuan Rocha PratesMagda Moura de Almeida Porto","2021","http://link.springer.com/article/10.1007/s00500-020-05503-5","Article"
"EdgeCRNN: an edge-computing oriented model of acoustic feature enhancement for keyword spotting","Journal of Ambient Intelligence and Humanized Computing","","","","10.1007/s12652-021-03022-1","Yungen WeiZheng GongShunzhi YangKai YeYamin Wen","2021","http://link.springer.com/article/10.1007/s12652-021-03022-1","Article"
"Swarm Intelligence Based Hybrid Neural Network Approach for Stock Price Forecasting","Computational Economics","","","","10.1007/s10614-021-10176-9","Gourav KumarUday Pratap SinghSanjeev Jain","2021","http://link.springer.com/article/10.1007/s10614-021-10176-9","Article"
"Steganalysis of convolutional neural network based on neural architecture search","Multimedia Systems","","27","3","10.1007/s00530-021-00779-5","Hongbo WangXingyu PanLingyan FanShuofeng Zhao","2021","http://link.springer.com/article/10.1007/s00530-021-00779-5","Article"
"Artificial Flora Optimization Algorithm with Genetically Guided Operators for Feature Selection and Neural Network Training","International Journal of Fuzzy Systems","","","","10.1007/s40815-021-01191-x","Nebojsa BacaninTimea BezdanFadi Al-TurjmanTarik A. Rashid","2021","http://link.springer.com/article/10.1007/s40815-021-01191-x","Article"
"Classification of industrial surface defects based on neural architecture search","Multimedia Tools and Applications","","80","4","10.1007/s11042-020-09968-2","Tiejun YangTianshu ZhangLin Huang","2021","http://link.springer.com/article/10.1007/s11042-020-09968-2","Article"
"A Neural Network with Evolutionary Neurons","Neural Processing Letters","","16","1","10.1023/A:1019747726343","Alberto Alvarez","2002","http://link.springer.com/article/10.1023/A%3A1019747726343","Article"
"How Can Machine Learning and Optimization Help Each Other Better?","Journal of the Operations Research Society of China","","8","2","10.1007/s40305-019-00285-6","Zhou-Chen Lin","2020","http://link.springer.com/article/10.1007/s40305-019-00285-6","Article"
"NasmamSR: a fast image super-resolution network based on neural architecture search and multiple attention mechanism","Multimedia Systems","","","","10.1007/s00530-021-00841-2","Xin YangJiangfeng FanChenhuan WuDake ZhouTao Li","2021","http://link.springer.com/article/10.1007/s00530-021-00841-2","Article"
"EfficientPose: Efficient human pose estimation with neural architecture search","Computational Visual Media","","7","3","10.1007/s41095-021-0214-z","Wenqiang ZhangJiemin FangXinggang WangWenyu Liu","2021","http://link.springer.com/article/10.1007/s41095-021-0214-z","Article"
"Evolving graph convolutional networks for neural architecture search","Neural Computing and Applications","","","","10.1007/s00521-021-05979-8","George KyriakidesKonstantinos Margaritis","2021","http://link.springer.com/article/10.1007/s00521-021-05979-8","Article"
"The effect of reduced training in neural architecture search","Neural Computing and Applications","","32","23","10.1007/s00521-020-04915-6","George KyriakidesKonstantinos Margaritis","2020","http://link.springer.com/article/10.1007/s00521-020-04915-6","Article"
"EAT-NAS: elastic architecture transfer for accelerating large-scale neural architecture search","Science China Information Sciences","","64","9","10.1007/s11432-020-3112-8","Jiemin FangYukang ChenXinbang ZhangQian ZhangChang HuangGaofeng MengWenyu LiuXinggang Wang","2021","http://link.springer.com/article/10.1007/s11432-020-3112-8","Article"
"A fast and robust convolutional neural network-based defect detection model in product quality control","The International Journal of Advanced Manufacturing Technology","","94","9 - 12","10.1007/s00170-017-0882-0","Tian WangYang ChenMeina QiaoHichem Snoussi","2018","http://link.springer.com/article/10.1007/s00170-017-0882-0","Article"
"Learning a Robust Part-Aware Monocular 3D Human Pose Estimator via Neural Architecture Search","International Journal of Computer Vision","","130","1","10.1007/s11263-021-01525-0","Zerui ChenYan HuangHongyuan YuLiang Wang","2022","http://link.springer.com/article/10.1007/s11263-021-01525-0","Article"
"Area Efficient Pattern Representation of Binary Neural Networks on RRAM","Journal of Computer Science and Technology","","36","5","10.1007/s11390-021-0906-y","Feng WangGuo-Jie LuoGuang-Yu SunYu-Hao WangDi-Min NiuHong-Zhong Zheng","2021","http://link.springer.com/article/10.1007/s11390-021-0906-y","Article"
"Stochastic deep collocation method based on neural architecture search and transfer learning for heterogeneous porous media","Engineering with Computers","","","","10.1007/s00366-021-01586-2","Hongwei GuoXiaoying ZhuangPengwan ChenNaif AlajlanTimon Rabczuk","2022","http://link.springer.com/article/10.1007/s00366-021-01586-2","Article"
"Memory-Efficient Hierarchical Neural Architecture Search for Image Restoration","International Journal of Computer Vision","","130","1","10.1007/s11263-021-01537-w","Haokui ZhangYing LiHao ChenChengrong GongZongwen BaiChunhua Shen","2022","http://link.springer.com/article/10.1007/s11263-021-01537-w","Article"
"Binarized Neural Architecture Search for Efficient Object Recognition","International Journal of Computer Vision","","129","2","10.1007/s11263-020-01379-y","Hanlin ChenLi’an ZhuoBaochang ZhangXiawu ZhengJianzhuang LiuRongrong JiDavid DoermannGuodong Guo","2021","http://link.springer.com/article/10.1007/s11263-020-01379-y","Article"
"Evolutionary Learning of Modular Neural Networks with Genetic Programming","Applied Intelligence","","9","3","10.1023/A:1008388118869","Sung-Bae ChoKatsunori Shimohara","1998","http://link.springer.com/article/10.1023/A%3A1008388118869","Article"
"Automatic lung segmentation in low-dose chest CT scans using convolutional deep and wide network (CDWN)","Neural Computing and Applications","","32","20","10.1007/s00521-018-3877-3","S. Akila AgnesJ. AnithaJ. Dinesh Peter","2020","http://link.springer.com/article/10.1007/s00521-018-3877-3","Article"
"Study of CNN Capacity Applied to Left Ventricle Segmentation in Cardiac MRI","SN Computer Science","","2","6","10.1007/s42979-021-00897-x","Marcelo A. F. ToledoDaniel M. LimaJose E. KriegerMarco A. Gutierrez","2021","http://link.springer.com/article/10.1007/s42979-021-00897-x","Article"
"SAED: self-attentive energy disaggregation","Machine Learning","","","","10.1007/s10994-021-06106-3","Nikolaos Virtsionis-GkalinikisChristoforos NalmpantisDimitris Vrakas","2021","http://link.springer.com/article/10.1007/s10994-021-06106-3","Article"
"A Neural Network Scheme for Long-Term Forecasting of Chaotic Time Series","Neural Processing Letters","","33","3","10.1007/s11063-011-9174-0","Pilar Gómez-GilJuan Manuel Ramírez-CortesSaúl E. Pomares HernándezVicente Alarcón-Aquino","2011","http://link.springer.com/article/10.1007/s11063-011-9174-0","Article"
"AutoDet: Pyramid Network Architecture Search for Object Detection","International Journal of Computer Vision","","129","4","10.1007/s11263-020-01415-x","Zhihang LiTeng XiGang ZhangJingtuo LiuRan He","2021","http://link.springer.com/article/10.1007/s11263-020-01415-x","Article"
"Prediction of mechanical properties of micro-alloyed steels via neural networks learned by water wave optimization","Neural Computing and Applications","","32","10","10.1007/s00521-019-04149-1","Ao LiuPeng LiWeiliang SunXudong DengWeigang LiYuntao ZhaoBo Liu","2020","http://link.springer.com/article/10.1007/s00521-019-04149-1","Article"
"Scaling up data mining algorithms: review and taxonomy","Progress in Artificial Intelligence","","1","1","10.1007/s13748-011-0004-4","Nicolás García-PedrajasAida de Haro-García","2012","http://link.springer.com/article/10.1007/s13748-011-0004-4","Article"
"Biblio: automatic meta-data extraction","International Journal of Document Analysis and Recognition (IJDAR)","","10","2","10.1007/s10032-006-0032-y","Carl StaelinMichael EladDarryl GreigOded ShmueliMarie Vans","2007","http://link.springer.com/article/10.1007/s10032-006-0032-y","Article"
"Deep clustering of protein folding simulations","BMC Bioinformatics","","19","18","10.1186/s12859-018-2507-5","Debsindhu BhowmikShang GaoMichael T. YoungArvind Ramanathan","2018","http://link.springer.com/article/10.1186/s12859-018-2507-5","Article"
"Green machine learning via augmented Gaussian processes and multi-information source optimization","Soft Computing","","25","19","10.1007/s00500-021-05684-7","Antonio CandelieriRiccardo PeregoFrancesco Archetti","2021","http://link.springer.com/article/10.1007/s00500-021-05684-7","Article"
"MEBeauty: a multi-ethnic facial beauty dataset in-the-wild","Neural Computing and Applications","","","","10.1007/s00521-021-06535-0","Irina LebedevaYi GuoFangli Ying","2021","http://link.springer.com/article/10.1007/s00521-021-06535-0","Article"
"Infrared Dim and Small Target Detection Based on Denoising Autoencoder Network","Mobile Networks and Applications","","25","4","10.1007/s11036-019-01377-6","Manshu ShiHuan Wang","2020","http://link.springer.com/article/10.1007/s11036-019-01377-6","Article"
"An evolutionary approach for automatically extracting intelligible classification rules","Knowledge and Information Systems","","7","2","10.1007/s10115-003-0143-4","I. De FalcoA. Della CioppaA. IazzettaE. Tarantino","2005","http://link.springer.com/article/10.1007/s10115-003-0143-4","Article"
"Solving Electrical Distribution Problems Using Hybrid Evolutionary Data Analysis Techniques","Applied Intelligence","","10","1","10.1023/A:1008384630089","Oscar CordónFrancisco HerreraLuciano Sánchez","1999","http://link.springer.com/article/10.1023/A%3A1008384630089","Article"
"Neurocontroller design via supervised and unsupervised learning","Journal of Intelligent and Robotic Systems","","2","2 - 3","10.1007/BF00238695","Allon GuezJohn Selinsky","1989","http://link.springer.com/article/10.1007/BF00238695","Article"
"PIKS: A Technique to Identify Actionable Trends for Policy-Makers Through Open Healthcare Data","SN Computer Science","","2","6","10.1007/s42979-021-00871-7","A. Ravishankar RaoSubrata GaraiSoumyabrata DeyHang Peng","2021","http://link.springer.com/article/10.1007/s42979-021-00871-7","Article"
"Evolutionary dataset optimisation: learning algorithm quality through evolution","Applied Intelligence","","50","4","10.1007/s10489-019-01592-4","Henry WildeVincent KnightJonathan Gillard","2020","http://link.springer.com/article/10.1007/s10489-019-01592-4","Article"
"Incremental Learning with Respect to New Incoming Input Attributes","Neural Processing Letters","","14","3","10.1023/A:1012799113953","Sheng-Uei GuanShanchun Li","2001","http://link.springer.com/article/10.1023/A%3A1012799113953","Article"
"Scaled gated networks","World Wide Web","","","","10.1007/s11280-021-00968-2","Ruiyuan LuJihua ZhuXueming QianZhiqiang TianYi Yue","2021","http://link.springer.com/article/10.1007/s11280-021-00968-2","Article"
"Multi-task Pruning via Filter Index Sharing: A Many-Objective Optimization Approach","Cognitive Computation","","13","4","10.1007/s12559-021-09894-x","Hanjing ChengZidong WangLifeng MaXiaohui LiuZhihui Wei","2021","http://link.springer.com/article/10.1007/s12559-021-09894-x","Article"
"Harnessing the Materials Project for machine-learning and accelerated discovery","MRS Bulletin","","43","9","10.1557/mrs.2018.202","Weike YeChi ChenShyam DwaraknathAnubhav JainShyue Ping OngKristin A. Persson","2018","http://link.springer.com/article/10.1557/mrs.2018.202","Article"
"Future vehicles: interactive wheeled robots","Science China Information Sciences","","64","5","10.1007/s11432-020-3171-4","Nan MaDeyi LiWen HeYue DengJiahong LiYue GaoHong BaoHuan ZhangXinkai XuYuansheng LiuZhixuan WuLi Chen","2021","http://link.springer.com/article/10.1007/s11432-020-3171-4","Article"
"Testing and Reliability Techniques for High-Bandwidth Embedded RAMs","Journal of Electronic Testing","","20","1","10.1023/B:JETT.0000009316.94309.66","Kanad Chakraborty","2004","http://link.springer.com/article/10.1023/B%3AJETT.0000009316.94309.66","Article"
"A million transistor systolic array graphics engine","Journal of VLSI signal processing systems for signal, image and video technology","","1","1","10.1007/BF00932064","Nader GharachorlooSatish GuptaErdem HokenekPeruvemba BalasubramanianWilliam BogholtzChristian MathieuChristos Zoulas","1989","http://link.springer.com/article/10.1007/BF00932064","Article"
"DBSMOTE: Density-Based Synthetic Minority Over-sampling TEchnique","Applied Intelligence","","36","3","10.1007/s10489-011-0287-y","Chumphol BunkhumpornpatKrung SinapiromsaranChidchanok Lursinsap","2012","http://link.springer.com/article/10.1007/s10489-011-0287-y","Article"
"Predicting the Flow of Defect Correction Effort using a Bayesian Network Model","Empirical Software Engineering","","18","3","10.1007/s10664-011-9175-7","Thomas SchulzŁukasz RadlińskiThomas GorgesWolfgang Rosenstiel","2013","http://link.springer.com/article/10.1007/s10664-011-9175-7","Article"