Item Title,Publication Title,Book Series Title,Journal Volume,Journal Issue,Item DOI,Authors,Publication Year,URL,Content Type
"Machine Learning and Knowledge Discovery in Databases. Applied Data Science Track","Lecture Notes in Computer Science","","","","10.1007/978-3-030-86517-7","Yuxiao DongNicolas KourtellisProf. Barbara HammerJose A. Lozano","2021","http://link.springer.com/book/10.1007/978-3-030-86517-7","Book"
"Automated Design of Machine Learning and Search Algorithms","Natural Computing Series","","","","10.1007/978-3-030-72069-8","Prof. Nelishia PillayProf. Rong Qu","2021","http://link.springer.com/book/10.1007/978-3-030-72069-8","Book"
"Automated Machine Learning and Meta-Learning for Multimedia","","","","","10.1007/978-3-030-88132-0","Wenwu ZhuXin Wang","2021","http://link.springer.com/book/10.1007/978-3-030-88132-0","Book"
"Machine Learning and Knowledge Discovery in Databases. Research Track","Lecture Notes in Computer Science","","","","10.1007/978-3-030-86523-8","Nuria OliverFernando Pérez-CruzStefan KramerJesse ReadJose A. Lozano","2021","http://link.springer.com/book/10.1007/978-3-030-86523-8","Book"
"Machine Learning and Knowledge Discovery in Databases. Research Track","Lecture Notes in Computer Science","","","","10.1007/978-3-030-86486-6","Nuria OliverFernando Pérez-CruzStefan KramerJesse ReadJose A. Lozano","2021","http://link.springer.com/book/10.1007/978-3-030-86486-6","Book"
"Artificial Neural Networks and Machine Learning – ICANN 2021","Lecture Notes in Computer Science","","","","10.1007/978-3-030-86383-8","Prof. Igor FarkašPaolo MasulliDr. Sebastian OtteStefan Wermter","2021","http://link.springer.com/book/10.1007/978-3-030-86383-8","Book"
"Artificial Neural Networks and Machine Learning – ICANN 2021","Lecture Notes in Computer Science","","","","10.1007/978-3-030-86380-7","Prof. Igor FarkašPaolo MasulliDr. Sebastian OtteStefan Wermter","2021","http://link.springer.com/book/10.1007/978-3-030-86380-7","Book"
"Applications of Artificial Intelligence and Machine Learning","Lecture Notes in Electrical Engineering","","","","10.1007/978-981-16-3067-5","Ankur ChoudharyArun Prakash AgrawalRajasvaran LogeswaranDr. Bhuvan Unhelkar","2021","http://link.springer.com/book/10.1007/978-981-16-3067-5","Book"
"Artificial Neural Networks and Machine Learning – ICANN 2021","Lecture Notes in Computer Science","","","","10.1007/978-3-030-86365-4","Prof. Igor FarkašPaolo MasulliDr. Sebastian OtteStefan Wermter","2021","http://link.springer.com/book/10.1007/978-3-030-86365-4","Book"
"Machine Learning in Medical Imaging","Lecture Notes in Computer Science","","","","10.1007/978-3-030-87589-3","Chunfeng LianXiaohuan CaoIslem RekikDr. Xuanang XuDr. Pingkun Yan","2021","http://link.springer.com/book/10.1007/978-3-030-87589-3","Book"
"Artificial Neural Networks and Machine Learning – ICANN 2021","Lecture Notes in Computer Science","","","","10.1007/978-3-030-86340-1","Prof. Igor FarkašPaolo MasulliDr. Sebastian OtteStefan Wermter","2021","http://link.springer.com/book/10.1007/978-3-030-86340-1","Book"
"Machine Learning and Knowledge Discovery in Databases. Applied Data Science Track","Lecture Notes in Computer Science","","","","10.1007/978-3-030-86514-6","Yuxiao DongNicolas KourtellisProf. Barbara HammerJose A. Lozano","2021","http://link.springer.com/book/10.1007/978-3-030-86514-6","Book"
"MultiETSC: automated machine learning for early time series classification","Data Mining and Knowledge Discovery","","35","6","10.1007/s10618-021-00781-5","Gilles OttervangerMitra BaratchiHolger H. Hoos","2021","http://link.springer.com/article/10.1007/s10618-021-00781-5","Article"
"Machine Learning and Knowledge Extraction","Lecture Notes in Computer Science","","","","10.1007/978-3-030-84060-0","Andreas HolzingerPeter KiesebergProf. A Min TjoaEdgar Weippl","2021","http://link.springer.com/book/10.1007/978-3-030-84060-0","Book"
"Improving Software Maintainability Prediction Using Hyperparameter Tuning of Baseline Machine Learning Algorithms","Applications of Artificial Intelligence and Machine Learning","","","","10.1007/978-981-16-3067-5_51","Kirti LakraAnuradha Chug","2021","http://link.springer.com/chapter/10.1007/978-981-16-3067-5_51","Chapter"
"Hyperparameter Optimization in Machine Learning","","","","","10.1007/978-1-4842-6579-6","Tanay Agrawal","2021","http://link.springer.com/book/10.1007/978-1-4842-6579-6","Book"
"Uncertainty for Safe Utilization of Machine Learning in Medical Imaging, and Perinatal Imaging, Placental and Preterm Image Analysis","Lecture Notes in Computer Science","","","","10.1007/978-3-030-87735-4","Carole H. SudreRoxane LicandroChristian BaumgartnerProf. Dr. Andrew MelbourneDr. Adrian DalcaDr. Jana HutterRyutaro TannoEsra Abaci TurkKoen Van LeemputJordina Torrents BarrenaWilliam M. WellsChristopher Macgowan","2021","http://link.springer.com/book/10.1007/978-3-030-87735-4","Book"
"Machine Learning for Medical Image Reconstruction","Lecture Notes in Computer Science","","","","10.1007/978-3-030-88552-6","Nandinee HaqPatricia JohnsonAndreas MaierTobias WürflJaejun Yoo","2021","http://link.springer.com/book/10.1007/978-3-030-88552-6","Book"
"Automated Machine Learning for Multimedia","Automated Machine Learning and Meta-Learning for Multimedia","","","","10.1007/978-3-030-88132-0_3","Wenwu ZhuXin Wang","2021","http://link.springer.com/chapter/10.1007/978-3-030-88132-0_3","Chapter"
"Artificial Intelligence and Machine Learning","Communications in Computer and Information Science","","","","10.1007/978-3-030-76640-5","Dr. Mitra BaratchiLu CaoWalter A. KostersDr. Jefrey LijffijtDr. Jan N. van RijnDr. Frank W. Takes","2021","http://link.springer.com/book/10.1007/978-3-030-76640-5","Book"
"Automated Machine Learning","Deep Learning and Practice with MindSpore","","","","10.1007/978-981-16-2233-5_11","Chen Lei","2021","http://link.springer.com/chapter/10.1007/978-981-16-2233-5_11","Chapter"
"Automated Machine Learning—A Brief Review at the End of the Early Years","Automated Design of Machine Learning and Search Algorithms","","","","10.1007/978-3-030-72069-8_2","Hugo Jair Escalante","2021","http://link.springer.com/chapter/10.1007/978-3-030-72069-8_2","Chapter"
"Automated Machine Learning","Automated Machine Learning and Meta-Learning for Multimedia","","","","10.1007/978-3-030-88132-0_1","Wenwu ZhuXin Wang","2021","http://link.springer.com/chapter/10.1007/978-3-030-88132-0_1","Chapter"
"Deployable Machine Learning for Security Defense","Communications in Computer and Information Science","","","","10.1007/978-3-030-87839-9","Gang WangArridhana CiptadiAli Ahmadzadeh","2021","http://link.springer.com/book/10.1007/978-3-030-87839-9","Book"
"Cyber Security Cryptography and Machine Learning","Lecture Notes in Computer Science","","","","10.1007/978-3-030-78086-9","Shlomi DolevOded MargalitProf. Benny PinkasAlexander Schwarzmann","2021","http://link.springer.com/book/10.1007/978-3-030-78086-9","Book"
"Machine Learning for Oracle Database Professionals","","","","","10.1007/978-1-4842-7032-5","Heli HelskyahoJean YuKai Yu","2021","http://link.springer.com/book/10.1007/978-1-4842-7032-5","Book"
"Examining and Predicting Teacher Professional Development by Machine Learning Methods","Neural Computing for Advanced Applications","","","","10.1007/978-981-16-5188-5_19","Xin ZhangYueyuan Kang","2021","http://link.springer.com/chapter/10.1007/978-981-16-5188-5_19","Chapter"
"Android Malware Detection using Machine Learning","Advances in Information Security","","","","10.1007/978-3-030-74664-3","Dr. ElMouatez Billah KarbabDr. Mourad DebbabiDr. Abdelouahid DerhabDr. Djedjiga Mouheb","2021","http://link.springer.com/book/10.1007/978-3-030-74664-3","Book"
"Automated Machine Learning for Satellite Data: Integrating Remote Sensing Pre-trained Models into AutoML Systems","Machine Learning and Knowledge Discovery in Databases. Applied Data Science Track","","","","10.1007/978-3-030-86517-7_28","Nelly Rosaura Palacios SalinasMitra BaratchiJan N. van RijnAndreas Vollrath","2021","http://link.springer.com/chapter/10.1007/978-3-030-86517-7_28","Chapter"
"Explainable Artificial Intelligence: An Introduction to Interpretable Machine Learning","","","","","10.1007/978-3-030-83356-5","Dr. Uday KamathDr. John Liu","2021","http://link.springer.com/book/10.1007/978-3-030-83356-5","Book"
"Evaluating Machine Learning Models","Machine Learning and AI for Healthcare","","","","10.1007/978-1-4842-6537-6_7","Arjun Panesar","2021","http://link.springer.com/chapter/10.1007/978-1-4842-6537-6_7","Chapter"
"Machine Learning and Knowledge Discovery in Databases. Research Track","Lecture Notes in Computer Science","","","","10.1007/978-3-030-86520-7","Nuria OliverFernando Pérez-CruzStefan KramerJesse ReadJose A. Lozano","2021","http://link.springer.com/book/10.1007/978-3-030-86520-7","Book"
"Clinical Image-Based Procedures, Distributed and Collaborative Learning, Artificial Intelligence for Combating COVID-19 and Secure and Privacy-Preserving Machine Learning","Lecture Notes in Computer Science","","","","10.1007/978-3-030-90874-4","Cristina Oyarzun LauraM. Jorge CardosoMichal Rosen-ZviGeorgios KaissisMarius George LinguraruRaj ShekharStefan WesargMarius ErdtKlaus DrechslerYufei ChenShadi AlbarqouniPh.D. Spyridon BakasDr. Bennett LandmanNicola RiekeHolger RothXiaoxiao LiDaguang XuMaria GabraniEnder KonukogluMichal GuindyDaniel RueckertAlexander ZillerDmitrii UsyninJonathan Passerat-Palmbach","2021","http://link.springer.com/book/10.1007/978-3-030-90874-4","Book"
"MLASP: Machine learning assisted capacity planning","Empirical Software Engineering","","26","5","10.1007/s10664-021-09994-0","Arthur VituiTse-Hsun (Peter) Chen","2021","http://link.springer.com/article/10.1007/s10664-021-09994-0","Article"
"Machine Learning Based Prediction of H1N1 and Seasonal Flu Vaccination","Advanced Computing","","","","10.1007/978-981-16-0401-0_11","Srividya InampudiGreshma JohnsonJay JhaveriS. NiranjanKuldeep ChaurasiaMayank Dixit","2021","http://link.springer.com/chapter/10.1007/978-981-16-0401-0_11","Chapter"
"Intuitive Feature Engineering and Machine Learning Performance Improvement in the Banking Domain","Advanced Computing","","","","10.1007/978-981-16-0401-0_28","S. TejaB. ChandrashekharEswar ReddyHrishikesh JhaK. NageswaraMathew JosephJaideep MattoRichard K. Bururu","2021","http://link.springer.com/chapter/10.1007/978-981-16-0401-0_28","Chapter"
"Artificial Neural Networks and Machine Learning – ICANN 2021","Lecture Notes in Computer Science","","","","10.1007/978-3-030-86362-3","Prof. Igor FarkašPaolo MasulliDr. Sebastian OtteProf. Dr. Stefan Wermter","2021","http://link.springer.com/book/10.1007/978-3-030-86362-3","Book"
"Introduction to Machine Learning","Machine Learning for Oracle Database Professionals","","","","10.1007/978-1-4842-7032-5_1","Heli HelskyahoJean YuKai Yu","2021","http://link.springer.com/chapter/10.1007/978-1-4842-7032-5_1","Chapter"
"A machine learning approximation of the 2015 Portuguese high school student grades: A hybrid approach","Education and Information Technologies","","26","2","10.1007/s10639-020-10316-y","Ricardo Costa-MendesTiago OliveiraMauro CastelliFrederico Cruz-Jesus","2021","http://link.springer.com/article/10.1007/s10639-020-10316-y","Article"
"Investigating the Effect of Inter-letter Spacing Modulation on Data-Driven Detection of Developmental Dyslexia Based on Eye-Movement Correlates of Reading: A Machine Learning Approach","Pattern Recognition. ICPR International Workshops and Challenges","","","","10.1007/978-3-030-68796-0_34","János SzalmaKathleen Kay AmoraZoltán VidnyánszkyBéla Weiss","2021","http://link.springer.com/chapter/10.1007/978-3-030-68796-0_34","Chapter"
"Methods for Automatic Machine-Learning Workflow Analysis","Machine Learning and Knowledge Discovery in Databases. Applied Data Science Track","","","","10.1007/978-3-030-86517-7_4","Lorenz WendlingerEmanuel BerndlMichael Granitzer","2021","http://link.springer.com/chapter/10.1007/978-3-030-86517-7_4","Chapter"
"Using Machine Learning for Risk Classification in Brazilian Federal Voluntary Transfers","Electronic Government and the Information Systems Perspective","","","","10.1007/978-3-030-86611-2_13","Daniel M. GuilhonAillkeen Bezerra de OliveiraDaniel L. Gomes JrAnselmo C. PaivaCláudio de Souza BaptistaGeraldo Braz JuniorJoão Dallysson Sousa de Almeida","2021","http://link.springer.com/chapter/10.1007/978-3-030-86611-2_13","Chapter"
"Application of Supervised Machine Learning Methods on the Multidimensional Knapsack Problem","Neural Processing Letters","","","","10.1007/s11063-021-10662-z","Abdellah RezougMohamed Bader-el-denDalila Boughaci","2021","http://link.springer.com/article/10.1007/s11063-021-10662-z","Article"
"Incremental Search Space Construction for Machine Learning Pipeline Synthesis","Advances in Intelligent Data Analysis XIX","","","","10.1007/978-3-030-74251-5_9","Marc-André ZöllerTien-Dung NguyenMarco F. Huber","2021","http://link.springer.com/chapter/10.1007/978-3-030-74251-5_9","Chapter"
"Addressing IT Capacity Management Concerns Using Machine Learning Techniques","SN Computer Science","","3","1","10.1007/s42979-021-00862-8","Hendrik MüllerAndrey KharitonovAbdulrahman NahhasSascha BosseKlaus Turowski","2021","http://link.springer.com/article/10.1007/s42979-021-00862-8","Article"
"An overview of machine learning techniques in constraint solving","Journal of Intelligent Information Systems","","","","10.1007/s10844-021-00666-5","Andrei PopescuSeda Polat-ErdenizAlexander FelfernigMathias UtaMüslüm AtasViet-Man LeKlaus PilslMartin EnzelsbergerThi Ngoc Trang Tran","2021","http://link.springer.com/article/10.1007/s10844-021-00666-5","Article"
"A comprehensive study on battery electric modeling approaches based on machine learning","Energy Informatics","","4","3","10.1186/s42162-021-00171-7","Felix HeinrichPatrick KlapperMarco Pruckner","2021","http://link.springer.com/article/10.1186/s42162-021-00171-7","Article"
"Machine learning towards intelligent systems: applications, challenges, and opportunities","Artificial Intelligence Review","","54","5","10.1007/s10462-020-09948-w","MohammadNoor InjadatAbdallah MoubayedAli Bou NassifAbdallah Shami","2021","http://link.springer.com/article/10.1007/s10462-020-09948-w","Article"
"Quantum Machine Learning: An Applied Approach","","","","","10.1007/978-1-4842-7098-1","Santanu Ganguly","2021","http://link.springer.com/book/10.1007/978-1-4842-7098-1","Book"
"Machine learning models for ecological footprint prediction based on energy parameters","Neural Computing and Applications","","33","12","10.1007/s00521-020-05476-4","Radmila JankovićIvan MihajlovićNada ŠtrbacAlessia Amelio","2021","http://link.springer.com/article/10.1007/s00521-020-05476-4","Article"
"Improving Model Accuracy with Probability Scoring Machine Learning Models","Advances in Data Science and Information Engineering","","","","10.1007/978-3-030-71704-9_34","Juily VasandaniSaumya BhartiDeepankar SinghShreeansh Priyadarshi","2021","http://link.springer.com/chapter/10.1007/978-3-030-71704-9_34","Chapter"
"A Scalable and Automated Machine Learning Framework to Support Risk Management","Agents and Artificial Intelligence","","","","10.1007/978-3-030-71158-0_14","Luís FerreiraAndré PilastriCarlos MartinsPedro SantosPaulo Cortez","2021","http://link.springer.com/chapter/10.1007/978-3-030-71158-0_14","Chapter"
"Assessment of Machine Learning Pipelines for Prediction of Behavioral Deficits from Brain Disconnectomes","Brain Informatics","","","","10.1007/978-3-030-86993-9_20","Marco ZorziMichele De Filippo De GraziaElvio BliniAlberto Testolin","2021","http://link.springer.com/chapter/10.1007/978-3-030-86993-9_20","Chapter"
"Machine Learning in Clinical Neuroimaging","Lecture Notes in Computer Science","","","","10.1007/978-3-030-87586-2","Ahmed AbdulkadirSeyed Mostafa KiaMohamad HabesVinod KumarJane Maryam RondinaChantal TaxThomas Wolfers","2021","http://link.springer.com/book/10.1007/978-3-030-87586-2","Book"
"DNA Read Feature Importance Using Machine Learning for Read Alignment Categories","Computational Advances in Bio and Medical Sciences","","","","10.1007/978-3-030-79290-9_1","Jacob S. Porter","2021","http://link.springer.com/chapter/10.1007/978-3-030-79290-9_1","Chapter"
"A Robust Automated Machine Learning System with Pseudoinverse Learning","Cognitive Computation","","13","3","10.1007/s12559-021-09853-6","Ke WangPing Guo","2021","http://link.springer.com/article/10.1007/s12559-021-09853-6","Article"
"A Comparative Analysis of Machine Learning classifiers for Dysphonia-based classification of Parkinson’s Disease","International Journal of Data Science and Analytics","","11","1","10.1007/s41060-020-00234-0","Jinee GoyalPadmavati KhandnorTrilok Chand Aseri","2021","http://link.springer.com/article/10.1007/s41060-020-00234-0","Article"
"Towards Model Generalization for Intrusion Detection: Unsupervised Machine Learning Techniques","Journal of Network and Systems Management","","30","1","10.1007/s10922-021-09615-7","Miel VerkerkenLaurens D’hoogeTim WautersBruno VolckaertFilip De Turck","2021","http://link.springer.com/article/10.1007/s10922-021-09615-7","Article"
"The stochastic aeroelastic response analysis of helicopter rotors using deep and shallow machine learning","Neural Computing and Applications","","33","23","10.1007/s00521-021-06288-w","Tanmoy ChatterjeeAniekan EssienRanjan GanguliMichael I. Friswell","2021","http://link.springer.com/article/10.1007/s00521-021-06288-w","Article"
"Oracle and Machine Learning","Machine Learning for Oracle Database Professionals","","","","10.1007/978-1-4842-7032-5_2","Heli HelskyahoJean YuKai Yu","2021","http://link.springer.com/chapter/10.1007/978-1-4842-7032-5_2","Chapter"
"Predicting special care during the COVID-19 pandemic: a machine learning approach","Health Information Science and Systems","","9","1","10.1007/s13755-021-00164-6","Vitor P. BezzanCleber D. Rocco","2021","http://link.springer.com/article/10.1007/s13755-021-00164-6","Article"
"Machine Learning Flow and Automated Pipelines","Applied Data Science Using PySpark","","","","10.1007/978-1-4842-6500-0_8","Ramcharan KakarlaSundar KrishnanSridhar Alla","2021","http://link.springer.com/chapter/10.1007/978-1-4842-6500-0_8","Chapter"
"ML Deployment Pipeline Using Oracle Machine Learning","Machine Learning for Oracle Database Professionals","","","","10.1007/978-1-4842-7032-5_9","Heli HelskyahoJean YuKai Yu","2021","http://link.springer.com/chapter/10.1007/978-1-4842-7032-5_9","Chapter"
"Machine Learning","Quantum Machine Learning: An Applied Approach","","","","10.1007/978-1-4842-7098-1_2","Santanu Ganguly","2021","http://link.springer.com/chapter/10.1007/978-1-4842-7098-1_2","Chapter"
"Introduction to Machine Learning","Applied Neural Networks with TensorFlow 2","","","","10.1007/978-1-4842-6513-0_2","Orhan Gazi Yalçın","2021","http://link.springer.com/chapter/10.1007/978-1-4842-6513-0_2","Chapter"
"Implementing Machine Learning for Finance","","","","","10.1007/978-1-4842-7110-0","Tshepo Chris Nokeri","2021","http://link.springer.com/book/10.1007/978-1-4842-7110-0","Book"
"Optimization of heterogeneous systems with AI planning heuristics and machine learning: a performance and energy aware approach","Computing","","103","12","10.1007/s00607-021-01017-6","Suejb MemetiSabri Pllana","2021","http://link.springer.com/article/10.1007/s00607-021-01017-6","Article"
"Delivery and Automation Pipeline in Machine Learning","Machine Learning for Oracle Database Professionals","","","","10.1007/978-1-4842-7032-5_8","Heli HelskyahoJean YuKai Yu","2021","http://link.springer.com/chapter/10.1007/978-1-4842-7032-5_8","Chapter"
"Methodology for Preclinical Laboratory Research Using Machine Learning","Creativity in Intelligent Technologies and Data Science","","","","10.1007/978-3-030-87034-8_45","Vadim LoshmanovViktor PetraevskiyPavel Fantrov","2021","http://link.springer.com/chapter/10.1007/978-3-030-87034-8_45","Chapter"
"Visual tools for teaching machine learning in K-12: A ten-year systematic mapping","Education and Information Technologies","","26","5","10.1007/s10639-021-10570-8","Christiane Gresse von WangenheimJean C. R. HauckFernando S. PachecoMatheus F. Bertonceli Bueno","2021","http://link.springer.com/article/10.1007/s10639-021-10570-8","Article"
"MachSMT: A Machine Learning-based Algorithm Selector for SMT Solvers","Tools and Algorithms for the Construction and Analysis of Systems","","","","10.1007/978-3-030-72013-1_16","Joseph ScottAina NiemetzMathias PreinerSaeed NejatiVijay Ganesh","2021","http://link.springer.com/chapter/10.1007/978-3-030-72013-1_16","Chapter"
"Quantum Machine Learning and Fraud Detection","Protocols, Strands, and Logic","","","","10.1007/978-3-030-91631-2_8","Alessandra Di PierroMassimiliano Incudini","2021","http://link.springer.com/chapter/10.1007/978-3-030-91631-2_8","Chapter"
"Machine Learning with Spark","Beginning Apache Spark 3","","","","10.1007/978-1-4842-7383-8_8","Hien Luu","2021","http://link.springer.com/chapter/10.1007/978-1-4842-7383-8_8","Chapter"
"Formal semantics and high performance in declarative machine learning using Datalog","The VLDB Journal","","30","5","10.1007/s00778-021-00665-6","Jin WangJiacheng WuMingda LiJiaqi GuAriyam DasCarlo Zaniolo","2021","http://link.springer.com/article/10.1007/s00778-021-00665-6","Article"
"Prediction of the critical temperature of a superconductor by using the WOA/MARS, Ridge, Lasso and Elastic-net machine learning techniques","Neural Computing and Applications","","33","24","10.1007/s00521-021-06304-z","Paulino José García-NietoEsperanza García-GonzaloJosé Pablo Paredes-Sánchez","2021","http://link.springer.com/article/10.1007/s00521-021-06304-z","Article"
"Machine learning for computationally efficient electrical loads estimation in consumer washing machines","Neural Computing and Applications","","33","22","10.1007/s00521-021-06138-9","Vittorio CasagrandeGianfranco FenuFelice Andrea PellegrinoGilberto PinErica SalvatoDavide Zorzenon","2021","http://link.springer.com/article/10.1007/s00521-021-06138-9","Article"
"Handling Novel Mobile Malware Attacks with Optimised Machine Learning Based Detection and Classification Models","Artificial Intelligence in Cyber Security: Impact and Implications","","","","10.1007/978-3-030-88040-8_1","Ali BatoucheHamid Jahankhani","2021","http://link.springer.com/chapter/10.1007/978-3-030-88040-8_1","Chapter"
"The Business Value of Transactional Machine Learning","Transactional Machine Learning with Data Streams and AutoML","","","","10.1007/978-1-4842-7023-3_4","Sebastian Maurice","2021","http://link.springer.com/chapter/10.1007/978-1-4842-7023-3_4","Chapter"
"Customer churn prediction system: a machine learning approach","Computing","","","","10.1007/s00607-021-00908-y","Praveen LalwaniManas Kumar MishraJasroop Singh ChadhaPratyush Sethi","2021","http://link.springer.com/article/10.1007/s00607-021-00908-y","Article"
"Crop Yield Estimation Using Machine Learning","Soft Computing and its Engineering Applications","","","","10.1007/978-981-16-0708-0_27","Nihar PatelDeep PatelSamir PatelVibha Patel","2021","http://link.springer.com/chapter/10.1007/978-981-16-0708-0_27","Chapter"
"Machine learning based KNN classifier: towards robust, efficient DTMF tone detection for a Noisy environment","Multimedia Tools and Applications","","80","19","10.1007/s11042-021-11194-3","Arunit MaityP. PrakasamSarthak Bhargava","2021","http://link.springer.com/article/10.1007/s11042-021-11194-3","Article"
"Model averaging in distributed machine learning: a case study with Apache Spark","The VLDB Journal","","30","4","10.1007/s00778-021-00664-7","Yunyan GuoZhipeng ZhangJiawei JiangWentao WuCe ZhangBin CuiJianzhong Li","2021","http://link.springer.com/article/10.1007/s00778-021-00664-7","Article"
"Enhancing software model encoding for feature location approaches based on machine learning techniques","Software and Systems Modeling","","","","10.1007/s10270-021-00920-y","Ana C. MarcénFrancisca PérezÓscar PastorCarlos Cetina","2021","http://link.springer.com/article/10.1007/s10270-021-00920-y","Article"
"A Deeper Look at Machine Learning-Based Cryptanalysis","Advances in Cryptology – EUROCRYPT 2021","","","","10.1007/978-3-030-77870-5_28","Adrien BenamiraDavid GeraultThomas PeyrinQuan Quan Tan","2021","http://link.springer.com/chapter/10.1007/978-3-030-77870-5_28","Chapter"
"Towards Math Terms Disambiguation Using Machine Learning","Intelligent Computer Mathematics","","","","10.1007/978-3-030-81097-9_7","Ruocheng ShanAbdou Youssef","2021","http://link.springer.com/chapter/10.1007/978-3-030-81097-9_7","Chapter"
"Online Machine Learning Techniques for Coq: A Comparison","Intelligent Computer Mathematics","","","","10.1007/978-3-030-81097-9_5","Liao ZhangLasse BlaauwbroekBartosz PiotrowskiProkop ČernỳCezary KaliszykJosef Urban","2021","http://link.springer.com/chapter/10.1007/978-3-030-81097-9_5","Chapter"
"Performance analysis of machine learning based optimized feature selection approaches for breast cancer diagnosis","International Journal of Information Technology","","","","10.1007/s41870-021-00671-5","Ajay SharmaPramod Kumar Mishra","2021","http://link.springer.com/article/10.1007/s41870-021-00671-5","Article"
"Evolutionary Algorithms-Based Machine Learning Models","Trends of Data Science and Applications","","","","10.1007/978-981-33-6815-6_5","Junali Jasmine JenaManjusha PandeySiddharth Swarup RautaraySushovan Jena","2021","http://link.springer.com/chapter/10.1007/978-981-33-6815-6_5","Chapter"
"Comparative Evaluation of the Supervised Machine Learning Classification Methods and the Concept Drift Detection Methods in the Financial Business Problems","Enterprise Information Systems","","","","10.1007/978-3-030-75418-1_13","Victor Ulisses PuglieseRenato Duarte CostaCelso Massaki Hirata","2021","http://link.springer.com/chapter/10.1007/978-3-030-75418-1_13","Chapter"
"Constructing Machine Learning Models for Prediction","Guide to Industrial Analytics","","","","10.1007/978-3-030-79104-9_7","Richard HillStuart Berry","2021","http://link.springer.com/chapter/10.1007/978-3-030-79104-9_7","Chapter"
"Transactional Machine Learning Solution Template with Streaming Visualization","Transactional Machine Learning with Data Streams and AutoML","","","","10.1007/978-1-4842-7023-3_6","Sebastian Maurice","2021","http://link.springer.com/chapter/10.1007/978-1-4842-7023-3_6","Chapter"
"Abusive language detection from social media comments using conventional machine learning and deep learning approaches","Multimedia Systems","","","","10.1007/s00530-021-00784-8","Muhammad Pervez AkhterZheng JiangbinIrfan Raza NaqviMohammed AbdelMajeedTehseen Zia","2021","http://link.springer.com/article/10.1007/s00530-021-00784-8","Article"
"Towards Regulatory-Compliant MLOps: Oravizio’s Journey from a Machine Learning Experiment to a Deployed Certified Medical Product","SN Computer Science","","2","5","10.1007/s42979-021-00726-1","Tuomas GranlundVlad StirbuTommi Mikkonen","2021","http://link.springer.com/article/10.1007/s42979-021-00726-1","Article"
"Proposal of Credit Risk Model Using Machine Learning in Motorcycle Sales","Human Interface and the Management of Information. Information-Rich and Intelligent Environments","","","","10.1007/978-3-030-78361-7_26","Ryota FujinumaYumi Asahi","2021","http://link.springer.com/chapter/10.1007/978-3-030-78361-7_26","Chapter"
"Transactional Machine Learning","Transactional Machine Learning with Data Streams and AutoML","","","","10.1007/978-1-4842-7023-3_2","Sebastian Maurice","2021","http://link.springer.com/chapter/10.1007/978-1-4842-7023-3_2","Chapter"
"Construction of a quality model for machine learning systems","Software Quality Journal","","","","10.1007/s11219-021-09557-y","Julien SiebertLisa JoeckelJens HeidrichAdam TrendowiczKoji NakamichiKyoko OhashiIsao NambaRieko YamamotoMikio Aoyama","2021","http://link.springer.com/article/10.1007/s11219-021-09557-y","Article"
"Predicting the Soft Error Vulnerability of Parallel Applications Using Machine Learning","International Journal of Parallel Programming","","49","3","10.1007/s10766-021-00707-0","Işıl ÖzSanem Arslan","2021","http://link.springer.com/article/10.1007/s10766-021-00707-0","Article"
"Location-Specific vs Location-Agnostic Machine Learning Metamodels for Predicting Pasture Nitrogen Response Rate","Pattern Recognition. ICPR International Workshops and Challenges","","","","10.1007/978-3-030-68780-9_5","Christos PylianidisVal SnowDean HolzworthJeremy BryantIoannis N. Athanasiadis","2021","http://link.springer.com/chapter/10.1007/978-3-030-68780-9_5","Chapter"
"Permeability prediction of porous media using a combination of computational fluid dynamics and hybrid machine learning methods","Engineering with Computers","","37","4","10.1007/s00366-020-01012-z","Jianwei TianChongchong QiYingfeng SunZaher Mundher YaseenBinh Thai Pham","2021","http://link.springer.com/article/10.1007/s00366-020-01012-z","Article"
"Prediction of domestic power peak demand and consumption using supervised machine learning with smart meter dataset","Multimedia Tools and Applications","","80","13","10.1007/s11042-021-10696-4","R. GeethaK. RamyadeviM. Balasubramanian","2021","http://link.springer.com/article/10.1007/s11042-021-10696-4","Article"
"Evaluation of adversarial machine learning tools for securing AI systems","Cluster Computing","","","","10.1007/s10586-021-03421-1","S. AshaP. Vinod","2021","http://link.springer.com/article/10.1007/s10586-021-03421-1","Article"
"Aleatoric and epistemic uncertainty in machine learning: an introduction to concepts and methods","Machine Learning","","110","3","10.1007/s10994-021-05946-3","Eyke HüllermeierWillem Waegeman","2021","http://link.springer.com/article/10.1007/s10994-021-05946-3","Article"
"A decision support system for heart disease prediction based upon machine learning","Journal of Reliable Intelligent Environments","","7","3","10.1007/s40860-021-00133-6","Pooja RaniRajneesh KumarNada M. O. Sid AhmedAnurag Jain","2021","http://link.springer.com/article/10.1007/s40860-021-00133-6","Article"
"Machine Learning Model Based Expert System for Pig Disease Diagnosis","Recent Trends in Image Processing and Pattern Recognition","","","","10.1007/978-981-16-0493-5_27","Khumukcham RobindroKsh. Nilakanta SinghLeishangthem Sashikumar Singh","2021","http://link.springer.com/chapter/10.1007/978-981-16-0493-5_27","Chapter"
"E-mail classification with machine learning and word embeddings for improved customer support","Neural Computing and Applications","","33","6","10.1007/s00521-020-05058-4","Anton BorgMartin BoldtOliver RosanderJim Ahlstrand","2021","http://link.springer.com/article/10.1007/s00521-020-05058-4","Article"
"Recent advance in machine learning for partial differential equation","CCF Transactions on High Performance Computing","","3","3","10.1007/s42514-021-00076-7","Ka Chun CheungSimon See","2021","http://link.springer.com/article/10.1007/s42514-021-00076-7","Article"
"Hybrid SDN Deployment Using Machine Learning","Computational Science and Technology","","","","10.1007/978-981-33-4069-5_19","H. W. SiewS. C. TanC. K. Lee","2021","http://link.springer.com/chapter/10.1007/978-981-33-4069-5_19","Chapter"
"A survey for user behavior analysis based on machine learning techniques: current models and applications","Applied Intelligence","","51","8","10.1007/s10489-020-02160-x","Alejandro G. MartínAlberto Fernández-IsabelIsaac Martín de DiegoMarta Beltrán","2021","http://link.springer.com/article/10.1007/s10489-020-02160-x","Article"
"Setting the Stage for 3D Compositing with Machine Learning","Artificial Intelligence and the Arts","","","","10.1007/978-3-030-59475-6_8","Jonathan Eisenmann","2021","http://link.springer.com/chapter/10.1007/978-3-030-59475-6_8","Chapter"
"Super ensemble learning for daily streamflow forecasting: large-scale demonstration and comparison with multiple machine learning algorithms","Neural Computing and Applications","","33","8","10.1007/s00521-020-05172-3","Hristos TyralisGeorgia PapacharalampousAndreas Langousis","2021","http://link.springer.com/article/10.1007/s00521-020-05172-3","Article"
"Anomalous sound event detection: A survey of machine learning based methods and applications","Multimedia Tools and Applications","","","","10.1007/s11042-021-11817-9","Zied MnasriStefano RovettaFrancesco Masulli","2021","http://link.springer.com/article/10.1007/s11042-021-11817-9","Article"
"A Framework for Generating Evasion Attacks for Machine Learning Based Network Intrusion Detection Systems","Information Security Applications","","","","10.1007/978-3-030-89432-0_5","Raymond MoggSimon Yusuf EnochDong Seong Kim","2021","http://link.springer.com/chapter/10.1007/978-3-030-89432-0_5","Chapter"
"Azure Machine Learning","Hands-on Azure Cognitive Services","","","","10.1007/978-1-4842-7249-7_10","Ed PriceAdnan MasoodGaurav Aroraa","2021","http://link.springer.com/chapter/10.1007/978-1-4842-7249-7_10","Chapter"
"A comprehensive review of machine learning techniques on diabetes detection","Visual Computing for Industry, Biomedicine, and Art","","4","1","10.1186/s42492-021-00097-7","Toshita SharmaManan Shah","2021","http://link.springer.com/article/10.1186/s42492-021-00097-7","Article"
"Machine learning in production","Practical Machine Learning in JavaScript","","","","10.1007/978-1-4842-6418-8_6","Charlie Gerard","2021","http://link.springer.com/chapter/10.1007/978-1-4842-6418-8_6","Chapter"
"Real-Time Machine Learning Automation Applied to Failure Prediction in Automakers Supplier Manufacturing System","Advances in Production Management Systems. Artificial Intelligence for Sustainable and Resilient Production Systems","","","","10.1007/978-3-030-85874-2_32","Arthur Beltrame CanciglierieTainá da RochaAnderson L. SzejkaLeandro dos Santos CoelhoOsiris Canciglieri Junior","2021","http://link.springer.com/chapter/10.1007/978-3-030-85874-2_32","Chapter"
"Introduction to Machine Learning","Deploy Machine Learning Models to Production","","","","10.1007/978-1-4842-6546-8_1","Pramod Singh","2021","http://link.springer.com/chapter/10.1007/978-1-4842-6546-8_1","Chapter"
"Depression detection from sMRI and rs-fMRI images using machine learning","Journal of Intelligent Information Systems","","57","2","10.1007/s10844-021-00653-w","Marzieh MousavianJianhua ChenZachary TraylorSteven Greening","2021","http://link.springer.com/article/10.1007/s10844-021-00653-w","Article"
"Machine Learning in Elite Volleyball","SpringerBriefs in Applied Sciences and Technology","","","","10.1007/978-981-16-3192-4","Dr. Rabiu Muazu MusaProf. Dr. Anwar P. P. Abdul MajeedMuhammad Zuhaili SuhaimiMohd Azraai Mohd RazmanProf. Dr. Mohamad Razali AbdullahProf. Dr. Noor Azuan Abu Osman","2021","http://link.springer.com/book/10.1007/978-981-16-3192-4","Book"
"Lessons Learnt on Reproducibility in Machine Learning Based Android Malware Detection","Empirical Software Engineering","","26","4","10.1007/s10664-021-09955-7","Nadia DaoudiKevin AllixTegawendé F. BissyandéJacques Klein","2021","http://link.springer.com/article/10.1007/s10664-021-09955-7","Article"
"Machine Learning-Based Anxiety Detection in Older Adults Using Wristband Sensors and Context Feature","SN Computer Science","","2","5","10.1007/s42979-021-00744-z","Rajdeep Kumar NathHimanshu Thapliyal","2021","http://link.springer.com/article/10.1007/s42979-021-00744-z","Article"
"Performance Analysis of Machine Learning Techniques for Sentiment Analysis","Advances in Visual Informatics","","","","10.1007/978-3-030-90235-3_18","Muhamad Hariz Izzat Ahmad HapezNoor Latiffah AdamZaidah Ibrahim","2021","http://link.springer.com/chapter/10.1007/978-3-030-90235-3_18","Chapter"
"Stacking Ensemble-Based Intelligent Machine Learning Model for Predicting Post-COVID-19 Complications","New Generation Computing","","","","10.1007/s00354-021-00144-0","Aditya GuptaVibha JainAmritpal Singh","2021","http://link.springer.com/article/10.1007/s00354-021-00144-0","Article"
"Machine learning techniques to predict different levels of hospital care of CoVid-19","Applied Intelligence","","","","10.1007/s10489-021-02743-2","Elena Hernández-PereiraOscar Fontenla-RomeroVerónica Bolón-CanedoBrais Cancela-BarizoBertha Guijarro-BerdiñasAmparo Alonso-Betanzos","2021","http://link.springer.com/article/10.1007/s10489-021-02743-2","Article"
"DeepFakes: Detecting Forged and Synthetic Media Content Using Machine Learning","Artificial Intelligence in Cyber Security: Impact and Implications","","","","10.1007/978-3-030-88040-8_7","Sm ZobaedMd. Fazle RabbyMd. Istiaq HossainEkram HossainMd. Sazib HasanAsif KarimKhan Md. Hasib","2021","http://link.springer.com/chapter/10.1007/978-3-030-88040-8_7","Chapter"
"Comparison of Automated Machine Learning Tools for SMS Spam Message Filtering","Advances in Cyber Security","","","","10.1007/978-981-16-8059-5_18","Waddah Saeed","2021","http://link.springer.com/chapter/10.1007/978-981-16-8059-5_18","Chapter"
"External validation of Machine Learning models for COVID-19 detection based on Complete Blood Count","Health Information Science and Systems","","9","1","10.1007/s13755-021-00167-3","Andrea CampagnerAnna CarobeneFederico Cabitza","2021","http://link.springer.com/article/10.1007/s13755-021-00167-3","Article"
"Machine Learning and Economics","Machine Learning for Economics and Finance in TensorFlow 2","","","","10.1007/978-1-4842-6373-0_2","Isaiah Hull","2021","http://link.springer.com/chapter/10.1007/978-1-4842-6373-0_2","Chapter"
"Comparative Study of Supervised Machine Learning Color-Based Segmentation for Object Detection in X-Ray Baggage Images for Intelligent Transportation Systems","Emerging Trends in ICT for Sustainable Development","","","","10.1007/978-3-030-53440-0_11","Mohamed ChouaiMostefa MerahJosé-Luis Sancho-GÓmezMalika MIMI","2021","http://link.springer.com/chapter/10.1007/978-3-030-53440-0_11","Chapter"
"Machine learning for intrusion detection in industrial control systems: challenges and lessons from experimental evaluation","Cybersecurity","","4","1","10.1186/s42400-021-00095-5","Gauthama Raman M. R.Chuadhry Mujeeb AhmedAditya Mathur","2021","http://link.springer.com/article/10.1186/s42400-021-00095-5","Article"
"The Choice of AI Matters: Alternative Machine Learning Approaches for CPS Anomalies","Advances and Trends in Artificial Intelligence. From Theory to Practice","","","","10.1007/978-3-030-79463-7_40","Uraz OdyurtDolly SapraAndy D. Pimentel","2021","http://link.springer.com/chapter/10.1007/978-3-030-79463-7_40","Chapter"
"Getting Your Package to the Right Place: Supervised Machine Learning for Geolocation","Machine Learning and Knowledge Discovery in Databases. Applied Data Science Track","","","","10.1007/978-3-030-86514-6_25","George Forman","2021","http://link.springer.com/chapter/10.1007/978-3-030-86514-6_25","Chapter"
"kgbench: A Collection of Knowledge Graph Datasets for Evaluating Relational and Multimodal Machine Learning","The Semantic Web","","","","10.1007/978-3-030-77385-4_37","Peter BloemXander WilckeLucas van BerkelVictor de Boer","2021","http://link.springer.com/chapter/10.1007/978-3-030-77385-4_37","Chapter"
"Recommendations for marathon runners: on the application of recommender systems and machine learning to support recreational marathon runners","User Modeling and User-Adapted Interaction","","","","10.1007/s11257-021-09299-3","Barry SmythAonghus LawlorJakim BerndsenCiara Feely","2021","http://link.springer.com/article/10.1007/s11257-021-09299-3","Article"
"Computer Vision and Machine Learning based approaches for Food Security: A Review","Multimedia Tools and Applications","","80","18","10.1007/s11042-021-11036-2","Shivani SoodHarjeet Singh","2021","http://link.springer.com/article/10.1007/s11042-021-11036-2","Article"
"Fake Review Classification Using Supervised Machine Learning","Pattern Recognition. ICPR International Workshops and Challenges","","","","10.1007/978-3-030-68799-1_19","Hanif KhanMuhammad Usama AsgharMuhammad Zubair AsgharGautam SrivastavaPraveen Kumar Reddy MaddikuntaThippa Reddy Gadekallu","2021","http://link.springer.com/chapter/10.1007/978-3-030-68799-1_19","Chapter"
"SCRUTINIZER: Detecting Code Reuse in Malware via Decompilation and Machine Learning","Detection of Intrusions and Malware, and Vulnerability Assessment","","","","10.1007/978-3-030-80825-9_7","Omid MirzaeiRoman VasilenkoEngin KirdaLong LuAmin Kharraz","2021","http://link.springer.com/chapter/10.1007/978-3-030-80825-9_7","Chapter"
"A hybrid machine learning model for intrusion detection in VANET","Computing","","","","10.1007/s00607-021-01001-0","Hind BanguiMouzhi GeBarbora Buhnova","2021","http://link.springer.com/article/10.1007/s00607-021-01001-0","Article"
"Interpretability Framework of Network Security Traffic Classification Based on Machine Learning","Artificial Intelligence and Security","","","","10.1007/978-3-030-78612-0_25","Mingshu HeLei JinMei Song","2021","http://link.springer.com/chapter/10.1007/978-3-030-78612-0_25","Chapter"
"Improved machine learning performances with transfer learning to predicting need for hospitalization in arboviral infections against the small dataset","Neural Computing and Applications","","33","21","10.1007/s00521-021-06133-0","Ilyas OzerOnursal CetinKutlucan GorurFeyzullah Temurtas","2021","http://link.springer.com/article/10.1007/s00521-021-06133-0","Article"
"Hidden Feedback Loops in Machine Learning Systems: A Simulation Model and Preliminary Results","Software Quality: Future Perspectives on Software Engineering Quality","","","","10.1007/978-3-030-65854-0_5","Anton Khritankov","2021","http://link.springer.com/chapter/10.1007/978-3-030-65854-0_5","Chapter"
"Machine Learning Using H2O","Data Science Revealed","","","","10.1007/978-1-4842-6870-4_13","Tshepo Chris Nokeri","2021","http://link.springer.com/chapter/10.1007/978-1-4842-6870-4_13","Chapter"
"Modeling and assessing an intelligent system for safety in human-robot collaboration using deep and machine learning techniques","Multimedia Tools and Applications","","","","10.1007/s11042-021-11643-z","Iago Richard RodriguesGibson BarbosaAssis Oliveira FilhoCarolina CaniMarrone DantasDjamel H. SadokJudith KelnerRicardo Silva SouzaMaria Valéria MarqueziniSilvia Lins","2021","http://link.springer.com/article/10.1007/s11042-021-11643-z","Article"
"Distributed Denial of Service Attack Detection Using Machine Learning and Class Oversampling","Applied Intelligence and Informatics","","","","10.1007/978-3-030-82269-9_19","Sakib Shahriar ShafinSakir Adnan ProttoySaif AbbasSafayat Bin HakimAbdullahi ChowdhuryMd. Mamunur Rashid","2021","http://link.springer.com/chapter/10.1007/978-3-030-82269-9_19","Chapter"
"Identifying click baits using various machine learning and deep learning techniques","International Journal of Information Technology","","13","3","10.1007/s41870-020-00473-1","Sohom Ghosh","2021","http://link.springer.com/article/10.1007/s41870-020-00473-1","Article"
"Nature of Volleyball Sport, Performance Analysis in Volleyball, and the Recent Advances of Machine Learning Application in Sports","Machine Learning in Elite Volleyball","","","","10.1007/978-981-16-3192-4_1","Rabiu Muazu MusaAnwar P. P. Abdul MajeedMuhammad Zuhaili SuhaimiMohd Azraai Mohd RazmanMohamad Razali AbdullahNoor Azuan Abu Osman","2021","http://link.springer.com/chapter/10.1007/978-981-16-3192-4_1","Chapter"
"Supervised Machine Learning-Based DDoS Defense System for Software-Defined Network","Machine Vision and Augmented Intelligence—Theory and Applications","","","","10.1007/978-981-16-5078-9_54","Gufran SiddiquiSandeep K. Shukla","2021","http://link.springer.com/chapter/10.1007/978-981-16-5078-9_54","Chapter"
"UAV Based Vehicle Detection with Synthetic Training: Identification of Performance Factors Using Image Descriptors and Machine Learning","Modelling and Simulation for Autonomous Systems","","","","10.1007/978-3-030-70740-8_5","Michael KrumpPeter Stütz","2021","http://link.springer.com/chapter/10.1007/978-3-030-70740-8_5","Chapter"
"A patient network-based machine learning model for disease prediction: The case of type 2 diabetes mellitus","Applied Intelligence","","","","10.1007/s10489-021-02533-w","Haohui LuShahadat UddinFarshid HajatiMohammad Ali MoniMatloob Khushi","2021","http://link.springer.com/article/10.1007/s10489-021-02533-w","Article"
"Machine Learning Model for Recommending Suitable Courses of Study to Candidates in Nigerian Universities","Computational Science and Its Applications – ICCSA 2021","","","","10.1007/978-3-030-87013-3_20","Garba AliyuUsman HarunaIdris AbdulmuminMurtala Isma’ilIbrahim Enesi UmarShehu Adamu","2021","http://link.springer.com/chapter/10.1007/978-3-030-87013-3_20","Chapter"
"An Approach of Applying, Adapting Machine Learning into the IDS and IPS Component to Improve Its Effectiveness and Its Efficiency","Artificial Intelligence in Cyber Security: Impact and Implications","","","","10.1007/978-3-030-88040-8_2","Lucky SinghHamid Jahankhani","2021","http://link.springer.com/chapter/10.1007/978-3-030-88040-8_2","Chapter"
"Bitcoin Abnormal Transaction Detection Based on Machine Learning","Recent Trends in Analysis of Images, Social Networks and Texts","","","","10.1007/978-3-030-71214-3_17","Elena V. FeldmanAlexey N. RuchayVeronica K. MatveevaValeria D. Samsonova","2021","http://link.springer.com/chapter/10.1007/978-3-030-71214-3_17","Chapter"
"Coding mode decision algorithm for fast HEVC transrating using heuristics and machine learning","Journal of Real-Time Image Processing","","18","6","10.1007/s11554-020-01063-x","Mateus GrellertLuis A. da Silva CruzBruno ZattSergio Bampi","2021","http://link.springer.com/article/10.1007/s11554-020-01063-x","Article"
"Machine Learning","","","","","10.1007/978-981-15-1967-3","Zhi-Hua Zhou","2021","http://link.springer.com/book/10.1007/978-981-15-1967-3","Book"
"Machine Learning and Deep Learning Approaches to Analyze and Detect COVID-19: A Review","SN Computer Science","","2","3","10.1007/s42979-021-00605-9","T. AishwaryaV. Ravi Kumar","2021","http://link.springer.com/article/10.1007/s42979-021-00605-9","Article"
"An Empirical Analysis of Integrating Feature Extraction to Automated Machine Learning Pipeline","Pattern Recognition. ICPR International Workshops and Challenges","","","","10.1007/978-3-030-68799-1_24","Hassan EldeebShota AmashukeliRadwa El Shawi","2021","http://link.springer.com/chapter/10.1007/978-3-030-68799-1_24","Chapter"
"Recent Developments of Automated Machine Learning and Search Techniques","Automated Design of Machine Learning and Search Algorithms","","","","10.1007/978-3-030-72069-8_1","Rong Qu","2021","http://link.springer.com/chapter/10.1007/978-3-030-72069-8_1","Chapter"
"Similarity Forests Revisited: A Swiss Army Knife for Machine Learning","Advances in Knowledge Discovery and Data Mining","","","","10.1007/978-3-030-75765-6_4","Stanisław CzekalskiMikołaj Morzy","2021","http://link.springer.com/chapter/10.1007/978-3-030-75765-6_4","Chapter"
"Machine Learning-Based Empirical Investigation for Credit Scoring in Vietnam’s Banking","Advances and Trends in Artificial Intelligence. From Theory to Practice","","","","10.1007/978-3-030-79463-7_48","Khanh Quoc TranBinh Van DuongLinh Quang TranAn Le-Hoai TranAn Trong NguyenKiet Van Nguyen","2021","http://link.springer.com/chapter/10.1007/978-3-030-79463-7_48","Chapter"
"Understanding Update of Machine-Learning-Based Malware Detection by Clustering Changes in Feature Attributions","Advances in Information and Computer Security","","","","10.1007/978-3-030-85987-9_6","Yun FanToshiki ShibaharaYuichi OhsitaDaiki ChibaMitsuaki AkiyamaMasayuki Murata","2021","http://link.springer.com/chapter/10.1007/978-3-030-85987-9_6","Chapter"
"Multimodal trust based recommender system with machine learning approaches for movie recommendation","International Journal of Information Technology","","13","2","10.1007/s41870-020-00553-2","Sasmita Subhadarsinee ChoudhurySachi Nandan MohantyAlok Kumar Jagadev","2021","http://link.springer.com/article/10.1007/s41870-020-00553-2","Article"
"A Group-Based IoT Devices Classification Through Network Traffic Analysis Based on Machine Learning Approach","Towards new e-Infrastructure and e-Services for Developing Countries","","","","10.1007/978-3-030-70572-5_12","Avewe BasseneBamba Gueye","2021","http://link.springer.com/chapter/10.1007/978-3-030-70572-5_12","Chapter"
"Sharpening the Accuracy of Credit Scoring Models with Machine Learning Algorithms","Data Science for Economics and Finance","","","","10.1007/978-3-030-66891-4_5","Massimo GuidolinManuela Pedio","2021","http://link.springer.com/chapter/10.1007/978-3-030-66891-4_5","Chapter"