Item Title,Publication Title,Book Series Title,Journal Volume,Journal Issue,Item DOI,Authors,Publication Year,URL,Content Type
"Neural Architecture Search for Optimization of Spatial-Temporal Brain Network Decomposition","Medical Image Computing and Computer Assisted Intervention – MICCAI 2020","","","","10.1007/978-3-030-59728-3_37","Qing LiWei ZhangJinglei LvXia WuTianming Liu","2020","http://link.springer.com/chapter/10.1007/978-3-030-59728-3_37","Chapter"
"Neural Architecture Search Using Multi-objective Evolutionary Algorithm Based on Decomposition","Artificial Intelligence Algorithms and Applications","","","","10.1007/978-981-15-5577-0_11","Weiqin YingKaijie ZhengYu WuJunhui LiXin Xu","2020","http://link.springer.com/chapter/10.1007/978-981-15-5577-0_11","Chapter"
"Efficient Evolutionary Deep Neural Architecture Search (NAS) by Noisy Network Morphism Mutation","Bio-inspired Computing: Theories and Applications","","","","10.1007/978-981-15-3415-7_41","Yiming ChenTianci PanCheng HeRan Cheng","2020","http://link.springer.com/chapter/10.1007/978-981-15-3415-7_41","Chapter"
"Multiobjective Evolution for Convolutional Neural Network Architecture Search","Artificial Intelligence and Soft Computing","","","","10.1007/978-3-030-61401-0_25","Petra VidnerováŠtěpán ProcházkaRoman Neruda","2020","http://link.springer.com/chapter/10.1007/978-3-030-61401-0_25","Chapter"
"MS-NAS: Multi-scale Neural Architecture Search for Medical Image Segmentation","Medical Image Computing and Computer Assisted Intervention – MICCAI 2020","","","","10.1007/978-3-030-59710-8_38","Xingang YanWeiwen JiangYiyu ShiCheng Zhuo","2020","http://link.springer.com/chapter/10.1007/978-3-030-59710-8_38","Chapter"
"DA-NAS: Data Adapted Pruning for Efficient Neural Architecture Search","Computer Vision – ECCV 2020","","","","10.1007/978-3-030-58583-9_35","Xiyang DaiDongdong ChenMengchen LiuYinpeng ChenLu Yuan","2020","http://link.springer.com/chapter/10.1007/978-3-030-58583-9_35","Chapter"
"Efficient Evolutionary Neural Architecture Search (NAS) by Modular Inheritable Crossover","Bio-inspired Computing: Theories and Applications","","","","10.1007/978-981-15-3425-6_61","Hao TanCheng HeDexuan TangRan Cheng","2020","http://link.springer.com/chapter/10.1007/978-981-15-3425-6_61","Chapter"
"Neural Predictor for Neural Architecture Search","Computer Vision – ECCV 2020","","","","10.1007/978-3-030-58526-6_39","Wei WenHanxiao LiuYiran ChenHai LiGabriel BenderPieter-Jan Kindermans","2020","http://link.springer.com/chapter/10.1007/978-3-030-58526-6_39","Chapter"
"Automated Machine Learning: Techniques and Frameworks","Big Data Management and Analytics","","","","10.1007/978-3-030-61627-4_3","Radwa ElshawiSherif Sakr","2020","http://link.springer.com/chapter/10.1007/978-3-030-61627-4_3","Chapter"
"Searching Efficient 3D Architectures with Sparse Point-Voxel Convolution","Computer Vision – ECCV 2020","","","","10.1007/978-3-030-58604-1_41","Haotian TangZhijian LiuShengyu ZhaoYujun LinJi LinHanrui WangSong Han","2020","http://link.springer.com/chapter/10.1007/978-3-030-58604-1_41","Chapter"
"AutoGraph: Automated Graph Neural Network","Neural Information Processing","","","","10.1007/978-3-030-63833-7_16","Yaoman LiIrwin King","2020","http://link.springer.com/chapter/10.1007/978-3-030-63833-7_16","Chapter"
"CurveLane-NAS: Unifying Lane-Sensitive Architecture Search and Adaptive Point Blending","Computer Vision – ECCV 2020","","","","10.1007/978-3-030-58555-6_41","Hang XuShaoju WangXinyue CaiWei ZhangXiaodan LiangZhenguo Li","2020","http://link.springer.com/chapter/10.1007/978-3-030-58555-6_41","Chapter"
"Constrained Evolutionary Piecemeal Training to Design Convolutional Neural Networks","Trends in Artificial Intelligence Theory and Applications. Artificial Intelligence Practices","","","","10.1007/978-3-030-55789-8_61","Dolly SapraAndy D. Pimentel","2020","http://link.springer.com/chapter/10.1007/978-3-030-55789-8_61","Chapter"
"D-GHNAS for Joint Intent Classification and Slot Filling","Web and Big Data","","","","10.1007/978-3-030-60259-8_58","Yanxi TangJianzong WangXiaoyang QuNan ZhangJing Xiao","2020","http://link.springer.com/chapter/10.1007/978-3-030-60259-8_58","Chapter"
"Automated Machine Learning: Prospects and Challenges","Computational Science and Its Applications – ICCSA 2020","","","","10.1007/978-3-030-58811-3_9","Lorenzo VaccaroGiuseppe SansonettiAlessandro Micarelli","2020","http://link.springer.com/chapter/10.1007/978-3-030-58811-3_9","Chapter"
"Differentiable Feature Aggregation Search for Knowledge Distillation","Computer Vision – ECCV 2020","","","","10.1007/978-3-030-58520-4_28","Yushuo GuanPengyu ZhaoBingxuan WangYuanxing ZhangCong YaoKaigui BianJian Tang","2020","http://link.springer.com/chapter/10.1007/978-3-030-58520-4_28","Chapter"
"AutoSTR: Efficient Backbone Search for Scene Text Recognition","Computer Vision – ECCV 2020","","","","10.1007/978-3-030-58586-0_44","Hui ZhangQuanming YaoMingkun YangYongchao XuXiang Bai","2020","http://link.springer.com/chapter/10.1007/978-3-030-58586-0_44","Chapter"
"A Unified Approach to Anomaly Detection","Machine Learning, Optimization, and Data Science","","","","10.1007/978-3-030-64580-9_24","Richard BallHennie KrugerLynette Drevin","2020","http://link.springer.com/chapter/10.1007/978-3-030-64580-9_24","Chapter"
"Neural Architecture Search in Graph Neural Networks","Intelligent Systems","","","","10.1007/978-3-030-61377-8_21","Matheus NunesGisele L. Pappa","2020","http://link.springer.com/chapter/10.1007/978-3-030-61377-8_21","Chapter"
"TF-NAS: Rethinking Three Search Freedoms of Latency-Constrained Differentiable Neural Architecture Search","Computer Vision – ECCV 2020","","","","10.1007/978-3-030-58555-6_8","Yibo HuXiang WuRan He","2020","http://link.springer.com/chapter/10.1007/978-3-030-58555-6_8","Chapter"
"Are Labels Necessary for Neural Architecture Search?","Computer Vision – ECCV 2020","","","","10.1007/978-3-030-58548-8_46","Chenxi LiuPiotr DollárKaiming HeRoss GirshickAlan YuilleSaining Xie","2020","http://link.springer.com/chapter/10.1007/978-3-030-58548-8_46","Chapter"
"Single Path One-Shot Neural Architecture Search with Uniform Sampling","Computer Vision – ECCV 2020","","","","10.1007/978-3-030-58517-4_32","Zichao GuoXiangyu ZhangHaoyuan MuWen HengZechun LiuYichen WeiJian Sun","2020","http://link.springer.com/chapter/10.1007/978-3-030-58517-4_32","Chapter"
"NSGANetV2: Evolutionary Multi-objective Surrogate-Assisted Neural Architecture Search","Computer Vision – ECCV 2020","","","","10.1007/978-3-030-58452-8_3","Zhichao LuKalyanmoy DebErik GoodmanWolfgang BanzhafVishnu Naresh Boddeti","2020","http://link.springer.com/chapter/10.1007/978-3-030-58452-8_3","Chapter"
"Angle-Based Search Space Shrinking for Neural Architecture Search","Computer Vision – ECCV 2020","","","","10.1007/978-3-030-58529-7_8","Yiming HuYuding LiangZichao GuoRuosi WanXiangyu ZhangYichen WeiQingyi GuJian Sun","2020","http://link.springer.com/chapter/10.1007/978-3-030-58529-7_8","Chapter"
"FTR-NAS: Fault-Tolerant Recurrent Neural Architecture Search","Neural Information Processing","","","","10.1007/978-3-030-63823-8_67","Kai HuDong DingShuo TianRui GongLi LuoLei Wang","2020","http://link.springer.com/chapter/10.1007/978-3-030-63823-8_67","Chapter"
"Regularized Evolution for Macro Neural Architecture Search","Artificial Intelligence Applications and Innovations","","","","10.1007/978-3-030-49186-4_10","George KyriakidesKonstantinos Margaritis","2020","http://link.springer.com/chapter/10.1007/978-3-030-49186-4_10","Chapter"
"Neural Architecture Search for Optimizing Deep Belief Network Models of fMRI Data","Multiscale Multimodal Medical Imaging","","","","10.1007/978-3-030-37969-8_4","Ning QiangBao GeQinglin DongFangfei GeTianming Liu","2020","http://link.springer.com/chapter/10.1007/978-3-030-37969-8_4","Chapter"
"Neural Architecture Search for Extreme Multi-label Text Classification","Neural Information Processing","","","","10.1007/978-3-030-63836-8_24","Loïc PaulettoMassih-Reza AminiRohit BabbarNicolas Winckler","2020","http://link.springer.com/chapter/10.1007/978-3-030-63836-8_24","Chapter"
"Anti-bandit Neural Architecture Search for Model Defense","Computer Vision – ECCV 2020","","","","10.1007/978-3-030-58601-0_5","Hanlin ChenBaochang ZhangSong XueXuan GongHong LiuRongrong JiDavid Doermann","2020","http://link.springer.com/chapter/10.1007/978-3-030-58601-0_5","Chapter"
"NAS-SCAM: Neural Architecture Search-Based Spatial and Channel Joint Attention Module for Nuclei Semantic Segmentation and Classification","Medical Image Computing and Computer Assisted Intervention – MICCAI 2020","","","","10.1007/978-3-030-59710-8_26","Zuhao LiuHuan WangShaoting ZhangGuotai WangJin Qi","2020","http://link.springer.com/chapter/10.1007/978-3-030-59710-8_26","Chapter"
"NAS-DIP: Learning Deep Image Prior with Neural Architecture Search","Computer Vision – ECCV 2020","","","","10.1007/978-3-030-58523-5_26","Yun-Chun ChenChen GaoEsther RobbJia-Bin Huang","2020","http://link.springer.com/chapter/10.1007/978-3-030-58523-5_26","Chapter"
"Neural Architecture Search for Microscopy Cell Segmentation","Machine Learning in Medical Imaging","","","","10.1007/978-3-030-59861-7_55","Yanming ZhuErik Meijering","2020","http://link.springer.com/chapter/10.1007/978-3-030-59861-7_55","Chapter"
"Multi-modality Information Fusion for Radiomics-Based Neural Architecture Search","Medical Image Computing and Computer Assisted Intervention – MICCAI 2020","","","","10.1007/978-3-030-59728-3_74","Yige PengLei BiMichael FulhamDagan FengJinman Kim","2020","http://link.springer.com/chapter/10.1007/978-3-030-59728-3_74","Chapter"
"Tuning ANNs Hyperparameters and Neural Architecture Search Using HPC","Supercomputing","","","","10.1007/978-3-030-64616-5_46","Kamil KhamitovNina PopovaYuri KonkovTony Castillo","2020","http://link.springer.com/chapter/10.1007/978-3-030-64616-5_46","Chapter"
"Ensembles of Networks Produced from Neural Architecture Search","High Performance Computing","","","","10.1007/978-3-030-59851-8_14","Emily J. HerronSteven R. YoungThomas E. Potok","2020","http://link.springer.com/chapter/10.1007/978-3-030-59851-8_14","Chapter"
"S2DNAS: Transforming Static CNN Model for Dynamic Inference via Neural Architecture Search","Computer Vision – ECCV 2020","","","","10.1007/978-3-030-58536-5_11","Zhihang YuanBingzhe WuGuangyu SunZheng LiangShiwan ZhaoWeichen Bi","2020","http://link.springer.com/chapter/10.1007/978-3-030-58536-5_11","Chapter"
"NAS-Count: Counting-by-Density with Neural Architecture Search","Computer Vision – ECCV 2020","","","","10.1007/978-3-030-58542-6_45","Yutao HuXiaolong JiangXuhui LiuBaochang ZhangJungong HanXianbin CaoDavid Doermann","2020","http://link.springer.com/chapter/10.1007/978-3-030-58542-6_45","Chapter"
"Multi-objective Reinforced Evolution in Mobile Neural Architecture Search","Computer Vision – ECCV 2020 Workshops","","","","10.1007/978-3-030-66823-5_6","Xiangxiang ChuBo ZhangRuijun Xu","2020","http://link.springer.com/chapter/10.1007/978-3-030-66823-5_6","Chapter"
"Enhanced MRI Reconstruction Network Using Neural Architecture Search","Machine Learning in Medical Imaging","","","","10.1007/978-3-030-59861-7_64","Qiaoying HuangDong yangYikun XianPengxiang WuJingru YiHui QuDimitris Metaxas","2020","http://link.springer.com/chapter/10.1007/978-3-030-59861-7_64","Chapter"
"BigNAS: Scaling up Neural Architecture Search with Big Single-Stage Models","Computer Vision – ECCV 2020","","","","10.1007/978-3-030-58571-6_41","Jiahui YuPengchong JinHanxiao LiuGabriel BenderPieter-Jan KindermansMingxing TanThomas HuangXiaodan SongRuoming PangQuoc Le","2020","http://link.springer.com/chapter/10.1007/978-3-030-58571-6_41","Chapter"
"DHP: Differentiable Meta Pruning via HyperNetworks","Computer Vision – ECCV 2020","","","","10.1007/978-3-030-58598-3_36","Yawei LiShuhang GuKai ZhangLuc Van GoolRadu Timofte","2020","http://link.springer.com/chapter/10.1007/978-3-030-58598-3_36","Chapter"
"A New Lightweight CRNN Model for Keyword Spotting with Edge Computing Devices","Machine Learning for Cyber Security","","","","10.1007/978-3-030-62223-7_17","Yungen WeiZheng GongShunzhi YangKai YeYamin Wen","2020","http://link.springer.com/chapter/10.1007/978-3-030-62223-7_17","Chapter"
"A Generic Graph-Based Neural Architecture Encoding Scheme for Predictor-Based NAS","Computer Vision – ECCV 2020","","","","10.1007/978-3-030-58601-0_12","Xuefei NingYin ZhengTianchen ZhaoYu WangHuazhong Yang","2020","http://link.springer.com/chapter/10.1007/978-3-030-58601-0_12","Chapter"
"Multi-objective Evolution for Deep Neural Network Architecture Search","Neural Information Processing","","","","10.1007/978-3-030-63836-8_23","Petra VidnerováRoman Neruda","2020","http://link.springer.com/chapter/10.1007/978-3-030-63836-8_23","Chapter"
"UXNet: Searching Multi-level Feature Aggregation for 3D Medical Image Segmentation","Medical Image Computing and Computer Assisted Intervention – MICCAI 2020","","","","10.1007/978-3-030-59710-8_34","Yuanfeng JiRuimao ZhangZhen LiJiamin RenShaoting ZhangPing Luo","2020","http://link.springer.com/chapter/10.1007/978-3-030-59710-8_34","Chapter"
"Off-Policy Reinforcement Learning for Efficient and Effective GAN Architecture Search","Computer Vision – ECCV 2020","","","","10.1007/978-3-030-58571-6_11","Yuan TianQin WangZhiwu HuangWen LiDengxin DaiMinghao YangJun WangOlga Fink","2020","http://link.springer.com/chapter/10.1007/978-3-030-58571-6_11","Chapter"
"AutoSNAP: Automatically Learning Neural Architectures for Instrument Pose Estimation","Medical Image Computing and Computer Assisted Intervention – MICCAI 2020","","","","10.1007/978-3-030-59716-0_36","David KüglerMarc UeckerArjan KuijperAnirban Mukhopadhyay","2020","http://link.springer.com/chapter/10.1007/978-3-030-59716-0_36","Chapter"
"Cooperative Observation of Smart Target Agents","Intelligent Systems","","","","10.1007/978-3-030-61380-8_6","Matheus S. AraújoThayanne F. da SilvaVinícius A. SampaioGabriel F. L. MeloRaimundo J. Ferro JuniorLeonardo F. da CostaJoao P. B. AndradeGustavo A. L. de Campos","2020","http://link.springer.com/chapter/10.1007/978-3-030-61380-8_6","Chapter"
"Multi-objective Cuckoo Algorithm for Mobile Devices Network Architecture Search","Artificial Neural Networks and Machine Learning – ICANN 2020","","","","10.1007/978-3-030-61609-0_25","Nan ZhangJianzong WangJian YangXiaoyang QuJing Xiao","2020","http://link.springer.com/chapter/10.1007/978-3-030-61609-0_25","Chapter"
"ESAE: Evolutionary Strategy-Based Architecture Evolution","Bio-inspired Computing: Theories and Applications","","","","10.1007/978-981-15-3425-6_16","Xue GuZiyao MengYanchun LiangDong XuHan HuangXiaosong HanChunguo Wu","2020","http://link.springer.com/chapter/10.1007/978-981-15-3425-6_16","Chapter"
"Faster AutoAugment: Learning Augmentation Strategies Using Backpropagation","Computer Vision – ECCV 2020","","","","10.1007/978-3-030-58595-2_1","Ryuichiro HatayaJan ZdenekKazuki YoshizoeHideki Nakayama","2020","http://link.springer.com/chapter/10.1007/978-3-030-58595-2_1","Chapter"
"PD-DARTS: Progressive Discretization Differentiable Architecture Search","Pattern Recognition and Artificial Intelligence","","","","10.1007/978-3-030-59830-3_26","Yonggang LiYafeng ZhouYongtao WangZhi Tang","2020","http://link.springer.com/chapter/10.1007/978-3-030-59830-3_26","Chapter"
"BATS: Binary ArchitecTure Search","Computer Vision – ECCV 2020","","","","10.1007/978-3-030-58592-1_19","Adrian BulatBrais MartinezGeorgios Tzimiropoulos","2020","http://link.springer.com/chapter/10.1007/978-3-030-58592-1_19","Chapter"
"Fair DARTS: Eliminating Unfair Advantages in Differentiable Architecture Search","Computer Vision – ECCV 2020","","","","10.1007/978-3-030-58555-6_28","Xiangxiang ChuTianbao ZhouBo ZhangJixiang Li","2020","http://link.springer.com/chapter/10.1007/978-3-030-58555-6_28","Chapter"
"CATCH: Context-Based Meta Reinforcement Learning for Transferrable Architecture Search","Computer Vision – ECCV 2020","","","","10.1007/978-3-030-58529-7_12","Xin ChenYawen DuanZewei ChenHang XuZihao ChenXiaodan LiangTong ZhangZhenguo Li","2020","http://link.springer.com/chapter/10.1007/978-3-030-58529-7_12","Chapter"
"Towards Part-Aware Monocular 3D Human Pose Estimation: An Architecture Search Approach","Computer Vision – ECCV 2020","","","","10.1007/978-3-030-58580-8_42","Zerui ChenYan HuangHongyuan YuBin XueKe HanYiru GuoLiang Wang","2020","http://link.springer.com/chapter/10.1007/978-3-030-58580-8_42","Chapter"
"GroSS: Group-Size Series Decomposition for Grouped Architecture Search","Computer Vision – ECCV 2020","","","","10.1007/978-3-030-58574-7_2","Henry Howard-JenkinsYiwen LiVictor Adrian Prisacariu","2020","http://link.springer.com/chapter/10.1007/978-3-030-58574-7_2","Chapter"
"Efficient Transfer Learning via Joint Adaptation of Network Architecture and Weight","Computer Vision – ECCV 2020","","","","10.1007/978-3-030-58601-0_28","Ming SunHaoxuan DouJunjie Yan","2020","http://link.springer.com/chapter/10.1007/978-3-030-58601-0_28","Chapter"
"Automated Grading in Diabetic Retinopathy Using Image Processing and Modified EfficientNet","Computational Collective Intelligence","","","","10.1007/978-3-030-63007-2_39","Hung N. PhamRen Jie TanYu Tian CaiShahril MustafaNgan Chong YeoHui Juin LimTrang T. T. DoBinh P. NguyenMatthew Chin Heng Chua","2020","http://link.springer.com/chapter/10.1007/978-3-030-63007-2_39","Chapter"
"Efficient Neural Network Space with Genetic Search","Bio-inspired Computing: Theories and Applications","","","","10.1007/978-981-15-3415-7_54","Dongseok KangChang Wook Ahn","2020","http://link.springer.com/chapter/10.1007/978-981-15-3415-7_54","Chapter"
"Neural Network Subgraphs Correlation with Trained Model Accuracy","Artificial Intelligence and Soft Computing","","","","10.1007/978-3-030-61401-0_26","Izajasz Wrosz","2020","http://link.springer.com/chapter/10.1007/978-3-030-61401-0_26","Chapter"
"Representation Sharing for Fast Object Detector Search and Beyond","Computer Vision – ECCV 2020","","","","10.1007/978-3-030-58529-7_28","Yujie ZhongZelu DengSheng GuoMatthew R. ScottWeilin Huang","2020","http://link.springer.com/chapter/10.1007/978-3-030-58529-7_28","Chapter"
"Benchmarking Deep Spiking Neural Networks on Neuromorphic Hardware","Artificial Neural Networks and Machine Learning – ICANN 2020","","","","10.1007/978-3-030-61616-8_49","Christoph OstrauJonas HomburgChristian KlarhorstMichael ThiesUlrich Rückert","2020","http://link.springer.com/chapter/10.1007/978-3-030-61616-8_49","Chapter"
"Powering One-Shot Topological NAS with Stabilized Share-Parameter Proxy","Computer Vision – ECCV 2020","","","","10.1007/978-3-030-58568-6_37","Ronghao GuoChen LinChuming LiKeyu TianMing SunLu ShengJunjie Yan","2020","http://link.springer.com/chapter/10.1007/978-3-030-58568-6_37","Chapter"
"Learning Architectures for Binary Networks","Computer Vision – ECCV 2020","","","","10.1007/978-3-030-58610-2_34","Dahyun KimKunal Pratap SinghJonghyun Choi","2020","http://link.springer.com/chapter/10.1007/978-3-030-58610-2_34","Chapter"
"Tuning Deep Neural Network’s Hyperparameters Constrained to Deployability on Tiny Systems","Artificial Neural Networks and Machine Learning – ICANN 2020","","","","10.1007/978-3-030-61616-8_8","Riccardo PeregoAntonio CandelieriFrancesco ArchettiDanilo Pau","2020","http://link.springer.com/chapter/10.1007/978-3-030-61616-8_8","Chapter"
"AssembleNet++: Assembling Modality Representations via Attention Connections","Computer Vision – ECCV 2020","","","","10.1007/978-3-030-58565-5_39","Michael S. RyooA. J. PiergiovanniJuhana KangaspuntaAnelia Angelova","2020","http://link.springer.com/chapter/10.1007/978-3-030-58565-5_39","Chapter"
"Ant-based Neural Topology Search (ANTS) for Optimizing Recurrent Networks","Applications of Evolutionary Computation","","","","10.1007/978-3-030-43722-0_40","AbdElRahman ElSaidAlexander G. OrorbiaTravis J. Desell","2020","http://link.springer.com/chapter/10.1007/978-3-030-43722-0_40","Chapter"
"Semantic Segmentation Datasets for Resource Constrained Training","Computer Vision, Pattern Recognition, Image Processing, and Graphics","","","","10.1007/978-981-15-8697-2_42","Ashutosh MishraSudhir KumarTarun KalluriGirish VarmaAnbumani SubramaianManmohan ChandrakerC. V. Jawahar","2020","http://link.springer.com/chapter/10.1007/978-981-15-8697-2_42","Chapter"
"DartsReNet: Exploring New RNN Cells in ReNet Architectures","Artificial Neural Networks and Machine Learning – ICANN 2020","","","","10.1007/978-3-030-61609-0_67","Brian B. MoserFederico RaueJörn HeesAndreas Dengel","2020","http://link.springer.com/chapter/10.1007/978-3-030-61609-0_67","Chapter"
"Self-organising Neural Network Hierarchy","AI 2020: Advances in Artificial Intelligence","","","","10.1007/978-3-030-64984-5_28","Satya BorgohainGideon KowadloDavid RawlinsonChristoph BergmeirKok LooHarivallabha RangarajanLevin Kuhlmann","2020","http://link.springer.com/chapter/10.1007/978-3-030-64984-5_28","Chapter"
"Rethinking Bottleneck Structure for Efficient Mobile Network Design","Computer Vision – ECCV 2020","","","","10.1007/978-3-030-58580-8_40","Daquan ZhouQibin HouYunpeng ChenJiashi FengShuicheng Yan","2020","http://link.springer.com/chapter/10.1007/978-3-030-58580-8_40","Chapter"
"Shape Adaptor: A Learnable Resizing Module","Computer Vision – ECCV 2020","","","","10.1007/978-3-030-58610-2_39","Shikun LiuZhe LinYilin WangJianming ZhangFederico PerazziEdward Johns","2020","http://link.springer.com/chapter/10.1007/978-3-030-58610-2_39","Chapter"
"Differentiable Automatic Data Augmentation","Computer Vision – ECCV 2020","","","","10.1007/978-3-030-58542-6_35","Yonggang LiGuosheng HuYongtao WangTimothy HospedalesNeil M. RobertsonYongxin Yang","2020","http://link.springer.com/chapter/10.1007/978-3-030-58542-6_35","Chapter"
"Remote Intelligent Assisted Diagnosis System for Hepatic Echinococcosis","Medical Ultrasound, and Preterm, Perinatal and Paediatric Image Analysis","","","","10.1007/978-3-030-60334-2_1","Haixia WangRui LiXuan ChenBin DuanLinfewi XiongXin YangHaining FanDong Ni","2020","http://link.springer.com/chapter/10.1007/978-3-030-60334-2_1","Chapter"
"Single-Path NAS: Designing Hardware-Efficient ConvNets in Less Than 4 Hours","Machine Learning and Knowledge Discovery in Databases","","","","10.1007/978-3-030-46147-8_29","Dimitrios StamoulisRuizhou DingDi WangDimitrios LymberopoulosBodhi PriyanthaJie LiuDiana Marculescu","2020","http://link.springer.com/chapter/10.1007/978-3-030-46147-8_29","Chapter"
"AttentionNAS: Spatiotemporal Attention Cell Search for Video Classification","Computer Vision – ECCV 2020","","","","10.1007/978-3-030-58598-3_27","Xiaofang WangXuehan XiongMaxim NeumannAJ PiergiovanniMichael S. RyooAnelia AngelovaKris M. KitaniWei Hua","2020","http://link.springer.com/chapter/10.1007/978-3-030-58598-3_27","Chapter"
"Journey Towards Tiny Perceptual Super-Resolution","Computer Vision – ECCV 2020","","","","10.1007/978-3-030-58574-7_6","Royson LeeŁukasz DudziakMohamed AbdelfattahStylianos I. VenierisHyeji KimHongkai WenNicholas D. Lane","2020","http://link.springer.com/chapter/10.1007/978-3-030-58574-7_6","Chapter"
"Efficient Scale-Permuted Backbone with Learned Resource Distribution","Computer Vision – ECCV 2020","","","","10.1007/978-3-030-58592-1_34","Xianzhi DuTsung-Yi LinPengchong JinYin CuiMingxing TanQuoc LeXiaodan Song","2020","http://link.springer.com/chapter/10.1007/978-3-030-58592-1_34","Chapter"
"Learning Connectivity of Neural Networks from a Topological Perspective","Computer Vision – ECCV 2020","","","","10.1007/978-3-030-58589-1_44","Kun YuanQuanquan LiJing ShaoJunjie Yan","2020","http://link.springer.com/chapter/10.1007/978-3-030-58589-1_44","Chapter"
"ReinBo: Machine Learning Pipeline Conditional Hierarchy Search and Configuration with Bayesian Optimization Embedded Reinforcement Learning","Machine Learning and Knowledge Discovery in Databases","","","","10.1007/978-3-030-43823-4_7","Xudong SunJiali LinBernd Bischl","2020","http://link.springer.com/chapter/10.1007/978-3-030-43823-4_7","Chapter"
"Finding Non-uniform Quantization Schemes Using Multi-task Gaussian Processes","Computer Vision – ECCV 2020","","","","10.1007/978-3-030-58520-4_23","Marcelo Gennari do NascimentoTheo W. CostainVictor Adrian Prisacariu","2020","http://link.springer.com/chapter/10.1007/978-3-030-58520-4_23","Chapter"
"Bayesian Randomly Wired Neural Network with Variational Inference for Image Recognition","Neural Information Processing","","","","10.1007/978-3-030-63836-8_17","Pegah TabarisaadiAbbas KhosraviSaeid Nahavandi","2020","http://link.springer.com/chapter/10.1007/978-3-030-63836-8_17","Chapter"
"A Promising Path Towards Autoformalization and General Artificial Intelligence","Intelligent Computer Mathematics","","","","10.1007/978-3-030-53518-6_1","Christian Szegedy","2020","http://link.springer.com/chapter/10.1007/978-3-030-53518-6_1","Chapter"
"The Inclusive Images Competition","The NeurIPS '18 Competition","","","","10.1007/978-3-030-29135-8_6","James AtwoodYoni HalpernPallavi BaljekarEric BreckD. SculleyPavel OstyakovSergey I. NikolenkoIgor IvanovRoman SolovyevWeimin WangMiha Skalic","2020","http://link.springer.com/chapter/10.1007/978-3-030-29135-8_6","Chapter"
"Slice Operator for Efficient Convolutional Neural Network Architecture","Intelligent Information and Database Systems","","","","10.1007/978-3-030-42058-1_14","Van-Thanh HoangKang-Hyun Jo","2020","http://link.springer.com/chapter/10.1007/978-3-030-42058-1_14","Chapter"
"Teaching Cameras to Feel: Estimating Tactile Physical Properties of Surfaces from Images","Computer Vision – ECCV 2020","","","","10.1007/978-3-030-58583-9_1","Matthew PurriKristin Dana","2020","http://link.springer.com/chapter/10.1007/978-3-030-58583-9_1","Chapter"
"Making Neural Networks FAIR","Knowledge Graphs and Semantic Web","","","","10.1007/978-3-030-65384-2_3","Anna NguyenTobias WellerMichael FärberYork Sure-Vetter","2020","http://link.springer.com/chapter/10.1007/978-3-030-65384-2_3","Chapter"
"LatticeNet: Towards Lightweight Image Super-Resolution with Lattice Block","Computer Vision – ECCV 2020","","","","10.1007/978-3-030-58542-6_17","Xiaotong LuoYuan XieYulun ZhangYanyun QuCuihua LiYun Fu","2020","http://link.springer.com/chapter/10.1007/978-3-030-58542-6_17","Chapter"
"SharedNet: A Novel Efficient Convolutional Architecture Based on Group Sharing Convolution","Intelligent Computing Theories and Application","","","","10.1007/978-3-030-60799-9_11","Jian-Xun MiJie Feng","2020","http://link.springer.com/chapter/10.1007/978-3-030-60799-9_11","Chapter"
"An Empirical Exploration of Deep Recurrent Connections Using Neuro-Evolution","Applications of Evolutionary Computation","","","","10.1007/978-3-030-43722-0_35","Travis DesellAbdElRahman ElSaidAlexander G. Ororbia","2020","http://link.springer.com/chapter/10.1007/978-3-030-43722-0_35","Chapter"
"Harnessing the Power of Deception in Attack Graph-Based Security Games","Decision and Game Theory for Security","","","","10.1007/978-3-030-64793-3_8","Stephanie MilaniWeiran ShenKevin S. ChanSridhar VenkatesanNandi O. LeslieCharles KamhouaFei Fang","2020","http://link.springer.com/chapter/10.1007/978-3-030-64793-3_8","Chapter"
"Automatic Data Augmentation for 3D Medical Image Segmentation","Medical Image Computing and Computer Assisted Intervention – MICCAI 2020","","","","10.1007/978-3-030-59710-8_37","Ju XuMengzhang LiZhanxing Zhu","2020","http://link.springer.com/chapter/10.1007/978-3-030-59710-8_37","Chapter"
"Searching Collaborative Agents for Multi-plane Localization in 3D Ultrasound","Medical Image Computing and Computer Assisted Intervention – MICCAI 2020","","","","10.1007/978-3-030-59716-0_53","Yuhao HuangXin YangRui LiJikuan QianXiaoqiong HuangWenlong ShiHaoran DouChaoyu ChenYuanji ZhangHuanjia LuoAlejandro FrangiYi XiongDong Ni","2020","http://link.springer.com/chapter/10.1007/978-3-030-59716-0_53","Chapter"
"On Transferability of Histological Tissue Labels in Computational Pathology","Computer Vision – ECCV 2020","","","","10.1007/978-3-030-58526-6_27","Mahdi S. HosseiniLyndon ChanWeimin HuangYichen WangDanial HasanCorwyn RowsellSavvas DamaskinosKonstantinos N. Plataniotis","2020","http://link.springer.com/chapter/10.1007/978-3-030-58526-6_27","Chapter"
"HMQ: Hardware Friendly Mixed Precision Quantization Block for CNNs","Computer Vision – ECCV 2020","","","","10.1007/978-3-030-58574-7_27","Hai Victor HabiRoy H. JenningsArnon Netzer","2020","http://link.springer.com/chapter/10.1007/978-3-030-58574-7_27","Chapter"
"Auto-Classifier: A Robust Defect Detector Based on an AutoML Head","Neural Information Processing","","","","10.1007/978-3-030-63830-6_12","Vasco LopesLuís A. Alexandre","2020","http://link.springer.com/chapter/10.1007/978-3-030-63830-6_12","Chapter"
"Learning Semantic Neural Tree for Human Parsing","Computer Vision – ECCV 2020","","","","10.1007/978-3-030-58601-0_13","Ruyi JiDawei DuLibo ZhangLongyin WenYanjun WuChen ZhaoFeiyue HuangSiwei Lyu","2020","http://link.springer.com/chapter/10.1007/978-3-030-58601-0_13","Chapter"
"Demystifying Computational Techniques Used to Diagnose Tuberculosis","Computing Science, Communication and Security","","","","10.1007/978-981-15-6648-6_5","Dhruvi J. Ka PatelMosin I. HasanNarendar M. Patel","2020","http://link.springer.com/chapter/10.1007/978-981-15-6648-6_5","Chapter"
"Swarm Intelligence in Data Science: Applications, Opportunities and Challenges","Advances in Swarm Intelligence","","","","10.1007/978-3-030-53956-6_1","Jian YangLiang QuYang ShenYuhui ShiShi ChengJunfeng ZhaoXiaolong Shen","2020","http://link.springer.com/chapter/10.1007/978-3-030-53956-6_1","Chapter"
"Automatic Structural Search for Multi-task Learning VALPs","Optimization and Learning","","","","10.1007/978-3-030-41913-4_3","Unai GarciarenaAlexander MendiburuRoberto Santana","2020","http://link.springer.com/chapter/10.1007/978-3-030-41913-4_3","Chapter"
"Recent Advances of Generic Object Detection with Deep Learning: A Review","Urban Intelligence and Applications","","","","10.1007/978-981-33-4601-7_19","Xin LiYingying LiShushu Li","2020","http://link.springer.com/chapter/10.1007/978-981-33-4601-7_19","Chapter"
"Automated Pancreas Segmentation Using Multi-institutional Collaborative Deep Learning","Domain Adaptation and Representation Transfer, and Distributed and Collaborative Learning","","","","10.1007/978-3-030-60548-3_19","Pochuan WangChen ShenHolger R. RothDong YangDaguang XuMasahiro OdaKazunari MisawaPo-Ting ChenKao-Lang LiuWei-Chih LiaoWeichung WangKensaku Mori","2020","http://link.springer.com/chapter/10.1007/978-3-030-60548-3_19","Chapter"
"Incorporating Named Entity Information into Neural Machine Translation","Natural Language Processing and Chinese Computing","","","","10.1007/978-3-030-60450-9_31","Leiying ZhouWenjie LuJie ZhouKui MengGongshen Liu","2020","http://link.springer.com/chapter/10.1007/978-3-030-60450-9_31","Chapter"
"Search-and-Train: Two-Stage Model Compression and Acceleration","Neural Information Processing","","","","10.1007/978-3-030-63823-8_73","Ning JiangJialiang TangZhiqiang ZhangWenxin YuXin DengJinjia Zhou","2020","http://link.springer.com/chapter/10.1007/978-3-030-63823-8_73","Chapter"
"Joint Appearance-Feature Domain Adaptation: Application to QSM Segmentation Transfer","Machine Learning in Medical Imaging","","","","10.1007/978-3-030-59861-7_25","Bin XiaoNaying HeQian WangZhong XueLei ChenFuhua YanFeng ShiDinggang Shen","2020","http://link.springer.com/chapter/10.1007/978-3-030-59861-7_25","Chapter"
"Accelerating Deep Learning Inference with Cross-Layer Data Reuse on GPUs","Euro-Par 2020: Parallel Processing","","","","10.1007/978-3-030-57675-2_14","Xueying WangGuangli LiXiao DongJiansong LiLei LiuXiaobing Feng","2020","http://link.springer.com/chapter/10.1007/978-3-030-57675-2_14","Chapter"
"Dynamic ReLU","Computer Vision – ECCV 2020","","","","10.1007/978-3-030-58529-7_21","Yinpeng ChenXiyang DaiMengchen LiuDongdong ChenLu YuanZicheng Liu","2020","http://link.springer.com/chapter/10.1007/978-3-030-58529-7_21","Chapter"
"AABO: Adaptive Anchor Box Optimization for Object Detection via Bayesian Sub-sampling","Computer Vision – ECCV 2020","","","","10.1007/978-3-030-58558-7_33","Wenshuo MaTingzhong TianHang XuYimin HuangZhenguo Li","2020","http://link.springer.com/chapter/10.1007/978-3-030-58558-7_33","Chapter"
"I Don’t Have That Much Data! Reusing User Behavior Models for Websites from Different Domains","Web Engineering","","","","10.1007/978-3-030-50578-3_11","Maxim BakaevMaximilian SpeicherSebastian HeilMartin Gaedke","2020","http://link.springer.com/chapter/10.1007/978-3-030-50578-3_11","Chapter"
"Search What You Want: Barrier Panelty NAS for Mixed Precision Quantization","Computer Vision – ECCV 2020","","","","10.1007/978-3-030-58545-7_1","Haibao YuQi HanJianbo LiJianping ShiGuangliang ChengBin Fan","2020","http://link.springer.com/chapter/10.1007/978-3-030-58545-7_1","Chapter"
"MutualNet: Adaptive ConvNet via Mutual Learning from Network Width and Resolution","Computer Vision – ECCV 2020","","","","10.1007/978-3-030-58452-8_18","Taojiannan YangSijie ZhuChen ChenShen YanMi ZhangAndrew Willis","2020","http://link.springer.com/chapter/10.1007/978-3-030-58452-8_18","Chapter"
"On Dropping Clusters to Regularize Graph Convolutional Neural Networks","Computer Vision – ECCV 2020","","","","10.1007/978-3-030-58589-1_15","Xikun ZhangChang XuDacheng Tao","2020","http://link.springer.com/chapter/10.1007/978-3-030-58589-1_15","Chapter"
"Lottery Ticket Hypothesis: Placing the k-orrect Bets","Machine Learning, Optimization, and Data Science","","","","10.1007/978-3-030-64580-9_19","Abhinav RajSubhankar Mishra","2020","http://link.springer.com/chapter/10.1007/978-3-030-64580-9_19","Chapter"
"Deep Retinal Diseases Detection and Explainability Using OCT Images","Image Analysis and Recognition","","","","10.1007/978-3-030-50516-5_31","Mohamed ChetouiMoulay A. Akhloufi","2020","http://link.springer.com/chapter/10.1007/978-3-030-50516-5_31","Chapter"
"Improved Adversarial Training via Learned Optimizer","Computer Vision – ECCV 2020","","","","10.1007/978-3-030-58598-3_6","Yuanhao XiongCho-Jui Hsieh","2020","http://link.springer.com/chapter/10.1007/978-3-030-58598-3_6","Chapter"
"Ink Marker Segmentation in Histopathology Images Using Deep Learning","Advances in Visual Computing","","","","10.1007/978-3-030-64556-4_28","Danial MalekiMehdi AfshariMorteza BabaieH. R. Tizhoosh","2020","http://link.springer.com/chapter/10.1007/978-3-030-64556-4_28","Chapter"
"Learning to Transfer Learn: Reinforcement Learning-Based Selection for Adaptive Transfer Learning","Computer Vision – ECCV 2020","","","","10.1007/978-3-030-58583-9_21","Linchao ZhuSercan Ö. ArıkYi YangTomas Pfister","2020","http://link.springer.com/chapter/10.1007/978-3-030-58583-9_21","Chapter"
"Learning to Learn Parameterized Classification Networks for Scalable Input Images","Computer Vision – ECCV 2020","","","","10.1007/978-3-030-58526-6_2","Duo LiAnbang YaoQifeng Chen","2020","http://link.springer.com/chapter/10.1007/978-3-030-58526-6_2","Chapter"
"Malleable 2.5D Convolution: Learning Receptive Fields Along the Depth-Axis for RGB-D Scene Parsing","Computer Vision – ECCV 2020","","","","10.1007/978-3-030-58529-7_33","Yajie XingJingbo WangGang Zeng","2020","http://link.springer.com/chapter/10.1007/978-3-030-58529-7_33","Chapter"
"An Implementation and Experimental Evaluation of a Modularity Explicit Encoding Method for Neuroevolution on Complex Learning Tasks","AI 2020: Advances in Artificial Intelligence","","","","10.1007/978-3-030-64984-5_11","Yukai QiaoMarcus Gallagher","2020","http://link.springer.com/chapter/10.1007/978-3-030-64984-5_11","Chapter"
"Fast and Lightweight Text Line Detection on Historical Documents","Document Analysis Systems","","","","10.1007/978-3-030-57058-3_31","Aleksei MelnikovIvan Zagaynov","2020","http://link.springer.com/chapter/10.1007/978-3-030-57058-3_31","Chapter"
"Leveraging Automated Mixed-Low-Precision Quantization for Tiny Edge Microcontrollers","IoT Streams for Data-Driven Predictive Maintenance and IoT, Edge, and Mobile for Embedded Machine Learning","","","","10.1007/978-3-030-66770-2_22","Manuele RusciMarco FariselliAlessandro CapotondiLuca Benini","2020","http://link.springer.com/chapter/10.1007/978-3-030-66770-2_22","Chapter"
"Multi-scale Object Detection in Optical Remote Sensing Images Using Atrous Feature Pyramid Network","Neural Information Processing","","","","10.1007/978-3-030-63830-6_39","Mei YuMinyutong ChengHan JiangJining ShenRuiguo YuXiang YingJie GaoXuewei Li","2020","http://link.springer.com/chapter/10.1007/978-3-030-63830-6_39","Chapter"
"Semantic Segmentation of Histopathological Slides for the Classification of Cutaneous Lymphoma and Eczema","Medical Image Understanding and Analysis","","","","10.1007/978-3-030-52791-4_3","Jérémy ScheurerClaudio FerrariLuis Berenguer Todo BomMichaela BeerWerner KempfLuis Haug","2020","http://link.springer.com/chapter/10.1007/978-3-030-52791-4_3","Chapter"
"Transfer Learning in Speaker’s Age and Gender Recognition","Speech and Computer","","","","10.1007/978-3-030-60276-5_32","Maxim Markitantov","2020","http://link.springer.com/chapter/10.1007/978-3-030-60276-5_32","Chapter"
"Circumventing Outliers of AutoAugment with Knowledge Distillation","Computer Vision – ECCV 2020","","","","10.1007/978-3-030-58580-8_36","Longhui WeiAn XiaoLingxi XieXiaopeng ZhangXin ChenQi Tian","2020","http://link.springer.com/chapter/10.1007/978-3-030-58580-8_36","Chapter"
"GAN Slimming: All-in-One GAN Compression by a Unified Optimization Framework","Computer Vision – ECCV 2020","","","","10.1007/978-3-030-58548-8_4","Haotao WangShupeng GuiHaichuan YangJi LiuZhangyang Wang","2020","http://link.springer.com/chapter/10.1007/978-3-030-58548-8_4","Chapter"
"Context-Gated Convolution","Computer Vision – ECCV 2020","","","","10.1007/978-3-030-58523-5_41","Xudong LinLin MaWei LiuShih-Fu Chang","2020","http://link.springer.com/chapter/10.1007/978-3-030-58523-5_41","Chapter"
"Surface Agnostic Metrics for Cortical Volume Segmentation and Regression","Machine Learning in Clinical Neuroimaging and Radiogenomics in Neuro-oncology","","","","10.1007/978-3-030-66843-3_1","Samuel BuddPrachi PatkeeAna BaburamaniMary RutherfordEmma C. RobinsonBernhard Kainz","2020","http://link.springer.com/chapter/10.1007/978-3-030-66843-3_1","Chapter"
"Optical Flow Distillation: Towards Efficient and Stable Video Style Transfer","Computer Vision – ECCV 2020","","","","10.1007/978-3-030-58539-6_37","Xinghao ChenYiman ZhangYunhe WangHan ShuChunjing XuChang Xu","2020","http://link.springer.com/chapter/10.1007/978-3-030-58539-6_37","Chapter"
"EasyKG: An End-to-End Knowledge Graph Construction System","Semantic Technology","","","","10.1007/978-981-15-3412-6_22","Yantao JiaDong LiuZhicheng ShengLetian FengYi LiuShuo Guo","2020","http://link.springer.com/chapter/10.1007/978-981-15-3412-6_22","Chapter"
"Controlling Formality and Style of Machine Translation Output Using AutoML","Information Management and Big Data","","","","10.1007/978-3-030-46140-9_29","Aditi ViswanathanVarden WangAntonina Kononova","2020","http://link.springer.com/chapter/10.1007/978-3-030-46140-9_29","Chapter"
"Yet Another Intermediate-Level Attack","Computer Vision – ECCV 2020","","","","10.1007/978-3-030-58517-4_15","Qizhang LiYiwen GuoHao Chen","2020","http://link.springer.com/chapter/10.1007/978-3-030-58517-4_15","Chapter"
"AutoML for Predictive Maintenance: One Tool to RUL Them All","IoT Streams for Data-Driven Predictive Maintenance and IoT, Edge, and Mobile for Embedded Machine Learning","","","","10.1007/978-3-030-66770-2_8","Tanja TornedeAlexander TornedeMarcel WeverFelix MohrEyke Hüllermeier","2020","http://link.springer.com/chapter/10.1007/978-3-030-66770-2_8","Chapter"
"Semantic Relation Preserving Knowledge Distillation for Image-to-Image Translation","Computer Vision – ECCV 2020","","","","10.1007/978-3-030-58574-7_39","Zeqi LiRuowei JiangParham Aarabi","2020","http://link.springer.com/chapter/10.1007/978-3-030-58574-7_39","Chapter"
"Automatically Optimized Gradient Boosting Trees for Classifying Large Volume High Cardinality Data Streams Under Concept Drift","The NeurIPS '18 Competition","","","","10.1007/978-3-030-29135-8_13","Jobin WilsonAmit Kumar MeherBivin Vinodkumar BinduSantanu ChaudhuryBrejesh LallManoj SharmaVishakha Pareek","2020","http://link.springer.com/chapter/10.1007/978-3-030-29135-8_13","Chapter"
"Cheaper Pre-training Lunch: An Efficient Paradigm for Object Detection","Computer Vision – ECCV 2020","","","","10.1007/978-3-030-58598-3_16","Dongzhan ZhouXinchi ZhouHongwen ZhangShuai YiWanli Ouyang","2020","http://link.springer.com/chapter/10.1007/978-3-030-58598-3_16","Chapter"
"Online Meta-learning for Multi-source and Semi-supervised Domain Adaptation","Computer Vision – ECCV 2020","","","","10.1007/978-3-030-58517-4_23","Da LiTimothy Hospedales","2020","http://link.springer.com/chapter/10.1007/978-3-030-58517-4_23","Chapter"
"Meta-learning of Textual Representations","Machine Learning and Knowledge Discovery in Databases","","","","10.1007/978-3-030-43823-4_6","Jorge G. MadridHugo Jair EscalanteEduardo Morales","2020","http://link.springer.com/chapter/10.1007/978-3-030-43823-4_6","Chapter"
"Adaptive Stochastic Natural Gradient Method for Optimizing Functions with Low Effective Dimensionality","Parallel Problem Solving from Nature – PPSN XVI","","","","10.1007/978-3-030-58112-1_50","Teppei YamaguchiKento UchidaShinichi Shirakawa","2020","http://link.springer.com/chapter/10.1007/978-3-030-58112-1_50","Chapter"
"PAMS: Quantized Super-Resolution via Parameterized Max Scale","Computer Vision – ECCV 2020","","","","10.1007/978-3-030-58595-2_34","Huixia LiChenqian YanShaohui LinXiawu ZhengBaochang ZhangFan YangRongrong Ji","2020","http://link.springer.com/chapter/10.1007/978-3-030-58595-2_34","Chapter"
"Low-Dose CT Denoising Using Octave Convolution with High and Low Frequency Bands","Predictive Intelligence in Medicine","","","","10.1007/978-3-030-59354-4_7","Dong Kyu WonSion AnSang Hyun ParkDong Hye Ye","2020","http://link.springer.com/chapter/10.1007/978-3-030-59354-4_7","Chapter"
"Learning to Learn in a Semi-supervised Fashion","Computer Vision – ECCV 2020","","","","10.1007/978-3-030-58523-5_27","Yun-Chun ChenChao-Te ChouYu-Chiang Frank Wang","2020","http://link.springer.com/chapter/10.1007/978-3-030-58523-5_27","Chapter"
"Matching Guided Distillation","Computer Vision – ECCV 2020","","","","10.1007/978-3-030-58555-6_19","Kaiyu YueJiangfan DengFeng Zhou","2020","http://link.springer.com/chapter/10.1007/978-3-030-58555-6_19","Chapter"
"AsArcFace: Asymmetric Additive Angular Margin Loss for Fairface Recognition","Computer Vision – ECCV 2020 Workshops","","","","10.1007/978-3-030-65414-6_33","Shengyao ZhouJunfan LuoJunkun ZhouXiang Ji","2020","http://link.springer.com/chapter/10.1007/978-3-030-65414-6_33","Chapter"
"LAMP: Large Deep Nets with Automated Model Parallelism for Image Segmentation","Medical Image Computing and Computer Assisted Intervention – MICCAI 2020","","","","10.1007/978-3-030-59719-1_37","Wentao ZhuCan ZhaoWenqi LiHolger RothZiyue XuDaguang Xu","2020","http://link.springer.com/chapter/10.1007/978-3-030-59719-1_37","Chapter"
"Automated design of error-resilient and hardware-efficient deep neural networks","Neural Computing and Applications","","32","24","10.1007/s00521-020-04969-6","Christoph SchornThomas ElskenSebastian VogelArmin RungeAndre GuntoroGerd Ascheid","2020","http://link.springer.com/article/10.1007/s00521-020-04969-6","Article"
"Deep Learning for Generic Object Detection: A Survey","International Journal of Computer Vision","","128","2","10.1007/s11263-019-01247-4","Li LiuWanli OuyangXiaogang WangPaul FieguthJie ChenXinwang LiuMatti Pietikäinen","2020","http://link.springer.com/article/10.1007/s11263-019-01247-4","Article"
"Efficient image dataset classification difficulty estimation for predicting deep-learning accuracy","The Visual Computer","","","","10.1007/s00371-020-01922-5","Florian ScheideggerRoxana IstrateGiovanni MarianiLuca BeniniCostas BekasCristiano Malossi","2020","http://link.springer.com/article/10.1007/s00371-020-01922-5","Article"
"On the automated, evolutionary design of neural networks: past, present, and future","Neural Computing and Applications","","32","2","10.1007/s00521-019-04160-6","Alejandro BaldominosYago SaezPedro Isasi","2020","http://link.springer.com/article/10.1007/s00521-019-04160-6","Article"
"The effect of reduced training in neural architecture search","Neural Computing and Applications","","32","23","10.1007/s00521-020-04915-6","George KyriakidesKonstantinos Margaritis","2020","http://link.springer.com/article/10.1007/s00521-020-04915-6","Article"
"Binarized Neural Architecture Search for Efficient Object Recognition","International Journal of Computer Vision","","","","10.1007/s11263-020-01379-y","Hanlin ChenLi’an ZhuoBaochang ZhangXiawu ZhengJianzhuang LiuRongrong JiDavid DoermannGuodong Guo","2020","http://link.springer.com/article/10.1007/s11263-020-01379-y","Article"
"Classification of industrial surface defects based on neural architecture search","Multimedia Tools and Applications","","","","10.1007/s11042-020-09968-2","Tiejun YangTianshu ZhangLin Huang","2020","http://link.springer.com/article/10.1007/s11042-020-09968-2","Article"
"A Survey of Deep Facial Attribute Analysis","International Journal of Computer Vision","","128","8 - 9","10.1007/s11263-020-01308-z","Xin ZhengYanqing GuoHuaibo HuangYi LiRan He","2020","http://link.springer.com/article/10.1007/s11263-020-01308-z","Article"
"Automatic lung segmentation in low-dose chest CT scans using convolutional deep and wide network (CDWN)","Neural Computing and Applications","","32","20","10.1007/s00521-018-3877-3","S. Akila AgnesJ. AnithaJ. Dinesh Peter","2020","http://link.springer.com/article/10.1007/s00521-018-3877-3","Article"
"Progressive DARTS: Bridging the Optimization Gap for NAS in the Wild","International Journal of Computer Vision","","","","10.1007/s11263-020-01396-x","Xin ChenLingxi XieJun WuQi Tian","2020","http://link.springer.com/article/10.1007/s11263-020-01396-x","Article"
"Prediction of mechanical properties of micro-alloyed steels via neural networks learned by water wave optimization","Neural Computing and Applications","","32","10","10.1007/s00521-019-04149-1","Ao LiuPeng LiWeiliang SunXudong DengWeigang LiYuntao ZhaoBo Liu","2020","http://link.springer.com/article/10.1007/s00521-019-04149-1","Article"
"Lightweight residual densely connected convolutional neural network","Multimedia Tools and Applications","","79","35 - 36","10.1007/s11042-020-09223-8","Fahimeh FooladgarShohreh Kasaei","2020","http://link.springer.com/article/10.1007/s11042-020-09223-8","Article"
"Convolutional neural network: a review of models, methodologies and applications to object detection","Progress in Artificial Intelligence","","9","2","10.1007/s13748-019-00203-0","Anamika DhillonGyanendra K. Verma","2020","http://link.springer.com/article/10.1007/s13748-019-00203-0","Article"
"Evolutionary dataset optimisation: learning algorithm quality through evolution","Applied Intelligence","","50","4","10.1007/s10489-019-01592-4","Henry WildeVincent KnightJonathan Gillard","2020","http://link.springer.com/article/10.1007/s10489-019-01592-4","Article"
"Emerging applications of Deep Learning and Spiking ANN","Neural Computing and Applications","","32","23","10.1007/s00521-020-05443-z","Lazaros S. IliadisChrisina Jayne","2020","http://link.springer.com/article/10.1007/s00521-020-05443-z","Article"
"Hardware-Centric AutoML for Mixed-Precision Quantization","International Journal of Computer Vision","","128","8 - 9","10.1007/s11263-020-01339-6","Kuan WangZhijian LiuYujun LinJi LinSong Han","2020","http://link.springer.com/article/10.1007/s11263-020-01339-6","Article"
"HetConv: Beyond Homogeneous Convolution Kernels for Deep CNNs","International Journal of Computer Vision","","128","8 - 9","10.1007/s11263-019-01264-3","Pravendra SinghVinay Kumar VermaPiyush RaiVinay P. Namboodiri","2020","http://link.springer.com/article/10.1007/s11263-019-01264-3","Article"
"Revisiting spatial dropout for regularizing convolutional neural networks","Multimedia Tools and Applications","","79","45 - 46","10.1007/s11042-020-09054-7","Sanghun LeeChulhee Lee","2020","http://link.springer.com/article/10.1007/s11042-020-09054-7","Article"
"Deep Nets: What have They Ever Done for Vision?","International Journal of Computer Vision","","","","10.1007/s11263-020-01405-z","Alan L. YuilleChenxi Liu","2020","http://link.springer.com/article/10.1007/s11263-020-01405-z","Article"
"Thresholded ConvNet ensembles: neural networks for technical forecasting","Neural Computing and Applications","","32","18","10.1007/s00521-020-04877-9","Sid GhoshalStephen Roberts","2020","http://link.springer.com/article/10.1007/s00521-020-04877-9","Article"
"Benchmarking the Robustness of Semantic Segmentation Models with Respect to Common Corruptions","International Journal of Computer Vision","","","","10.1007/s11263-020-01383-2","Christoph KamannCarsten Rother","2020","http://link.springer.com/article/10.1007/s11263-020-01383-2","Article"
"Journey of scene text components recognition: Progress and open issues","Multimedia Tools and Applications","","","","10.1007/s11042-020-09862-x","Payel SenguptaAyatullah Faruk Mollah","2020","http://link.springer.com/article/10.1007/s11042-020-09862-x","Article"
"A new deep learning pipeline to detect Covid-19 on chest X-ray images using local binary pattern, dual tree complex wavelet transform and convolutional neural networks","Applied Intelligence","","","","10.1007/s10489-020-02019-1","Huseyin YasarMurat Ceylan","2020","http://link.springer.com/article/10.1007/s10489-020-02019-1","Article"
"Learning an Evolutionary Embedding via Massive Knowledge Distillation","International Journal of Computer Vision","","128","8 - 9","10.1007/s11263-019-01286-x","Xiang WuRan HeYibo HuZhenan Sun","2020","http://link.springer.com/article/10.1007/s11263-019-01286-x","Article"
"Active weighted mapping-based residual convolutional neural network for image classification","Multimedia Tools and Applications","","","","10.1007/s11042-020-09808-3","Hyungho JungRyong LeeSang-Hwan LeeWonjun Hwang","2020","http://link.springer.com/article/10.1007/s11042-020-09808-3","Article"
"Synergy between traditional classification and classification based on negative features in deep convolutional neural networks","Neural Computing and Applications","","","","10.1007/s00521-020-05503-4","Nemanja MiloševićMiloš Racković","2020","http://link.springer.com/article/10.1007/s00521-020-05503-4","Article"
"A comprehensive survey on model compression and acceleration","Artificial Intelligence Review","","53","7","10.1007/s10462-020-09816-7","Tejalal ChoudharyVipul MishraAnurag GoswamiJagannathan Sarangapani","2020","http://link.springer.com/article/10.1007/s10462-020-09816-7","Article"
"Application of evolutionary and swarm optimization in computer vision: a literature survey","IPSJ Transactions on Computer Vision and Applications","","12","1","10.1186/s41074-020-00065-9","Takumi NakaneNaranchimeg BoldHaitian SunXuequan LuTakuya AkashiChao Zhang","2020","http://link.springer.com/article/10.1186/s41074-020-00065-9","Article"
"SSN: Learning Sparse Switchable Normalization via SparsestMax","International Journal of Computer Vision","","128","8 - 9","10.1007/s11263-019-01269-y","Wenqi ShaoJingyu LiJiamin RenRuimao ZhangXiaogang WangPing Luo","2020","http://link.springer.com/article/10.1007/s11263-019-01269-y","Article"
"A deep learning architecture of RA-DLNet for visual sentiment analysis","Multimedia Systems","","26","4","10.1007/s00530-020-00656-7","Ashima YadavDinesh Kumar Vishwakarma","2020","http://link.springer.com/article/10.1007/s00530-020-00656-7","Article"
"EfficientPose: Scalable single-person pose estimation","Applied Intelligence","","","","10.1007/s10489-020-01918-7","Daniel GroosHeri RamampiaroEspen AF Ihlen","2020","http://link.springer.com/article/10.1007/s10489-020-01918-7","Article"
"A survey on semi-supervised learning","Machine Learning","","109","2","10.1007/s10994-019-05855-6","Jesper E. van EngelenHolger H. Hoos","2020","http://link.springer.com/article/10.1007/s10994-019-05855-6","Article"
"Learning feature spaces for regression with genetic programming","Genetic Programming and Evolvable Machines","","21","3","10.1007/s10710-020-09383-4","William La CavaJason H. Moore","2020","http://link.springer.com/article/10.1007/s10710-020-09383-4","Article"
"Improved U-Net model for remote sensing image classification method based on distributed storage","Journal of Real-Time Image Processing","","","","10.1007/s11554-020-01028-0","Weipeng JingMingwei ZhangDongxue Tian","2020","http://link.springer.com/article/10.1007/s11554-020-01028-0","Article"
"DeepFake Video Detection: A Time-Distributed Approach","SN Computer Science","","1","4","10.1007/s42979-020-00225-9","Amritpal SinghAmanpreet Singh SaimbhiNavjot SinghMamta Mittal","2020","http://link.springer.com/article/10.1007/s42979-020-00225-9","Article"
"Fast and accurate cable detection using CNN","Applied Intelligence","","50","12","10.1007/s10489-020-01746-9","Zhiyong DaiJianjun YiYajun ZhangBo ZhouLiang He","2020","http://link.springer.com/article/10.1007/s10489-020-01746-9","Article"
