Item Title,Publication Title,Book Series Title,Journal Volume,Journal Issue,Item DOI,Authors,Publication Year,URL,Content Type
"Fast Hyperparameter Tuning for Support Vector Machines with Stochastic Gradient Descent","Machine Learning, Optimization, and Data Science","","","","10.1007/978-3-030-64580-9_40","Marcin OrchelJohan A. K. Suykens","2020","http://link.springer.com/chapter/10.1007/978-3-030-64580-9_40","Chapter"
"AVATAR - Machine Learning Pipeline Evaluation Using Surrogate Model","Advances in Intelligent Data Analysis XVIII","","","","10.1007/978-3-030-44584-3_28","Tien-Dung NguyenTomasz MaszczykKatarzyna MusialMarc-André ZöllerBogdan Gabrys","2020","http://link.springer.com/chapter/10.1007/978-3-030-44584-3_28","Chapter"
"HALO: Hardware-Aware Learning to Optimize","Computer Vision – ECCV 2020","","","","10.1007/978-3-030-58545-7_29","Chaojian LiTianlong ChenHaoran YouZhangyang WangYingyan Lin","2020","http://link.springer.com/chapter/10.1007/978-3-030-58545-7_29","Chapter"
"Neural Predictor for Neural Architecture Search","Computer Vision – ECCV 2020","","","","10.1007/978-3-030-58526-6_39","Wei WenHanxiao LiuYiran ChenHai LiGabriel BenderPieter-Jan Kindermans","2020","http://link.springer.com/chapter/10.1007/978-3-030-58526-6_39","Chapter"
"Automatic Classification of Sleep Stages Based on Raw Single-Channel EEG","Pattern Recognition and Computer Vision","","","","10.1007/978-3-030-60639-8_30","Kailin XuSiyu XiaGuang Li","2020","http://link.springer.com/chapter/10.1007/978-3-030-60639-8_30","Chapter"
"Actionable Subgroup Discovery and Urban Farm Optimization","Advances in Intelligent Data Analysis XVIII","","","","10.1007/978-3-030-44584-3_27","Alexandre MillotRomain MathonatRémy CazabetJean-François Boulicaut","2020","http://link.springer.com/chapter/10.1007/978-3-030-44584-3_27","Chapter"
"AABO: Adaptive Anchor Box Optimization for Object Detection via Bayesian Sub-sampling","Computer Vision – ECCV 2020","","","","10.1007/978-3-030-58558-7_33","Wenshuo MaTingzhong TianHang XuYimin HuangZhenguo Li","2020","http://link.springer.com/chapter/10.1007/978-3-030-58558-7_33","Chapter"
"LevelSet R-CNN: A Deep Variational Method for Instance Segmentation","Computer Vision – ECCV 2020","","","","10.1007/978-3-030-58592-1_33","Namdar HomayounfarYuwen XiongJustin LiangWei-Chiu MaRaquel Urtasun","2020","http://link.springer.com/chapter/10.1007/978-3-030-58592-1_33","Chapter"
"Modeling Artistic Workflows for Image Generation and Editing","Computer Vision – ECCV 2020","","","","10.1007/978-3-030-58523-5_10","Hung-Yu TsengMatthew FisherJingwan LuYijun LiVladimir KimMing-Hsuan Yang","2020","http://link.springer.com/chapter/10.1007/978-3-030-58523-5_10","Chapter"
"Identification of Autistic Risk Genes Using Developmental Brain Gene Expression Data","Intelligent Computing Theories and Application","","","","10.1007/978-3-030-60802-6_29","Zhi-An HuangYu-An HuangZhu-Hong YouShanwen ZhangChang-Qing YuWenzhun Huang","2020","http://link.springer.com/chapter/10.1007/978-3-030-60802-6_29","Chapter"
"Circumventing Outliers of AutoAugment with Knowledge Distillation","Computer Vision – ECCV 2020","","","","10.1007/978-3-030-58580-8_36","Longhui WeiAn XiaoLingxi XieXiaopeng ZhangXin ChenQi Tian","2020","http://link.springer.com/chapter/10.1007/978-3-030-58580-8_36","Chapter"
"Online Meta-learning for Multi-source and Semi-supervised Domain Adaptation","Computer Vision – ECCV 2020","","","","10.1007/978-3-030-58517-4_23","Da LiTimothy Hospedales","2020","http://link.springer.com/chapter/10.1007/978-3-030-58517-4_23","Chapter"
"Scalable and Imbalance-Resistant Machine Learning Models for Anti-money Laundering: A Two-Layered Approach","Enterprise Applications, Markets and Services in the Finance Industry","","","","10.1007/978-3-030-64466-6_3","Pavlo TertychnyiIvan SlobozhanMadis OllikainenMarlon Dumas","2020","http://link.springer.com/chapter/10.1007/978-3-030-64466-6_3","Chapter"
"Transforming and Projecting Images into Class-Conditional Generative Networks","Computer Vision – ECCV 2020","","","","10.1007/978-3-030-58536-5_2","Minyoung HuhRichard ZhangJun-Yan ZhuSylvain ParisAaron Hertzmann","2020","http://link.springer.com/chapter/10.1007/978-3-030-58536-5_2","Chapter"
"MOOC Performance Prediction by Deep Learning from Raw Clickstream Data","Advances in Computing and Data Sciences","","","","10.1007/978-981-15-6634-9_43","Gábor KőrösiRichard Farkas","2020","http://link.springer.com/chapter/10.1007/978-981-15-6634-9_43","Chapter"
"Black Box Algorithm Selection by Convolutional Neural Network","Machine Learning, Optimization, and Data Science","","","","10.1007/978-3-030-64580-9_23","Yaodong HeShiu Yin Yuen","2020","http://link.springer.com/chapter/10.1007/978-3-030-64580-9_23","Chapter"
"Differentiable Automatic Data Augmentation","Computer Vision – ECCV 2020","","","","10.1007/978-3-030-58542-6_35","Yonggang LiGuosheng HuYongtao WangTimothy HospedalesNeil M. RobertsonYongxin Yang","2020","http://link.springer.com/chapter/10.1007/978-3-030-58542-6_35","Chapter"
"Geometry Constrained Weakly Supervised Object Localization","Computer Vision – ECCV 2020","","","","10.1007/978-3-030-58574-7_29","Weizeng LuXi JiaWeicheng XieLinlin ShenYicong ZhouJinming Duan","2020","http://link.springer.com/chapter/10.1007/978-3-030-58574-7_29","Chapter"
"Real-Time Outlier Detection in Time Series Data of Water Sensors","Advanced Analytics and Learning on Temporal Data","","","","10.1007/978-3-030-65742-0_11","L. van de WielD. M. van EsA. J. Feelders","2020","http://link.springer.com/chapter/10.1007/978-3-030-65742-0_11","Chapter"
"Benchmarking Deep Learning Models for Driver Distraction Detection","Machine Learning, Optimization, and Data Science","","","","10.1007/978-3-030-64580-9_9","Jimiama Mafeni MasePeter ChapmanGrazziela P. FigueredoMercedes Torres Torres","2020","http://link.springer.com/chapter/10.1007/978-3-030-64580-9_9","Chapter"
"Combining Machine Learning and Simulation to a Hybrid Modelling Approach: Current and Future Directions","Advances in Intelligent Data Analysis XVIII","","","","10.1007/978-3-030-44584-3_43","Laura von RuedenSebastian MayerRafet SifaChristian BauckhageJochen Garcke","2020","http://link.springer.com/chapter/10.1007/978-3-030-44584-3_43","Chapter"
"Probabilistic Deep Learning for Instance Segmentation","Computer Vision – ECCV 2020 Workshops","","","","10.1007/978-3-030-66415-2_29","Josef Lorenz RumbergerLisa MaisDagmar Kainmueller","2020","http://link.springer.com/chapter/10.1007/978-3-030-66415-2_29","Chapter"
"Sparse Perturbations for Improved Convergence in Stochastic Zeroth-Order Optimization","Machine Learning, Optimization, and Data Science","","","","10.1007/978-3-030-64580-9_5","Mayumi OhtaNathaniel BergerArtem SokolovStefan Riezler","2020","http://link.springer.com/chapter/10.1007/978-3-030-64580-9_5","Chapter"
"Active Object Estimation for Human-Robot Collaborative Tasks","Neural Information Processing","","","","10.1007/978-3-030-63833-7_63","Chaoran HuangLina Yao","2020","http://link.springer.com/chapter/10.1007/978-3-030-63833-7_63","Chapter"
"A Swarm Enhanced Light Gradient Boosting Machine for Crowdfunding Project Outcome Prediction","Machine Learning for Cyber Security","","","","10.1007/978-3-030-62463-7_34","Shuang GengMiaojia HuangZhibo Wang","2020","http://link.springer.com/chapter/10.1007/978-3-030-62463-7_34","Chapter"
"Generating Individual Gait Kinetic Patterns Using Machine Learning","Applied Technologies","","","","10.1007/978-3-030-42520-3_5","César BouçasJoão P. FerreiraA. Paulo CoimbraManuel M. CrisóstomoPaulo A. S. Mendes","2020","http://link.springer.com/chapter/10.1007/978-3-030-42520-3_5","Chapter"
"CPGAN: Content-Parsing Generative Adversarial Networks for Text-to-Image Synthesis","Computer Vision – ECCV 2020","","","","10.1007/978-3-030-58548-8_29","Jiadong LiangWenjie PeiFeng Lu","2020","http://link.springer.com/chapter/10.1007/978-3-030-58548-8_29","Chapter"
"Category Level Object Pose Estimation via Neural Analysis-by-Synthesis","Computer Vision – ECCV 2020","","","","10.1007/978-3-030-58574-7_9","Xu ChenZijian DongJie SongAndreas GeigerOtmar Hilliges","2020","http://link.springer.com/chapter/10.1007/978-3-030-58574-7_9","Chapter"
"Shape Adaptor: A Learnable Resizing Module","Computer Vision – ECCV 2020","","","","10.1007/978-3-030-58610-2_39","Shikun LiuZhe LinYilin WangJianming ZhangFederico PerazziEdward Johns","2020","http://link.springer.com/chapter/10.1007/978-3-030-58610-2_39","Chapter"
"Morpheme Segmentation for Russian: Evaluation of Convolutional Neural Network Models","Analysis of Images, Social Networks and Texts","","","","10.1007/978-3-030-39575-9_16","Lyudmila MaltinaAlexey Malafeev","2020","http://link.springer.com/chapter/10.1007/978-3-030-39575-9_16","Chapter"
"LiBRe: Label-Wise Selection of Base Learners in Binary Relevance for Multi-label Classification","Advances in Intelligent Data Analysis XVIII","","","","10.1007/978-3-030-44584-3_44","Marcel WeverAlexander TornedeFelix MohrEyke Hüllermeier","2020","http://link.springer.com/chapter/10.1007/978-3-030-44584-3_44","Chapter"
"Single Path One-Shot Neural Architecture Search with Uniform Sampling","Computer Vision – ECCV 2020","","","","10.1007/978-3-030-58517-4_32","Zichao GuoXiangyu ZhangHaoyuan MuWen HengZechun LiuYichen WeiJian Sun","2020","http://link.springer.com/chapter/10.1007/978-3-030-58517-4_32","Chapter"
"Label-Similarity Curriculum Learning","Computer Vision – ECCV 2020","","","","10.1007/978-3-030-58526-6_11","Ürün DoganAniket Anand DeshmukhMarcin Bronislaw MachuraChristian Igel","2020","http://link.springer.com/chapter/10.1007/978-3-030-58526-6_11","Chapter"
"Big Transfer (BiT): General Visual Representation Learning","Computer Vision – ECCV 2020","","","","10.1007/978-3-030-58558-7_29","Alexander KolesnikovLucas BeyerXiaohua ZhaiJoan PuigcerverJessica YungSylvain GellyNeil Houlsby","2020","http://link.springer.com/chapter/10.1007/978-3-030-58558-7_29","Chapter"
"Using Machine Learning to Predict Short-Term Movements of the Bitcoin Market","Enterprise Applications, Markets and Services in the Finance Industry","","","","10.1007/978-3-030-64466-6_2","Patrick JaquartDavid DannChristof Weinhardt","2020","http://link.springer.com/chapter/10.1007/978-3-030-64466-6_2","Chapter"
"The Classification of Skateboarding Tricks by Means of the Integration of Transfer Learning and Machine Learning Models","Embracing Industry 4.0","","","","10.1007/978-981-15-6025-5_20","Muhammad Nur Aiman ShapieeMuhammad Ar Rahim IbrahimMohd Azraai Mohd RazmanMuhammad Amirul AbdullahRabiu Muazu MusaAnwar P. P. Abdul Majeed","2020","http://link.springer.com/chapter/10.1007/978-981-15-6025-5_20","Chapter"
"A Unified Framework of Surrogate Loss by Refactoring and Interpolation","Computer Vision – ECCV 2020","","","","10.1007/978-3-030-58580-8_17","Lanlan LiuMingzhe WangJia Deng","2020","http://link.springer.com/chapter/10.1007/978-3-030-58580-8_17","Chapter"
"SpringNet: Transformer and Spring DTW for Time Series Forecasting","Neural Information Processing","","","","10.1007/978-3-030-63836-8_51","Yang LinIrena KoprinskaMashud Rana","2020","http://link.springer.com/chapter/10.1007/978-3-030-63836-8_51","Chapter"
"AutoSimulate: (Quickly) Learning Synthetic Data Generation","Computer Vision – ECCV 2020","","","","10.1007/978-3-030-58542-6_16","Harkirat Singh BehlAtilim Güneş BaydinRan GalPhilip H. S. TorrVibhav Vineet","2020","http://link.springer.com/chapter/10.1007/978-3-030-58542-6_16","Chapter"
"KPML: A Novel Probabilistic Perspective Kernel Mahalanobis Distance Metric Learning Model for Semi-supervised Clustering","Database and Expert Systems Applications","","","","10.1007/978-3-030-59051-2_17","Chao WangYongyi HuXiaofeng GaoGuihai Chen","2020","http://link.springer.com/chapter/10.1007/978-3-030-59051-2_17","Chapter"
"Using Deep Convolutional LSTM Networks for Learning Spatiotemporal Features","Pattern Recognition","","","","10.1007/978-3-030-41299-9_24","Logan CourtneyRamavarapu Sreenivas","2020","http://link.springer.com/chapter/10.1007/978-3-030-41299-9_24","Chapter"
"On Integrating and Classifying Legal Text Documents","Database and Expert Systems Applications","","","","10.1007/978-3-030-59003-1_25","Alexandre QuemyRobert Wrembel","2020","http://link.springer.com/chapter/10.1007/978-3-030-59003-1_25","Chapter"
"Multi-objective Evolution for Deep Neural Network Architecture Search","Neural Information Processing","","","","10.1007/978-3-030-63836-8_23","Petra VidnerováRoman Neruda","2020","http://link.springer.com/chapter/10.1007/978-3-030-63836-8_23","Chapter"
"Coking Coal Railway Transportation Forecasting Using Ensembles of ElasticNet, LightGBM, and Facebook Prophet","Machine Learning, Optimization, and Data Science","","","","10.1007/978-3-030-64580-9_15","Vladimir SolovievNikita TitovElena Smirnova","2020","http://link.springer.com/chapter/10.1007/978-3-030-64580-9_15","Chapter"
"Genetic Programming Based Hyper Heuristic Approach for Dynamic Workflow Scheduling in the Cloud","Database and Expert Systems Applications","","","","10.1007/978-3-030-59051-2_6","Kirita-Rose EscottHui MaGang Chen","2020","http://link.springer.com/chapter/10.1007/978-3-030-59051-2_6","Chapter"
"NJUNLP’s Machine Translation System for CCMT-2020 Uighur 
            
              
            
            $$\rightarrow $$
            
              →
            
           Chinese Translation Task","Machine Translation","","","","10.1007/978-981-33-6162-1_7","Dongqi WangZihan LiuQingnan JiangZewei SunShujian HuangJiajun Chen","2020","http://link.springer.com/chapter/10.1007/978-981-33-6162-1_7","Chapter"
"Target-Aware Prediction of Tool Usage in Sequential Repair Tasks","Machine Learning, Optimization, and Data Science","","","","10.1007/978-3-030-64580-9_13","Nima NabizadehMartin HeckmannDorothea Kolossa","2020","http://link.springer.com/chapter/10.1007/978-3-030-64580-9_13","Chapter"
"Mind the Discriminability: Asymmetric Adversarial Domain Adaptation","Computer Vision – ECCV 2020","","","","10.1007/978-3-030-58586-0_35","Jianfei YangHan ZouYuxun ZhouZhaoyang ZengLihua Xie","2020","http://link.springer.com/chapter/10.1007/978-3-030-58586-0_35","Chapter"
"Adaptive Variance Based Label Distribution Learning for Facial Age Estimation","Computer Vision – ECCV 2020","","","","10.1007/978-3-030-58592-1_23","Xin WenBiying LiHaiyun GuoZhiwei LiuGuosheng HuMing TangJinqiao Wang","2020","http://link.springer.com/chapter/10.1007/978-3-030-58592-1_23","Chapter"
"Smooth-AP: Smoothing the Path Towards Large-Scale Image Retrieval","Computer Vision – ECCV 2020","","","","10.1007/978-3-030-58545-7_39","Andrew BrownWeidi XieVicky KalogeitonAndrew Zisserman","2020","http://link.springer.com/chapter/10.1007/978-3-030-58545-7_39","Chapter"
"AttentionNAS: Spatiotemporal Attention Cell Search for Video Classification","Computer Vision – ECCV 2020","","","","10.1007/978-3-030-58598-3_27","Xiaofang WangXuehan XiongMaxim NeumannAJ PiergiovanniMichael S. RyooAnelia AngelovaKris M. KitaniWei Hua","2020","http://link.springer.com/chapter/10.1007/978-3-030-58598-3_27","Chapter"
"Bi-Level Associative Classifier Using Automatic Learning on Rules","Database and Expert Systems Applications","","","","10.1007/978-3-030-59003-1_14","Nitakshi SoodLeepakshi BindraOsmar Zaiane","2020","http://link.springer.com/chapter/10.1007/978-3-030-59003-1_14","Chapter"
"Evaluating Deep Semi-supervised Learning for Whole-Transcriptome Breast Cancer Subtyping","Computational Intelligence Methods for Bioinformatics and Biostatistics","","","","10.1007/978-3-030-63061-4_21","Silvia CascianelliFrancisco CristovaoArif CanakogluMark CarmanLuca NanniPietro PinoliMarco Masseroli","2020","http://link.springer.com/chapter/10.1007/978-3-030-63061-4_21","Chapter"
"MetaDistiller: Network Self-Boosting via Meta-Learned Top-Down Distillation","Computer Vision – ECCV 2020","","","","10.1007/978-3-030-58568-6_41","Benlin LiuYongming RaoJiwen LuJie ZhouCho-Jui Hsieh","2020","http://link.springer.com/chapter/10.1007/978-3-030-58568-6_41","Chapter"
"Title Categorization Based on Category Granularity","Human Language Technology. Challenges for Computer Science and Linguistics","","","","10.1007/978-3-030-66527-2_25","Kazuya ShimuraFumiyo Fukumoto","2020","http://link.springer.com/chapter/10.1007/978-3-030-66527-2_25","Chapter"
"Knowledge-Enabled Diagnosis Assistant Based on Obstetric EMRs and Knowledge Graph","Chinese Computational Linguistics","","","","10.1007/978-3-030-63031-7_32","Kunli ZhangXu ZhaoLei ZhuangQi XieHongying Zan","2020","http://link.springer.com/chapter/10.1007/978-3-030-63031-7_32","Chapter"
"Deep Vectorization of Technical Drawings","Computer Vision – ECCV 2020","","","","10.1007/978-3-030-58601-0_35","Vage EgiazarianOleg VoynovAlexey ArtemovDenis VolkhonskiyAleksandr SafinMaria TaktashevaDenis ZorinEvgeny Burnaev","2020","http://link.springer.com/chapter/10.1007/978-3-030-58601-0_35","Chapter"
"Auto-Classifier: A Robust Defect Detector Based on an AutoML Head","Neural Information Processing","","","","10.1007/978-3-030-63830-6_12","Vasco LopesLuís A. Alexandre","2020","http://link.springer.com/chapter/10.1007/978-3-030-63830-6_12","Chapter"
"Feature Engineering Workflow for Activity Recognition from Synchronized Inertial Measurement Units","Pattern Recognition","","","","10.1007/978-981-15-3651-9_20","A. W. Kempa-LiehrJonty OramAndrew WongMark FinchThor Besier","2020","http://link.springer.com/chapter/10.1007/978-981-15-3651-9_20","Chapter"
"Stacking Networks Dynamically for Image Restoration Based on the Plug-and-Play Framework","Computer Vision – ECCV 2020","","","","10.1007/978-3-030-58601-0_27","Haixin WangTianhao ZhangMuzhi YuJinan SunWei YeChen WangShikun Zhang","2020","http://link.springer.com/chapter/10.1007/978-3-030-58601-0_27","Chapter"
"An Ensemble of Epoch-Wise Empirical Bayes for Few-Shot Learning","Computer Vision – ECCV 2020","","","","10.1007/978-3-030-58517-4_24","Yaoyao LiuBernt SchieleQianru Sun","2020","http://link.springer.com/chapter/10.1007/978-3-030-58517-4_24","Chapter"
"House-GAN: Relational Generative Adversarial Networks for Graph-Constrained House Layout Generation","Computer Vision – ECCV 2020","","","","10.1007/978-3-030-58452-8_10","Nelson NauataKai-Hung ChangChin-Yi ChengGreg MoriYasutaka Furukawa","2020","http://link.springer.com/chapter/10.1007/978-3-030-58452-8_10","Chapter"
"ProxyNCA++: Revisiting and Revitalizing Proxy Neighborhood Component Analysis","Computer Vision – ECCV 2020","","","","10.1007/978-3-030-58586-0_27","Eu Wern TehTerrance DeVriesGraham W. Taylor","2020","http://link.springer.com/chapter/10.1007/978-3-030-58586-0_27","Chapter"
"Ramifications of Approximate Posterior Inference for Bayesian Deep Learning in Adversarial and Out-of-Distribution Settings","Computer Vision – ECCV 2020 Workshops","","","","10.1007/978-3-030-66415-2_5","John MitrosArjun PakrashiBrian Mac Namee","2020","http://link.springer.com/chapter/10.1007/978-3-030-66415-2_5","Chapter"
"Transporting Labels via Hierarchical Optimal Transport for Semi-Supervised Learning","Computer Vision – ECCV 2020","","","","10.1007/978-3-030-58548-8_30","Fariborz TaherkhaniAli DaboueiSobhan SoleymaniJeremy DawsonNasser M. Nasrabadi","2020","http://link.springer.com/chapter/10.1007/978-3-030-58548-8_30","Chapter"
"EagleEye: Fast Sub-net Evaluation for Efficient Neural Network Pruning","Computer Vision – ECCV 2020","","","","10.1007/978-3-030-58536-5_38","Bailin LiBowen WuJiang SuGuangrun Wang","2020","http://link.springer.com/chapter/10.1007/978-3-030-58536-5_38","Chapter"
"An Integrative Analysis of Image Segmentation and Survival of Brain Tumour Patients","Brainlesion: Glioma, Multiple Sclerosis, Stroke and Traumatic Brain Injuries","","","","10.1007/978-3-030-46640-4_35","Sebastian StarkeCarlchristian EckertAlex ZwanenburgStefanie SpeidelSteffen LöckStefan Leger","2020","http://link.springer.com/chapter/10.1007/978-3-030-46640-4_35","Chapter"
"Yet Another Intermediate-Level Attack","Computer Vision – ECCV 2020","","","","10.1007/978-3-030-58517-4_15","Qizhang LiYiwen GuoHao Chen","2020","http://link.springer.com/chapter/10.1007/978-3-030-58517-4_15","Chapter"
"Fast Video Classification with CNNs in Compressed Domain","Artificial Intelligence and Security","","","","10.1007/978-3-030-57884-8_71","Lorxayxang KaiYang WuXiaodong DaiMing Ma","2020","http://link.springer.com/chapter/10.1007/978-3-030-57884-8_71","Chapter"
"The Classification of Skateboarding Trick Manoeuvres: A Frequency-Domain Evaluation","Embracing Industry 4.0","","","","10.1007/978-981-15-6025-5_17","Muhammad Ar Rahim IbrahimMuhammad Nur Aiman ShapieeMuhammad Amirul AbdullahMohd Azraai Mohd RazmanRabiu Muazu MusaAnwar P. P. Abdul Majeed","2020","http://link.springer.com/chapter/10.1007/978-981-15-6025-5_17","Chapter"
"Adversarial Shape Perturbations on 3D Point Clouds","Computer Vision – ECCV 2020 Workshops","","","","10.1007/978-3-030-66415-2_6","Daniel LiuRonald YuHao Su","2020","http://link.springer.com/chapter/10.1007/978-3-030-66415-2_6","Chapter"
"GAN-Based Garment Generation Using Sewing Pattern Images","Computer Vision – ECCV 2020","","","","10.1007/978-3-030-58523-5_14","Yu ShenJunbang LiangMing C. Lin","2020","http://link.springer.com/chapter/10.1007/978-3-030-58523-5_14","Chapter"
"Multi-objective Reinforced Evolution in Mobile Neural Architecture Search","Computer Vision – ECCV 2020 Workshops","","","","10.1007/978-3-030-66823-5_6","Xiangxiang ChuBo ZhangRuijun Xu","2020","http://link.springer.com/chapter/10.1007/978-3-030-66823-5_6","Chapter"
"Nonparametric Vibration Based Damage Detection Technique for Structural Health Monitoring Using 1D CNN","Computer Vision and Image Processing","","","","10.1007/978-981-15-4015-8_13","Yash SarawgiShivam SomaniAyushmaan ChhabraDhiraj","2020","http://link.springer.com/chapter/10.1007/978-981-15-4015-8_13","Chapter"
"Neural Rasch Model: How Do Word Embeddings Adjust Word Difficulty?","Computational Linguistics","","","","10.1007/978-981-15-6168-9_8","Yo Ehara","2020","http://link.springer.com/chapter/10.1007/978-981-15-6168-9_8","Chapter"
"Naive-Student: Leveraging Semi-Supervised Learning in Video Sequences for Urban Scene Segmentation","Computer Vision – ECCV 2020","","","","10.1007/978-3-030-58545-7_40","Liang-Chieh ChenRaphael Gontijo LopesBowen ChengMaxwell D. CollinsEkin D. CubukBarret ZophHartwig AdamJonathon Shlens","2020","http://link.springer.com/chapter/10.1007/978-3-030-58545-7_40","Chapter"
"Bengali Handwritten Character Classification Using Transfer Learning on Deep Convolutional Network","Intelligent Human Computer Interaction","","","","10.1007/978-3-030-44689-5_13","Swagato ChatterjeeRwik Kumar DuttaDebayan GangulyKingshuk ChatterjeeSudipta Roy","2020","http://link.springer.com/chapter/10.1007/978-3-030-44689-5_13","Chapter"
"Aneurysm Identification in Cerebral Models with Multiview Convolutional Neural Network","Brainlesion: Glioma, Multiple Sclerosis, Stroke and Traumatic Brain Injuries","","","","10.1007/978-3-030-46640-4_3","Mingsong ZhouXingce WangZhongke WuJose M. PozoAlejandro F. Frangi","2020","http://link.springer.com/chapter/10.1007/978-3-030-46640-4_3","Chapter"
"Automating Inspection of Moveable Lane Barrier for Auckland Harbour Bridge Traffic Safety","Neural Information Processing","","","","10.1007/978-3-030-63830-6_13","Boris BačićMunish RatheeRussel Pears","2020","http://link.springer.com/chapter/10.1007/978-3-030-63830-6_13","Chapter"
"Improved Representations for Personalized Document-Level Sentiment Classification","Database Systems for Advanced Applications","","","","10.1007/978-3-030-59410-7_53","Yihong ZhangWei Zhang","2020","http://link.springer.com/chapter/10.1007/978-3-030-59410-7_53","Chapter"
"One-Shot Learning-Based Handwritten Word Recognition","Pattern Recognition","","","","10.1007/978-3-030-41299-9_17","Asish Chakrapani GvSukalpa ChandaUmapada PalDavid Doermann","2020","http://link.springer.com/chapter/10.1007/978-3-030-41299-9_17","Chapter"
"Deep Cardiovascular Disease Prediction with Risk Factors Powered Bi-attention","Neural Information Processing","","","","10.1007/978-3-030-63830-6_60","Yanlong QiuZhichang ZhangXiaohui QinShengxin Tao","2020","http://link.springer.com/chapter/10.1007/978-3-030-63830-6_60","Chapter"
"Deep Adaptive Inference Networks for Single Image Super-Resolution","Computer Vision – ECCV 2020 Workshops","","","","10.1007/978-3-030-66823-5_8","Ming LiuZhilu ZhangLiya HouWangmeng ZuoLei Zhang","2020","http://link.springer.com/chapter/10.1007/978-3-030-66823-5_8","Chapter"
"Multi-view Adaptive Graph Convolutions for Graph Classification","Computer Vision – ECCV 2020","","","","10.1007/978-3-030-58574-7_24","Nikolas AdaloglouNicholas VretosPetros Daras","2020","http://link.springer.com/chapter/10.1007/978-3-030-58574-7_24","Chapter"
"Deep Retinal Diseases Detection and Explainability Using OCT Images","Image Analysis and Recognition","","","","10.1007/978-3-030-50516-5_31","Mohamed ChetouiMoulay A. Akhloufi","2020","http://link.springer.com/chapter/10.1007/978-3-030-50516-5_31","Chapter"
"Analysis of Multi-class Classification of EEG Signals Using Deep Learning","Pattern Recognition and Artificial Intelligence","","","","10.1007/978-3-030-59830-3_18","Dipayan DasTamal ChowdhuryUmapada Pal","2020","http://link.springer.com/chapter/10.1007/978-3-030-59830-3_18","Chapter"
"Efficient Adversarial Attacks for Visual Object Tracking","Computer Vision – ECCV 2020","","","","10.1007/978-3-030-58574-7_3","Siyuan LiangXingxing WeiSiyuan YaoXiaochun Cao","2020","http://link.springer.com/chapter/10.1007/978-3-030-58574-7_3","Chapter"
"Bayesian Zero-Shot Learning","Computer Vision – ECCV 2020 Workshops","","","","10.1007/978-3-030-66415-2_47","Sarkhan BadirliZeynep AkataMurat Dundar","2020","http://link.springer.com/chapter/10.1007/978-3-030-66415-2_47","Chapter"
"Momentum Batch Normalization for Deep Learning with Small Batch Size","Computer Vision – ECCV 2020","","","","10.1007/978-3-030-58610-2_14","Hongwei YongJianqiang HuangDeyu MengXiansheng HuaLei Zhang","2020","http://link.springer.com/chapter/10.1007/978-3-030-58610-2_14","Chapter"
"Implicit Posterior Sampling Reinforcement Learning for Continuous Control","Neural Information Processing","","","","10.1007/978-3-030-63833-7_38","Shaochen WangBin Li","2020","http://link.springer.com/chapter/10.1007/978-3-030-63833-7_38","Chapter"
"No Free Lunch: Free at Last!","Augmented Cognition. Theoretical and Technological Approaches","","","","10.1007/978-3-030-50353-6_16","Ali AlmashhadaniNeelang ParghiWeihao BiRaman Kannan","2020","http://link.springer.com/chapter/10.1007/978-3-030-50353-6_16","Chapter"
"Multi-omics Classification on Kidney Samples Exploiting Uncertainty-Aware Models","Intelligent Computing Theories and Application","","","","10.1007/978-3-030-60802-6_4","Marta LovinoGianpaolo BontempoGiansalvo CirrincioneElisa Ficarra","2020","http://link.springer.com/chapter/10.1007/978-3-030-60802-6_4","Chapter"
"Malicious Bot Detection in Online Social Networks: Arming Handcrafted Features with Deep Learning","Social Informatics","","","","10.1007/978-3-030-60975-7_17","Guanyi MouKyumin Lee","2020","http://link.springer.com/chapter/10.1007/978-3-030-60975-7_17","Chapter"
"Scene Recognition Using AlexNet to Recognize Significant Events Within Cricket Game Footage","Computer Vision and Graphics","","","","10.1007/978-3-030-59006-2_9","Tevin MoodleyDustin van der Haar","2020","http://link.springer.com/chapter/10.1007/978-3-030-59006-2_9","Chapter"
"Learning Objective Boundaries for Constraint Optimization Problems","Machine Learning, Optimization, and Data Science","","","","10.1007/978-3-030-64580-9_33","Helge SpiekerArnaud Gotlieb","2020","http://link.springer.com/chapter/10.1007/978-3-030-64580-9_33","Chapter"
"Learning to Balance Specificity and Invariance for In and Out of Domain Generalization","Computer Vision – ECCV 2020","","","","10.1007/978-3-030-58545-7_18","Prithvijit ChattopadhyayYogesh BalajiJudy Hoffman","2020","http://link.springer.com/chapter/10.1007/978-3-030-58545-7_18","Chapter"
"TAO: A Large-Scale Benchmark for Tracking Any Object","Computer Vision – ECCV 2020","","","","10.1007/978-3-030-58558-7_26","Achal DaveTarasha KhuranaPavel TokmakovCordelia SchmidDeva Ramanan","2020","http://link.springer.com/chapter/10.1007/978-3-030-58558-7_26","Chapter"
"Meshing Point Clouds with Predicted Intrinsic-Extrinsic Ratio Guidance","Computer Vision – ECCV 2020","","","","10.1007/978-3-030-58598-3_5","Minghua LiuXiaoshuai ZhangHao Su","2020","http://link.springer.com/chapter/10.1007/978-3-030-58598-3_5","Chapter"
"Multi-channel Convolutional Neural Networks for Handling Multi-dimensional Semantic Trajectories and Predicting Future Semantic Locations","Multiple-Aspect Analysis of Semantic Trajectories","","","","10.1007/978-3-030-38081-6_9","Antonios Karatzoglou","2020","http://link.springer.com/chapter/10.1007/978-3-030-38081-6_9","Chapter"
"Weakly Supervised Domain Adaptation with Point Supervision in Histopathological Image Segmentation","Pattern Recognition","","","","10.1007/978-981-15-3651-9_12","Shun ObikaneYoshimitsu Aoki","2020","http://link.springer.com/chapter/10.1007/978-981-15-3651-9_12","Chapter"
"SegFix: Model-Agnostic Boundary Refinement for Segmentation","Computer Vision – ECCV 2020","","","","10.1007/978-3-030-58610-2_29","Yuhui YuanJingyi XieXilin ChenJingdong Wang","2020","http://link.springer.com/chapter/10.1007/978-3-030-58610-2_29","Chapter"
"Are Labels Necessary for Neural Architecture Search?","Computer Vision – ECCV 2020","","","","10.1007/978-3-030-58548-8_46","Chenxi LiuPiotr DollárKaiming HeRoss GirshickAlan YuilleSaining Xie","2020","http://link.springer.com/chapter/10.1007/978-3-030-58548-8_46","Chapter"
"FeatMatch: Feature-Based Augmentation for Semi-supervised Learning","Computer Vision – ECCV 2020","","","","10.1007/978-3-030-58523-5_28","Chia-Wen KuoChih-Yao MaJia-Bin HuangZsolt Kira","2020","http://link.springer.com/chapter/10.1007/978-3-030-58523-5_28","Chapter"
"ExchNet: A Unified Hashing Network for Large-Scale Fine-Grained Image Retrieval","Computer Vision – ECCV 2020","","","","10.1007/978-3-030-58580-8_12","Quan CuiQing-Yuan JiangXiu-Shen WeiWu-Jun LiOsamu Yoshie","2020","http://link.springer.com/chapter/10.1007/978-3-030-58580-8_12","Chapter"
"Deep Residual 3D U-Net for Joint Segmentation and Texture Classification of Nodules in Lung","Image Analysis and Recognition","","","","10.1007/978-3-030-50516-5_37","Alexandr Rassadin","2020","http://link.springer.com/chapter/10.1007/978-3-030-50516-5_37","Chapter"
"GDumb: A Simple Approach that Questions Our Progress in Continual Learning","Computer Vision – ECCV 2020","","","","10.1007/978-3-030-58536-5_31","Ameya PrabhuPhilip H. S. TorrPuneet K. Dokania","2020","http://link.springer.com/chapter/10.1007/978-3-030-58536-5_31","Chapter"
"Streaming Object Detection for 3-D Point Clouds","Computer Vision – ECCV 2020","","","","10.1007/978-3-030-58523-5_25","Wei HanZhengdong ZhangBenjamin CaineBrandon YangChristoph SprunkOuais AlsharifJiquan NgiamVijay VasudevanJonathon ShlensZhifeng Chen","2020","http://link.springer.com/chapter/10.1007/978-3-030-58523-5_25","Chapter"
"A Boundary Based Out-of-Distribution Classifier for Generalized Zero-Shot Learning","Computer Vision – ECCV 2020","","","","10.1007/978-3-030-58586-0_34","Xingyu ChenXuguang LanFuchun SunNanning Zheng","2020","http://link.springer.com/chapter/10.1007/978-3-030-58586-0_34","Chapter"
"Active Crowd Analysis for Pandemic Risk Mitigation for Blind or Visually Impaired Persons","Computer Vision – ECCV 2020 Workshops","","","","10.1007/978-3-030-66823-5_25","Samridha ShresthaDaohan LuHanlin TianQiming CaoJulie LiuJohn-Ross RizzoWilliam H. SeipleMaurizio PorfiriYi Fang","2020","http://link.springer.com/chapter/10.1007/978-3-030-66823-5_25","Chapter"
"Rethinking Class Activation Mapping for Weakly Supervised Object Localization","Computer Vision – ECCV 2020","","","","10.1007/978-3-030-58555-6_37","Wonho BaeJunhyug NohGunhee Kim","2020","http://link.springer.com/chapter/10.1007/978-3-030-58555-6_37","Chapter"
"Fair DARTS: Eliminating Unfair Advantages in Differentiable Architecture Search","Computer Vision – ECCV 2020","","","","10.1007/978-3-030-58555-6_28","Xiangxiang ChuTianbao ZhouBo ZhangJixiang Li","2020","http://link.springer.com/chapter/10.1007/978-3-030-58555-6_28","Chapter"
"A Neighborhood-Augmented LSTM Model for Taxi-Passenger Demand Prediction","Multiple-Aspect Analysis of Semantic Trajectories","","","","10.1007/978-3-030-38081-6_8","Tai Le QuyWolfgang NejdlMyra SpiliopoulouEirini Ntoutsi","2020","http://link.springer.com/chapter/10.1007/978-3-030-38081-6_8","Chapter"
"BWCNN: Blink to Word, a Real-Time Convolutional Neural Network Approach","Internet of Things - ICIOT 2020","","","","10.1007/978-3-030-59615-6_10","Albara Ah RamliRex LiuRahul KrishnamoorthyI. B. VishalXiaoxiao WangIlias TagkopoulosXin Liu","2020","http://link.springer.com/chapter/10.1007/978-3-030-59615-6_10","Chapter"
"Deep Learning for Brain Tumor Segmentation in Radiosurgery: Prospective Clinical Evaluation","Brainlesion: Glioma, Multiple Sclerosis, Stroke and Traumatic Brain Injuries","","","","10.1007/978-3-030-46640-4_12","Boris ShirokikhAlexandra DalechinaAlexey ShevtsovEgor KrivovValery KostjuchenkoAmayak DurgaryanMikhail GalkinIvan OsinovAndrey GolanovMikhail Belyaev","2020","http://link.springer.com/chapter/10.1007/978-3-030-46640-4_12","Chapter"
"An Analysis of Sketched IRLS for Accelerated Sparse Residual Regression","Computer Vision – ECCV 2020","","","","10.1007/978-3-030-58610-2_36","Daichi IwataMichael WaechterWen-Yan LinYasuyuki Matsushita","2020","http://link.springer.com/chapter/10.1007/978-3-030-58610-2_36","Chapter"
"Key Nodes Cluster Augmented Embedding for Heterogeneous Information Networks","Neural Information Processing","","","","10.1007/978-3-030-63833-7_42","Hongyan XuWenjun WangHongtao LiuMengxuan ZhangQiang TianPengfei Jiao","2020","http://link.springer.com/chapter/10.1007/978-3-030-63833-7_42","Chapter"
"A Neural Framework for English-Hindi Cross-Lingual Natural Language Inference","Neural Information Processing","","","","10.1007/978-3-030-63830-6_55","Tanik SaikhArkadipta DeDibyanayan BandyopadhyayBaban GainAsif Ekbal","2020","http://link.springer.com/chapter/10.1007/978-3-030-63830-6_55","Chapter"
"Few-Shot Learning for Crossing-Sentence Relation Classification","Digital TV and Wireless Multimedia Communication","","","","10.1007/978-981-15-3341-9_13","Wen WenYongbin LiuChunping Ouyang","2020","http://link.springer.com/chapter/10.1007/978-981-15-3341-9_13","Chapter"
"A Unified Adversarial Learning Framework for Semi-supervised Multi-target Domain Adaptation","Database Systems for Advanced Applications","","","","10.1007/978-3-030-59410-7_29","Xinle WuLei WangShuo WangXiaofeng MengLinfeng LiHaitao HuangXiaohong ZhangJun Yan","2020","http://link.springer.com/chapter/10.1007/978-3-030-59410-7_29","Chapter"
"Residual Networks for Pulmonary Nodule Segmentation and Texture Characterization","Image Analysis and Recognition","","","","10.1007/978-3-030-50516-5_35","Adrian GaldranHamid Bouchachia","2020","http://link.springer.com/chapter/10.1007/978-3-030-50516-5_35","Chapter"
"Multi-branch Learning Framework with Different Receptive Fields Ensemble for Brain Tumor Segmentation","Brainlesion: Glioma, Multiple Sclerosis, Stroke and Traumatic Brain Injuries","","","","10.1007/978-3-030-46643-5_27","Cheng GuohuaLuo MengyanHe LinyangMo Lingqiang","2020","http://link.springer.com/chapter/10.1007/978-3-030-46643-5_27","Chapter"
"Semantic Relation Preserving Knowledge Distillation for Image-to-Image Translation","Computer Vision – ECCV 2020","","","","10.1007/978-3-030-58574-7_39","Zeqi LiRuowei JiangParham Aarabi","2020","http://link.springer.com/chapter/10.1007/978-3-030-58574-7_39","Chapter"
"Hybrid Labels for Brain Tumor Segmentation","Brainlesion: Glioma, Multiple Sclerosis, Stroke and Traumatic Brain Injuries","","","","10.1007/978-3-030-46643-5_15","Parvez AhmadSaqib QamarSeyed Raein HashemiLinlin Shen","2020","http://link.springer.com/chapter/10.1007/978-3-030-46643-5_15","Chapter"
"Multi-scale Dense Object Detection in Remote Sensing Imagery Based on Keypoints","Pattern Recognition and Computer Vision","","","","10.1007/978-3-030-60633-6_9","Qingxiang GuoYingjian LiuHaoyu YinYue LiChaohui Li","2020","http://link.springer.com/chapter/10.1007/978-3-030-60633-6_9","Chapter"
"Diversified Mutual Learning for Deep Metric Learning","Computer Vision – ECCV 2020 Workshops","","","","10.1007/978-3-030-66415-2_49","Wonpyo ParkWonjae KimKihyun YouMinsu Cho","2020","http://link.springer.com/chapter/10.1007/978-3-030-66415-2_49","Chapter"
"Compare and Reweight: Distinctive Image Captioning Using Similar Images Sets","Computer Vision – ECCV 2020","","","","10.1007/978-3-030-58452-8_22","Jiuniu WangWenjia XuQingzhong WangAntoni B. Chan","2020","http://link.springer.com/chapter/10.1007/978-3-030-58452-8_22","Chapter"
"Train Small, Generate Big: Synthesis of Colorectal Cancer Histology Images","Simulation and Synthesis in Medical Imaging","","","","10.1007/978-3-030-59520-3_17","Srijay DeshpandeFayyaz MinhasNasir Rajpoot","2020","http://link.springer.com/chapter/10.1007/978-3-030-59520-3_17","Chapter"
"Extreme Weather Prediction Using 2-Phase Deep Learning Pipeline","Computer Vision and Image Processing","","","","10.1007/978-981-15-4018-9_25","Vidhey OzaYash ThesiaDhananjay RasaliaPriyank ThakkarNitant DubeSanjay Garg","2020","http://link.springer.com/chapter/10.1007/978-981-15-4018-9_25","Chapter"
"Extending and Analyzing Self-supervised Learning Across Domains","Computer Vision – ECCV 2020","","","","10.1007/978-3-030-58574-7_43","Bram WallaceBharath Hariharan","2020","http://link.springer.com/chapter/10.1007/978-3-030-58574-7_43","Chapter"
"BATS: Binary ArchitecTure Search","Computer Vision – ECCV 2020","","","","10.1007/978-3-030-58592-1_19","Adrian BulatBrais MartinezGeorgios Tzimiropoulos","2020","http://link.springer.com/chapter/10.1007/978-3-030-58592-1_19","Chapter"
"CNN-SVM Learning Approach Based Human Activity Recognition","Image and Signal Processing","","","","10.1007/978-3-030-51935-3_29","Hend BaslyWael OuardaFatma Ezahra SayadiBouraoui OuniAdel M. Alimi","2020","http://link.springer.com/chapter/10.1007/978-3-030-51935-3_29","Chapter"
"Deep Hierarchical Non-negative Matrix Factorization for Clustering Short Text","Neural Information Processing","","","","10.1007/978-3-030-63833-7_23","Wathsala Anupama MohottiRichi Nayak","2020","http://link.springer.com/chapter/10.1007/978-3-030-63833-7_23","Chapter"
"Better Queries for Aspect-Category Sentiment Classification","Chinese Computational Linguistics","","","","10.1007/978-3-030-63031-7_25","Yuncong LiCunxiang YinSheng-hua ZhongHuiqiang ZhongJinchang LuoSiqi XuXiaohui Wu","2020","http://link.springer.com/chapter/10.1007/978-3-030-63031-7_25","Chapter"
"Reducing Distributional Uncertainty by Mutual Information Maximisation and Transferable Feature Learning","Computer Vision – ECCV 2020","","","","10.1007/978-3-030-58592-1_35","Jian GaoYang HuaGuosheng HuChi WangNeil M. Robertson","2020","http://link.springer.com/chapter/10.1007/978-3-030-58592-1_35","Chapter"
"SOLO: Segmenting Objects by Locations","Computer Vision – ECCV 2020","","","","10.1007/978-3-030-58523-5_38","Xinlong WangTao KongChunhua ShenYuning JiangLei Li","2020","http://link.springer.com/chapter/10.1007/978-3-030-58523-5_38","Chapter"
"Semantic Segmentation of Histopathological Slides for the Classification of Cutaneous Lymphoma and Eczema","Medical Image Understanding and Analysis","","","","10.1007/978-3-030-52791-4_3","Jérémy ScheurerClaudio FerrariLuis Berenguer Todo BomMichaela BeerWerner KempfLuis Haug","2020","http://link.springer.com/chapter/10.1007/978-3-030-52791-4_3","Chapter"
"Synthesizing Data Using Variational Autoencoders for Handling Class Imbalanced Deep Learning","Analysis of Images, Social Networks and Texts","","","","10.1007/978-3-030-39575-9_28","Taimoor Shakeel SheikhAdil KhanMuhammad FahimMuhammad Ahmad","2020","http://link.springer.com/chapter/10.1007/978-3-030-39575-9_28","Chapter"
"TADNM: A Transportation-Mode Aware Deep Neural Model for Travel Time Estimation","Database Systems for Advanced Applications","","","","10.1007/978-3-030-59410-7_32","Saijun XuJiajie XuRui ZhouChengfei LiuZhixu LiAn Liu","2020","http://link.springer.com/chapter/10.1007/978-3-030-59410-7_32","Chapter"
"AutoTrajectory: Label-Free Trajectory Extraction and Prediction from Videos Using Dynamic Points","Computer Vision – ECCV 2020","","","","10.1007/978-3-030-58601-0_38","Yuexin MaXinge ZhuXinjing ChengRuigang YangJiming LiuDinesh Manocha","2020","http://link.springer.com/chapter/10.1007/978-3-030-58601-0_38","Chapter"
"Polynomial Regression Network for Variable-Number Lane Detection","Computer Vision – ECCV 2020","","","","10.1007/978-3-030-58523-5_42","Bingke WangZilei WangYixin Zhang","2020","http://link.springer.com/chapter/10.1007/978-3-030-58523-5_42","Chapter"
"Learning to Restore ssTEM Images from Deformation and Corruption","Computer Vision – ECCV 2020 Workshops","","","","10.1007/978-3-030-66415-2_26","Wei HuangChang ChenZhiwei XiongYueyi ZhangDong LiuFeng Wu","2020","http://link.springer.com/chapter/10.1007/978-3-030-66415-2_26","Chapter"
"Partially-Shared Variational Auto-encoders for Unsupervised Domain Adaptation with Target Shift","Computer Vision – ECCV 2020","","","","10.1007/978-3-030-58517-4_1","Ryuhei TakahashiAtsushi HashimotoMotoharu SonogashiraMasaaki Iiyama","2020","http://link.springer.com/chapter/10.1007/978-3-030-58517-4_1","Chapter"
"Memory-Efficient Incremental Learning Through Feature Adaptation","Computer Vision – ECCV 2020","","","","10.1007/978-3-030-58517-4_41","Ahmet IscenJeffrey ZhangSvetlana LazebnikCordelia Schmid","2020","http://link.springer.com/chapter/10.1007/978-3-030-58517-4_41","Chapter"
"Chinese Named Entity Recognition via Adaptive Multi-pass Memory Network with Hierarchical Tagging Mechanism","Chinese Computational Linguistics","","","","10.1007/978-3-030-63031-7_11","Pengfei CaoYubo ChenKang LiuJun Zhao","2020","http://link.springer.com/chapter/10.1007/978-3-030-63031-7_11","Chapter"
"Learning Disentangled Representations via Mutual Information Estimation","Computer Vision – ECCV 2020","","","","10.1007/978-3-030-58542-6_13","Eduardo Hugo SanchezMathieu SerrurierMathias Ortner","2020","http://link.springer.com/chapter/10.1007/978-3-030-58542-6_13","Chapter"
"Trajectron++: Dynamically-Feasible Trajectory Forecasting with Heterogeneous Data","Computer Vision – ECCV 2020","","","","10.1007/978-3-030-58523-5_40","Tim SalzmannBoris IvanovicPunarjay ChakravartyMarco Pavone","2020","http://link.springer.com/chapter/10.1007/978-3-030-58523-5_40","Chapter"
"Correlation-Aware Change-Point Detection via Graph Neural Networks","Neural Information Processing","","","","10.1007/978-3-030-63836-8_46","Ruohong ZhangYu HaoDonghan YuWei-Cheng ChangGuokun LaiYiming Yang","2020","http://link.springer.com/chapter/10.1007/978-3-030-63836-8_46","Chapter"
"Grounded Situation Recognition","Computer Vision – ECCV 2020","","","","10.1007/978-3-030-58548-8_19","Sarah PrattMark YatskarLuca WeihsAli FarhadiAniruddha Kembhavi","2020","http://link.springer.com/chapter/10.1007/978-3-030-58548-8_19","Chapter"
"RadarNet: Exploiting Radar for Robust Perception of Dynamic Objects","Computer Vision – ECCV 2020","","","","10.1007/978-3-030-58523-5_29","Bin YangRunsheng GuoMing LiangSergio CasasRaquel Urtasun","2020","http://link.springer.com/chapter/10.1007/978-3-030-58523-5_29","Chapter"
"Ensemble Usage for Classification of EEG Signals A Review with Comparison","Augmented Cognition. Theoretical and Technological Approaches","","","","10.1007/978-3-030-50353-6_14","Zaib UnnisaSultan ZiaUmair Muneer ButtSukumar LetchmunanSadaf Ilyas","2020","http://link.springer.com/chapter/10.1007/978-3-030-50353-6_14","Chapter"
"AUTO3D: Novel View Synthesis Through Unsupervisely Learned Variational Viewpoint and Global 3D Representation","Computer Vision – ECCV 2020","","","","10.1007/978-3-030-58545-7_4","Xiaofeng LiuTong CheYiqun LuChao YangSite LiJane You","2020","http://link.springer.com/chapter/10.1007/978-3-030-58545-7_4","Chapter"
"PAS Tracker: Position-, Appearance- and Size-Aware Multi-object Tracking in Drone Videos","Computer Vision – ECCV 2020 Workshops","","","","10.1007/978-3-030-66823-5_36","Daniel StadlerLars Wilko SommerJürgen Beyerer","2020","http://link.springer.com/chapter/10.1007/978-3-030-66823-5_36","Chapter"
"Social Adaptive Module for Weakly-Supervised Group Activity Recognition","Computer Vision – ECCV 2020","","","","10.1007/978-3-030-58598-3_13","Rui YanLingxi XieJinhui TangXiangbo ShuQi Tian","2020","http://link.springer.com/chapter/10.1007/978-3-030-58598-3_13","Chapter"
"Spatially Aware Multimodal Transformers for TextVQA","Computer Vision – ECCV 2020","","","","10.1007/978-3-030-58545-7_41","Yash KantDhruv BatraPeter AndersonAlexander SchwingDevi ParikhJiasen LuHarsh Agrawal","2020","http://link.springer.com/chapter/10.1007/978-3-030-58545-7_41","Chapter"
"Match4Rec: A Novel Recommendation Algorithm Based on Bidirectional Encoder Representation with the Matching Task","Neural Information Processing","","","","10.1007/978-3-030-63836-8_41","Lingxiao ZhangJiangpeng YanYujiu YangLi Xiu","2020","http://link.springer.com/chapter/10.1007/978-3-030-63836-8_41","Chapter"
"Refining Data for Text Generation","Chinese Computational Linguistics","","","","10.1007/978-3-030-63031-7_7","Qianying LiuTianyi LiWenyu GuanSujian Li","2020","http://link.springer.com/chapter/10.1007/978-3-030-63031-7_7","Chapter"
"Student Dropout Model Based on Logistic Regression","Applied Technologies","","","","10.1007/978-3-030-42520-3_26","Blanca Rocio Cuji ChachaWilma Lorena Gavilanes LópezVíctor Xavier Vicente GuerreroWilma Guadalupe Villacis Villacis","2020","http://link.springer.com/chapter/10.1007/978-3-030-42520-3_26","Chapter"
"A Multi-line Image Difference Technique to Background Suppression Based on Geometric Jitter Correction","Image and Graphics Technologies and Applications","","","","10.1007/978-981-33-6033-4_23","Guoliang TianHongchen TangMinpu QiuJinping He","2020","http://link.springer.com/chapter/10.1007/978-981-33-6033-4_23","Chapter"
"Weakly-Supervised Cell Tracking via Backward-and-Forward Propagation","Computer Vision – ECCV 2020","","","","10.1007/978-3-030-58610-2_7","Kazuya NishimuraJunya HayashidaChenyang WangDai Fei Elmer KerRyoma Bise","2020","http://link.springer.com/chapter/10.1007/978-3-030-58610-2_7","Chapter"
"A Deep Learning Approach for Semantic Segmentation of Gonioscopic Images to Support Glaucoma Categorization","Medical Image Understanding and Analysis","","","","10.1007/978-3-030-52791-4_29","Andrea PeroniCarlo A. CutoloLuis A. PintoAnna PaviottiMauro CampigottoCaroline CobbJacintha GongSirjhun PatelAndrew TathamStewart GillanEmanuele Trucco","2020","http://link.springer.com/chapter/10.1007/978-3-030-52791-4_29","Chapter"
"Hand Gestures Detection, Tracking and Classification Using Convolutional Neural Network","Analysis of Images, Social Networks and Texts","","","","10.1007/978-3-030-39575-9_27","Oleg PotkinAndrey Philippovich","2020","http://link.springer.com/chapter/10.1007/978-3-030-39575-9_27","Chapter"
"Class-Imbalanced Domain Adaptation: An Empirical Odyssey","Computer Vision – ECCV 2020 Workshops","","","","10.1007/978-3-030-66415-2_38","Shuhan TanXingchao PengKate Saenko","2020","http://link.springer.com/chapter/10.1007/978-3-030-66415-2_38","Chapter"
"Databases and Information Systems in the AI Era: Contributions from ADBIS, TPDL and EDA 2020 Workshops and Doctoral Consortium","ADBIS, TPDL and EDA 2020 Common Workshops and Doctoral Consortium","","","","10.1007/978-3-030-55814-7_1","Ladjel BellatrecheFadila BentayebMária BielikováOmar BoussaidBarbara CataniaPaolo CeravoloElena DemidovaMirian Halfeld FerrariMaria Teresa Gomez LopezCarmem S. HaraSlavica KordićIvan LukovićAndrea MannocciPaolo ManghiFrancesco OsborneChristos Papatheodorou","2020","http://link.springer.com/chapter/10.1007/978-3-030-55814-7_1","Chapter"
"The ABC of Data: A Classifying Framework for Data Readiness","Machine Learning and Knowledge Discovery in Databases","","","","10.1007/978-3-030-43823-4_1","Laurens A. CastelijnsYuri MaasJoaquin Vanschoren","2020","http://link.springer.com/chapter/10.1007/978-3-030-43823-4_1","Chapter"
"Feature Engineering Workflow for Activity Recognition from Synchronized Inertial Measurement Units","Pattern Recognition","","","","10.1007/978-981-15-3651-9_20","A. W. Kempa-LiehrJonty OramAndrew WongMark FinchThor Besier","2020","http://link.springer.com/chapter/10.1007/978-981-15-3651-9_20","Chapter"
"Machine Learning Application to Family Business Status Classification","Machine Learning, Optimization, and Data Science","","","","10.1007/978-3-030-64583-0_3","Giorgio GneccoStefano AmatoAlessia PatuelliNicola Lattanzi","2020","http://link.springer.com/chapter/10.1007/978-3-030-64583-0_3","Chapter"
"Explainable and Transferrable Text Categorization","Data Management Technologies and Applications","","","","10.1007/978-3-030-54595-6_1","Tobias Eljasik-SwobodaFelix EngelMatthias Hemmje","2020","http://link.springer.com/chapter/10.1007/978-3-030-54595-6_1","Chapter"
"FastFeatGen: Faster Parallel Feature Extraction from Genome Sequences and Efficient Prediction of DNA $$N^6$$-Methyladenine Sites","Computational Advances in Bio and Medical Sciences","","","","10.1007/978-3-030-46165-2_5","Md. Khaledur Rahman","2020","http://link.springer.com/chapter/10.1007/978-3-030-46165-2_5","Chapter"
"Finding the Best k for the Dimension of the Latent Space in Autoencoders","Computational Collective Intelligence","","","","10.1007/978-3-030-63007-2_35","Kien Mai NgocMyunggwon Hwang","2020","http://link.springer.com/chapter/10.1007/978-3-030-63007-2_35","Chapter"
"The autofeat Python Library for Automated Feature Engineering and Selection","Machine Learning and Knowledge Discovery in Databases","","","","10.1007/978-3-030-43823-4_10","Franziska HornRobert PackMichael Rieger","2020","http://link.springer.com/chapter/10.1007/978-3-030-43823-4_10","Chapter"
"Click Event Sound Detection Using Machine Learning in Automotive Industry","Advances in Soft Computing","","","","10.1007/978-3-030-60884-2_7","Ricardo EspinosaHiram PonceSebastián GutiérrezEluney Hernández","2020","http://link.springer.com/chapter/10.1007/978-3-030-60884-2_7","Chapter"
"Applying AI in Practice: Key Challenges and Lessons Learned","Machine Learning and Knowledge Extraction","","","","10.1007/978-3-030-57321-8_25","Lukas FischerLisa EhrlingerVerena GeistRudolf RamlerFlorian SobieczkyWerner ZellingerBernhard Moser","2020","http://link.springer.com/chapter/10.1007/978-3-030-57321-8_25","Chapter"
"Autoencoder Based Methods for Diagnosis of Autism Spectrum Disorder","Computational Advances in Bio and Medical Sciences","","","","10.1007/978-3-030-46165-2_4","Sakib MostafaWutao YinFang-Xiang Wu","2020","http://link.springer.com/chapter/10.1007/978-3-030-46165-2_4","Chapter"
"Challenge Collapsar (CC) Attack Traffic Detection Based on Packet Field Differentiated Preprocessing and Deep Neural Network","Computational Science – ICCS 2020","","","","10.1007/978-3-030-50420-5_21","Xiaolin LiuShuhao LiYongzheng ZhangXiaochun YunJia Li","2020","http://link.springer.com/chapter/10.1007/978-3-030-50420-5_21","Chapter"
"An Interpretable Automated Machine Learning Credit Risk Model","Applied Computer Sciences in Engineering","","","","10.1007/978-3-030-61834-6_2","Gabriel PatronDiego LeonEdwin LopezGerman Hernandez","2020","http://link.springer.com/chapter/10.1007/978-3-030-61834-6_2","Chapter"
"Detecting the Zeus Banking Malware Using the Random Forest Binary Classification Algorithm and a Manual Feature Selection Process","Security in Computing and Communications","","","","10.1007/978-981-15-4825-3_23","Mohamed Ali KaziSteve WoodheadDiane Gan","2020","http://link.springer.com/chapter/10.1007/978-981-15-4825-3_23","Chapter"
"Agnostic Feature Selection","Machine Learning and Knowledge Discovery in Databases","","","","10.1007/978-3-030-46150-8_21","Guillaume DoquetMichèle Sebag","2020","http://link.springer.com/chapter/10.1007/978-3-030-46150-8_21","Chapter"
"On the Effectiveness of Using Various Machine Learning Methods for Forecasting Dangerous Convective Phenomena","Computational Science and Its Applications – ICCSA 2020","","","","10.1007/978-3-030-58817-5_7","E. N. StankovaI. O. TokarevaN. V. Dyachenko","2020","http://link.springer.com/chapter/10.1007/978-3-030-58817-5_7","Chapter"
"Patient Specific Classification of Dental Root Canal and Crown Shape","Shape in Medical Imaging","","","","10.1007/978-3-030-61056-2_12","Maxime DumontJuan Carlos PrietoSerge BrossetLucia CevidanesJonas BianchiAntonio RuellasMarcela GurgelCamila MassaroAron Aliaga Del CastilloMarcos IoshidaMarilia YatabeErika BenavidesHector RiosFabiana SokiGisele NeivaJuan Fernando Aristizabal","2020","http://link.springer.com/chapter/10.1007/978-3-030-61056-2_12","Chapter"
"Integration of Fast-Evolving Data Sources Using a Deep Learning Approach","Software Foundations for Data Interoperability and Large Scale Graph Data Analytics","","","","10.1007/978-3-030-61133-0_14","Zijie WangLixi ZhouJia Zou","2020","http://link.springer.com/chapter/10.1007/978-3-030-61133-0_14","Chapter"
"Multiclass MI-Task Classification Using Logistic Regression and Filter Bank Common Spatial Patterns","Computing Science, Communication and Security","","","","10.1007/978-981-15-6648-6_13","Md. Mahmudul Haque JoyMohammad HasanAbu Saleh Musa MiahAbir AhmedSadia Anwar TohfaMd. Farukul Islam BhuaiyanAshrafun ZannatMd Mamunur Rashid","2020","http://link.springer.com/chapter/10.1007/978-981-15-6648-6_13","Chapter"
"ReinBo: Machine Learning Pipeline Conditional Hierarchy Search and Configuration with Bayesian Optimization Embedded Reinforcement Learning","Machine Learning and Knowledge Discovery in Databases","","","","10.1007/978-3-030-43823-4_7","Xudong SunJiali LinBernd Bischl","2020","http://link.springer.com/chapter/10.1007/978-3-030-43823-4_7","Chapter"
"Radiomics: A New Biomedical Workflow to Create a Predictive Model","Medical Image Understanding and Analysis","","","","10.1007/978-3-030-52791-4_22","Albert ComelliAlessandro StefanoClaudia CoronnelloGiorgio RussoFederica VernuccioRoberto CannellaGiuseppe SalvaggioRoberto LagallaStefano Barone","2020","http://link.springer.com/chapter/10.1007/978-3-030-52791-4_22","Chapter"
"Summary of PAKDD CUP 2020: From Organizers’ Perspective","Large-Scale Disk Failure Prediction","","","","10.1007/978-981-15-7749-9_13","Cheng HeYi LiuTao HuangFan XuJiongzhou LiuShujie HanPatrick P. C. LeePinghui Wang","2020","http://link.springer.com/chapter/10.1007/978-981-15-7749-9_13","Chapter"
"Dealing with Critical Issues in Emails: A Comparison of Approaches for Sentiment Analysis","Data Management Technologies and Applications","","","","10.1007/978-3-030-54595-6_2","Bernd MarkscheffelMarkus Haberzettl","2020","http://link.springer.com/chapter/10.1007/978-3-030-54595-6_2","Chapter"
"Multi View Face Detection in Cattle Using Infrared Thermography","Applied Computing to Support Industry: Innovation and Technology","","","","10.1007/978-3-030-38752-5_18","Mohammed JaddoaLuciano GonzalezHolly CuthbertsonAdel Al-Jumaily","2020","http://link.springer.com/chapter/10.1007/978-3-030-38752-5_18","Chapter"
"Keyword Extraction Approach Based on Probabilistic-Entropy, Graph, and Neural Network Methods","Artificial Intelligence","","","","10.1007/978-3-030-59535-7_21","Anton A. SelivanovIvan A. MoloshnikovRoman B. RybkaAlexandr G. Sboev","2020","http://link.springer.com/chapter/10.1007/978-3-030-59535-7_21","Chapter"
"Distance Invariant RGB-D Object Recognition Using DSMS System","Machine Learning, Image Processing, Network Security and Data Sciences","","","","10.1007/978-981-15-6315-7_11","Rahul PatekarAbhijeet Nandedkar","2020","http://link.springer.com/chapter/10.1007/978-981-15-6315-7_11","Chapter"
"Mining and Analysis of Air Quality Data to Aid Climate Change","Artificial Intelligence Applications and Innovations. AIAI 2020 IFIP WG 12.5 International Workshops","","","","10.1007/978-3-030-49190-1_21","Lakshmi Babu SaheerMohamed ShahawyJavad Zarrin","2020","http://link.springer.com/chapter/10.1007/978-3-030-49190-1_21","Chapter"
"Data Science Approaches to Quality Control in Manufacturing: A Review of Problems, Challenges and Architecture","Service-Oriented Computing","","","","10.1007/978-3-030-64846-6_4","Yannick WilhelmUlf SchreierPeter ReimannBernhard MitschangHolger Ziekow","2020","http://link.springer.com/chapter/10.1007/978-3-030-64846-6_4","Chapter"
"Supervised Classification Methods for Fake News Identification","Artificial Intelligence and Soft Computing","","","","10.1007/978-3-030-61534-5_40","Thanh Cong TruongQuoc Bao DiepIvan ZelinkaRoman Senkerik","2020","http://link.springer.com/chapter/10.1007/978-3-030-61534-5_40","Chapter"
"Data Pipeline Management in Practice: Challenges and Opportunities","Product-Focused Software Process Improvement","","","","10.1007/978-3-030-64148-1_11","Aiswarya Raj MunappyJan BoschHelena Homström Olsson","2020","http://link.springer.com/chapter/10.1007/978-3-030-64148-1_11","Chapter"
"MAAN: A Multiple Attribute Association Network for Mobile Encrypted Traffic Classification","Security and Privacy in Communication Networks","","","","10.1007/978-3-030-63086-7_11","Fengzhao ShiChao ZhengYiming CuiQingyun Liu","2020","http://link.springer.com/chapter/10.1007/978-3-030-63086-7_11","Chapter"
"Digital Services Based on Vehicle Usage Data: The Underlying Vehicle Data Value Chain","Web Information Systems and Technologies","","","","10.1007/978-3-030-61750-9_2","Christian KaiserAndreas FestlGernot PucherMichael FellmannAlexander Stocker","2020","http://link.springer.com/chapter/10.1007/978-3-030-61750-9_2","Chapter"
"Cloud Type Identification Using Data Fusion and Ensemble Learning","Intelligent Data Engineering and Automated Learning – IDEAL 2020","","","","10.1007/978-3-030-62365-4_13","Javier Huertas-TatoAlejandro MartínDavid Camacho","2020","http://link.springer.com/chapter/10.1007/978-3-030-62365-4_13","Chapter"
"SLPNet: Towards End-to-End Car License Plate Detection and Recognition Using Lightweight CNN","Pattern Recognition and Computer Vision","","","","10.1007/978-3-030-60639-8_25","Wei ZhangYaobin MaoYi Han","2020","http://link.springer.com/chapter/10.1007/978-3-030-60639-8_25","Chapter"
"Deep Learning as a Competitive Feature-Free Approach for Automated Algorithm Selection on the Traveling Salesperson Problem","Parallel Problem Solving from Nature – PPSN XVI","","","","10.1007/978-3-030-58112-1_4","Moritz SeilerJanina PohlJakob BossekPascal KerschkeHeike Trautmann","2020","http://link.springer.com/chapter/10.1007/978-3-030-58112-1_4","Chapter"
"Data Curation: Towards a Tool for All","HCI International 2020 – Late Breaking Posters","","","","10.1007/978-3-030-60700-5_23","José DiasJácome CunhaRui Pereira","2020","http://link.springer.com/chapter/10.1007/978-3-030-60700-5_23","Chapter"
"Experimental Application of Machine Learning on Financial Inclusion Data for Governance in Eswatini","Responsible Design, Implementation and Use of Information and Communication Technology","","","","10.1007/978-3-030-45002-1_36","Boluwaji A. AkinnuwesiStephen G. FashotoAndile S. MetfulaAdetutu N. Akinnuwesi","2020","http://link.springer.com/chapter/10.1007/978-3-030-45002-1_36","Chapter"
"Automated Data Transformation with Inductive Programming and Dynamic Background Knowledge","Machine Learning and Knowledge Discovery in Databases","","","","10.1007/978-3-030-46133-1_44","Lidia Contreras-OchandoCèsar FerriJosé Hernández-OralloFernando Martínez-PlumedMaría José Ramírez-QuintanaSusumu Katayama","2020","http://link.springer.com/chapter/10.1007/978-3-030-46133-1_44","Chapter"
"Automated Machine Learning: Techniques and Frameworks","Big Data Management and Analytics","","","","10.1007/978-3-030-61627-4_3","Radwa ElshawiSherif Sakr","2020","http://link.springer.com/chapter/10.1007/978-3-030-61627-4_3","Chapter"
"BK-ADAPT: Dynamic Background Knowledge for Automating Data Transformation","Machine Learning and Knowledge Discovery in Databases","","","","10.1007/978-3-030-46133-1_45","Lidia Contreras-OchandoCésar FerriJosé Hernández-OralloFernando Martínez-PlumedMaría José Ramírez-QuintanaSusumu Katayama","2020","http://link.springer.com/chapter/10.1007/978-3-030-46133-1_45","Chapter"
"Algorithm Bias Detection and Mitigation in Lenovo Face Recognition Engine","Natural Language Processing and Chinese Computing","","","","10.1007/978-3-030-60457-8_36","Sheng ShiShanshan WeiZhongchao ShiYangzhou DuWei FanJianping FanYolanda ConyersFeiyu Xu","2020","http://link.springer.com/chapter/10.1007/978-3-030-60457-8_36","Chapter"
"Exploration of Data Analytics for Ground Segment in Space Systems","Business Modeling and Software Design","","","","10.1007/978-3-030-52306-0_25","Bedir TekinerdoganBedia AcarÇağrı CabıoğluDamla SavaşNebi VuranŞenol TekdalÜmit Gürsoy","2020","http://link.springer.com/chapter/10.1007/978-3-030-52306-0_25","Chapter"
"Predicting Physical Properties of Woven Fabrics via Automated Machine Learning and Textile Design and Finishing Features","Artificial Intelligence Applications and Innovations","","","","10.1007/978-3-030-49186-4_21","Rui RibeiroAndré PilastriCarla MouraFilipe RodriguesRita RochaJosé MorgadoPaulo Cortez","2020","http://link.springer.com/chapter/10.1007/978-3-030-49186-4_21","Chapter"
"Deep Specification Mining with Attention","Computing and Combinatorics","","","","10.1007/978-3-030-58150-3_15","Zhi CaoNan Zhang","2020","http://link.springer.com/chapter/10.1007/978-3-030-58150-3_15","Chapter"
"Multimodal Interaction-Aware Integrated Platform for CSCL","Human Interface and the Management of Information. Interacting with Information","","","","10.1007/978-3-030-50017-7_19","Aoi SugimotoYuki HayashiKazuhisa Seta","2020","http://link.springer.com/chapter/10.1007/978-3-030-50017-7_19","Chapter"
"An Integrated Machine Learning Framework for Stock Price Prediction","Information Retrieval","","","","10.1007/978-3-030-56725-5_8","Quanzhi BiHongfei YanChong ChenQi Su","2020","http://link.springer.com/chapter/10.1007/978-3-030-56725-5_8","Chapter"
"Process Minding: Closing the Big Data Gap","Business Process Management","","","","10.1007/978-3-030-58666-9_1","Avigdor GalArik Senderovich","2020","http://link.springer.com/chapter/10.1007/978-3-030-58666-9_1","Chapter"
"BNS-CNN: A Blind Network Steganalysis Model Based on Convolutional Neural Network in IPv6 Network","Digital Forensics and Watermarking","","","","10.1007/978-3-030-43575-2_30","Danyang ZhaoKaixi Wang","2020","http://link.springer.com/chapter/10.1007/978-3-030-43575-2_30","Chapter"
"Automating Common Data Science Matrix Transformations","Machine Learning and Knowledge Discovery in Databases","","","","10.1007/978-3-030-43823-4_2","Lidia Contreras-OchandoCèsar FerriJosé Hernández-Orallo","2020","http://link.springer.com/chapter/10.1007/978-3-030-43823-4_2","Chapter"
"Experimental Analysis of Convolutional Neural Networks and Capsule Networks for Image Classification","Data Science and Analytics","","","","10.1007/978-981-15-5830-6_36","Shweta BaliShyam Sunder Tyagi","2020","http://link.springer.com/chapter/10.1007/978-981-15-5830-6_36","Chapter"
"Improving Self-Organizing Maps with Unsupervised Feature Extraction","Neural Information Processing","","","","10.1007/978-3-030-63833-7_40","Lyes KhacefLaurent RodriguezBenoît Miramond","2020","http://link.springer.com/chapter/10.1007/978-3-030-63833-7_40","Chapter"
"A Character-Level BiGRU-Attention for Phishing Classification","Information and Communications Security","","","","10.1007/978-3-030-41579-2_43","Lijuan YuanZhiyong ZengYikang LuXiaofeng OuTao Feng","2020","http://link.springer.com/chapter/10.1007/978-3-030-41579-2_43","Chapter"
"NOVA: A Tool for Explanatory Multimodal Behavior Analysis and Its Application to Psychotherapy","MultiMedia Modeling","","","","10.1007/978-3-030-37734-2_47","Tobias BaurSina ClausenAlexander HeimerlFlorian LingenfelserWolfgang LutzElisabeth André","2020","http://link.springer.com/chapter/10.1007/978-3-030-37734-2_47","Chapter"
"DroidAutoML: A Microservice Architecture to Automate the Evaluation of Android Machine Learning Detection Systems","Distributed Applications and Interoperable Systems","","","","10.1007/978-3-030-50323-9_10","Yérom-David BrombergLouison Gitzinger","2020","http://link.springer.com/chapter/10.1007/978-3-030-50323-9_10","Chapter"
"General-Purpose Automated Machine Learning for Transportation: A Case Study of Auto-sklearn for Traffic Forecasting","Information Processing and Management of Uncertainty in Knowledge-Based Systems","","","","10.1007/978-3-030-50143-3_57","Juan S. Angarita-ZapataAntonio D. MasegosaIsaac Triguero","2020","http://link.springer.com/chapter/10.1007/978-3-030-50143-3_57","Chapter"
"Enriching Pre-trained Language Model with Dependency Syntactic Information for Chemical-Protein Interaction Extraction","Information Retrieval","","","","10.1007/978-3-030-56725-5_5","Jianye FanXiaofeng LiuShoubin DongJinlong Hu","2020","http://link.springer.com/chapter/10.1007/978-3-030-56725-5_5","Chapter"
"Features and Methods for Automatic Posting Account Classification","Databases and Information Systems","","","","10.1007/978-3-030-57672-1_6","Zigmunds BeļskisMarita ZirneMārcis Pinnis","2020","http://link.springer.com/chapter/10.1007/978-3-030-57672-1_6","Chapter"
"A Prediction Framework for Fast Sparse Triangular Solves","Euro-Par 2020: Parallel Processing","","","","10.1007/978-3-030-57675-2_33","Najeeb AhmadBuse YilmazDidem Unat","2020","http://link.springer.com/chapter/10.1007/978-3-030-57675-2_33","Chapter"
"Facial Expression Recognition Method Based on Convolution Neural Network Combining Attention Mechanism","Artificial Intelligence and Security","","","","10.1007/978-981-15-8086-4_13","Peizhi WenYing DingYayuan WenZhenrong DengZhi Xu","2020","http://link.springer.com/chapter/10.1007/978-981-15-8086-4_13","Chapter"
"Going for 2D or 3D? Investigating Various Machine Learning Approaches for Peach Variety Identification","Artificial Neural Networks in Pattern Recognition","","","","10.1007/978-3-030-58309-5_21","Anna WróbelGregory GygaxAndi SchmidThomas Ott","2020","http://link.springer.com/chapter/10.1007/978-3-030-58309-5_21","Chapter"
"A Web Application for Feral Cat Recognition Through Deep Learning","Big Data – BigData 2020","","","","10.1007/978-3-030-59612-5_7","Jingling ZhouShiyu WangYunxue ChenRichard O. Sinnott","2020","http://link.springer.com/chapter/10.1007/978-3-030-59612-5_7","Chapter"
"SmartSwitch: Efficient Traffic Obfuscation Against Stream Fingerprinting","Security and Privacy in Communication Networks","","","","10.1007/978-3-030-63086-7_15","Haipeng LiBen NiuBoyang Wang","2020","http://link.springer.com/chapter/10.1007/978-3-030-63086-7_15","Chapter"
"Detection of Running Malware Before it Becomes Malicious","Advances in Information and Computer Security","","","","10.1007/978-3-030-58208-1_4","Sergii BaninGeir Olav Dyrkolbotn","2020","http://link.springer.com/chapter/10.1007/978-3-030-58208-1_4","Chapter"
"ITP-KNN: Encrypted Video Flow Identification Based on the Intermittent Traffic Pattern of Video and K-Nearest Neighbors Classification","Computational Science – ICCS 2020","","","","10.1007/978-3-030-50417-5_21","Youting LiuShu LiChengwei ZhangChao ZhengYong SunQingyun Liu","2020","http://link.springer.com/chapter/10.1007/978-3-030-50417-5_21","Chapter"
"A Metalearning Study for Robust Nonlinear Regression","Proceedings of the 21st EANN (Engineering Applications of Neural Networks) 2020 Conference","","","","10.1007/978-3-030-48791-1_39","Jan KalinaPetra Vidnerová","2020","http://link.springer.com/chapter/10.1007/978-3-030-48791-1_39","Chapter"
"A Semantic Expansion-Based Joint Model for Answer Ranking in Chinese Question Answering Systems","Information Retrieval Technology","","","","10.1007/978-3-030-42835-8_3","Wenxiu XieLeung-Pun WongLap-Kei LeeOliver AuTianyong Hao","2020","http://link.springer.com/chapter/10.1007/978-3-030-42835-8_3","Chapter"
"Machine Learning for Suicidal Ideation Identification on Twitter for the Portuguese Language","Intelligent Systems","","","","10.1007/978-3-030-61377-8_37","Viní­cios Faustino de CarvalhoBianca GiaconCarlos NascimentoBruno Magalhães Nogueira","2020","http://link.springer.com/chapter/10.1007/978-3-030-61377-8_37","Chapter"
"Contextualisation of Datasets for Better Classification Models: Application to Airbus Helicopters Flight Data","New Trends in Databases and Information Systems","","","","10.1007/978-3-030-54623-6_4","Marie Le GuillyNassia DaouayryPierre-Loic MaisonneuveAmmar MechoucheJean-Marc PetitVasile-Marian Scuturici","2020","http://link.springer.com/chapter/10.1007/978-3-030-54623-6_4","Chapter"
"AutoML @ NeurIPS 2018 Challenge: Design and Results","The NeurIPS '18 Competition","","","","10.1007/978-3-030-29135-8_8","Hugo Jair EscalanteWei-Wei TuIsabelle GuyonDaniel L. SilverEvelyne ViegasYuqiang ChenWenyuan DaiQiang Yang","2020","http://link.springer.com/chapter/10.1007/978-3-030-29135-8_8","Chapter"
"Exploratory Landscape Analysis is Strongly Sensitive to the Sampling Strategy","Parallel Problem Solving from Nature – PPSN XVI","","","","10.1007/978-3-030-58115-2_10","Quentin RenauCarola DoerrJohann DreoBenjamin Doerr","2020","http://link.springer.com/chapter/10.1007/978-3-030-58115-2_10","Chapter"
"Toward Explainable Automatic Classification of Children’s Speech Disorders","Speech and Computer","","","","10.1007/978-3-030-60276-5_49","Dima ShulgaVered Silber-VarodDiamanta Benson-KaraiOfer LeviElad VashdiAnat Lerner","2020","http://link.springer.com/chapter/10.1007/978-3-030-60276-5_49","Chapter"
"Analysing ProB’s Constraint Solving Backends","Rigorous State-Based Methods","","","","10.1007/978-3-030-48077-6_8","Jannik DunkelauJoshua SchmidtMichael Leuschel","2020","http://link.springer.com/chapter/10.1007/978-3-030-48077-6_8","Chapter"
"Explaining Sentiment Classification with Synthetic Exemplars and Counter-Exemplars","Discovery Science","","","","10.1007/978-3-030-61527-7_24","Orestis LampridisRiccardo GuidottiSalvatore Ruggieri","2020","http://link.springer.com/chapter/10.1007/978-3-030-61527-7_24","Chapter"
"Wireless Signal Recognition Based on Deep Learning for LEO Constellation Satellite","Space Information Networks","","","","10.1007/978-981-15-3442-3_23","Xin ZhouYichen XiaoMingming HuLixiang Liu","2020","http://link.springer.com/chapter/10.1007/978-981-15-3442-3_23","Chapter"
"A Deep Learning Based Fault Detection Method for Rocket Launcher Electrical System","Machine Learning, Optimization, and Data Science","","","","10.1007/978-3-030-64580-9_27","Huanghua LiZhidong DengJianxin ZhangZhen ZhangXiaozhao WangYongbao LiFeng LiLizhong Xie","2020","http://link.springer.com/chapter/10.1007/978-3-030-64580-9_27","Chapter"
"An Adaptive Parameters Density Cluster Algorithm for Data Cleaning in Big Data","Artificial Intelligence and Security","","","","10.1007/978-3-030-57884-8_48","Xiaopeng ZhangRuijie LinHaitao Xu","2020","http://link.springer.com/chapter/10.1007/978-3-030-57884-8_48","Chapter"
"Explaining Misclassification and Attacks in Deep Learning via Random Forests","Modeling Decisions for Artificial Intelligence","","","","10.1007/978-3-030-57524-3_23","Rami HaffarJosep Domingo-FerrerDavid Sánchez","2020","http://link.springer.com/chapter/10.1007/978-3-030-57524-3_23","Chapter"
"An Analysis of Deep Neural Networks for Predicting Trends in Time Series Data","Artificial Intelligence Research","","","","10.1007/978-3-030-66151-9_8","Kouame Hermann KouassiDeshendran Moodley","2020","http://link.springer.com/chapter/10.1007/978-3-030-66151-9_8","Chapter"
"A Framework for Classifying Temporal Relations with Question Encoder","Digital Libraries at Times of Massive Societal Transition","","","","10.1007/978-3-030-64452-9_2","Yohei SekiKangkang ZhaoMasaki OguniKazunari Sugiyama","2020","http://link.springer.com/chapter/10.1007/978-3-030-64452-9_2","Chapter"
"Anomaly Detection in DevOps Toolchain","Software Engineering Aspects of Continuous Development and New Paradigms of Software Production and Deployment","","","","10.1007/978-3-030-39306-9_3","Antonio CapizziSalvatore DistefanoLuiz J. P. AraújoManuel MazzaraMuhammad AhmadEvgeny Bobrov","2020","http://link.springer.com/chapter/10.1007/978-3-030-39306-9_3","Chapter"
"Early Prediction of Brain Tumor Classification Using Convolution Neural Networks","Advances in Computational Intelligence, Security and Internet of Things","","","","10.1007/978-981-15-3666-3_2","J. ArunnehruAjay KumarJ. P. Verma","2020","http://link.springer.com/chapter/10.1007/978-981-15-3666-3_2","Chapter"
"Scalable Machine Learning on Popular Analytic Languages with Parallel Data Summarization","Big Data Analytics and Knowledge Discovery","","","","10.1007/978-3-030-59065-9_22","Sikder Tahsin Al-AminCarlos Ordonez","2020","http://link.springer.com/chapter/10.1007/978-3-030-59065-9_22","Chapter"
"Target Recognition Framework and Learning Mode Based on Parallel Images","Image and Graphics Technologies and Applications","","","","10.1007/978-981-33-6033-4_14","Zihui YinRong MengZhilong ZhaoHe YinZhedong HuYongjie Zhai","2020","http://link.springer.com/chapter/10.1007/978-981-33-6033-4_14","Chapter"
"Spanish Sentiment Analysis Using Universal Language Model Fine-Tuning: A Detailed Case of Study","Information Management and Big Data","","","","10.1007/978-3-030-46140-9_20","Daniel PalominoJosé Ochoa-Luna","2020","http://link.springer.com/chapter/10.1007/978-3-030-46140-9_20","Chapter"
"A Deep Learning Approach to Detect the Demarcation Line in OCT Images","Medical Image Understanding and Analysis","","","","10.1007/978-3-030-52791-4_30","Chadi HelweShady ElbassuoniAhmad DhainiLily ChacraShady Awwad","2020","http://link.springer.com/chapter/10.1007/978-3-030-52791-4_30","Chapter"
"Towards a Human-Centered Approach for VRET Systems: Case Study for Acrophobia","Advances in Information Systems Development","","","","10.1007/978-3-030-49644-9_11","Oana BălanȘtefania CristeaAlin MoldoveanuGabriela MoiseMarius LeordeanuFlorica Moldoveanu","2020","http://link.springer.com/chapter/10.1007/978-3-030-49644-9_11","Chapter"
"Quaternion Neural Networks: State-of-the-Art and Research Challenges","Intelligent Data Engineering and Automated Learning – IDEAL 2020","","","","10.1007/978-3-030-62365-4_43","David García-RetuertaRoberto Casado-VaraAngel Martin-del ReyFernando De la PrietaJavier PrietoJuan M. Corchado","2020","http://link.springer.com/chapter/10.1007/978-3-030-62365-4_43","Chapter"
"Neural Architecture Search in Graph Neural Networks","Intelligent Systems","","","","10.1007/978-3-030-61377-8_21","Matheus NunesGisele L. Pappa","2020","http://link.springer.com/chapter/10.1007/978-3-030-61377-8_21","Chapter"
"Automated Measurements of Key Morphological Features of Human Embryos for IVF","Medical Image Computing and Computer Assisted Intervention – MICCAI 2020","","","","10.1007/978-3-030-59722-1_3","Brian D. LeahyWon-Dong JangHelen Y. YangRobbert StruyvenDonglai WeiZhe SunKylie R. LeeCharlotte RoystonLiz CamYael KalmaFoad AzemDalit Ben-YosefHanspeter PfisterDaniel Needleman","2020","http://link.springer.com/chapter/10.1007/978-3-030-59722-1_3","Chapter"
"AccessibleMaps: Addressing Gaps in Maps for People with Visual and Mobility Impairments","Computers Helping People with Special Needs","","","","10.1007/978-3-030-58805-2_34","Claudia LoitschKarin MüllerChristin EngelGerhard WeberRainer Stiefelhagen","2020","http://link.springer.com/chapter/10.1007/978-3-030-58805-2_34","Chapter"
