Item Title,Publication Title,Book Series Title,Journal Volume,Journal Issue,Item DOI,Authors,Publication Year,URL,Content Type
"Propositionalization and embeddings: two sides of the same coin","Machine Learning","","109","7","10.1007/s10994-020-05890-8","Nada LavračBlaž ŠkrljMarko Robnik-Šikonja","2020","http://link.springer.com/article/10.1007/s10994-020-05890-8","Article"
"360 degree view of cross-domain opinion classification: a survey","Artificial Intelligence Review","","","","10.1007/s10462-020-09884-9","Rahul Kumar SinghManoj Kumar SachanR. B. Patel","2020","http://link.springer.com/article/10.1007/s10462-020-09884-9","Article"
"Sarcasm identification in textual data: systematic review, research challenges and open directions","Artificial Intelligence Review","","53","6","10.1007/s10462-019-09791-8","Christopher Ifeanyi EkeAzah Anir NormanLiyana ShuibHenry Friday Nweke","2020","http://link.springer.com/article/10.1007/s10462-019-09791-8","Article"
"Applicability of machine learning in spam and phishing email filtering: review and approaches","Artificial Intelligence Review","","53","7","10.1007/s10462-020-09814-9","Tushaar GangavarapuC. D. JaidharBhabesh Chanduka","2020","http://link.springer.com/article/10.1007/s10462-020-09814-9","Article"
"Benchmarking performance of machine and deep learning-based methodologies for Urdu text document classification","Neural Computing and Applications","","","","10.1007/s00521-020-05321-8","Muhammad Nabeel AsimMuhammad Usman GhaniMuhammad Ali IbrahimWaqar MahmoodAndreas DengelSheraz Ahmed","2020","http://link.springer.com/article/10.1007/s00521-020-05321-8","Article"
"A novel feature extraction methodology using Siamese convolutional neural networks for intrusion detection","Cybersecurity","","3","1","10.1186/s42400-020-00056-4","Serafeim MoustakidisPatrik Karlsson","2020","http://link.springer.com/article/10.1186/s42400-020-00056-4","Article"
"Research on radar signal recognition based on automatic machine learning","Neural Computing and Applications","","32","7","10.1007/s00521-019-04494-1","Peng Li","2020","http://link.springer.com/article/10.1007/s00521-019-04494-1","Article"
"Bibliographic automatic classification algorithm based on semantic space transformation","Multimedia Tools and Applications","","79","13 - 14","10.1007/s11042-019-7400-3","Hua-Feng Yu","2020","http://link.springer.com/article/10.1007/s11042-019-7400-3","Article"
"A review for cervical histopathology image analysis using machine vision approaches","Artificial Intelligence Review","","53","7","10.1007/s10462-020-09808-7","Chen LiHao ChenXiaoyan LiNing XuZhijie HuDan XueShouliang QiHe MaLe ZhangHongzan Sun","2020","http://link.springer.com/article/10.1007/s10462-020-09808-7","Article"
"Steganography and Steganalysis (in digital forensics): a Cybersecurity guide","Multimedia Tools and Applications","","","","10.1007/s11042-020-09929-9","Mukesh DalalMamta Juneja","2020","http://link.springer.com/article/10.1007/s11042-020-09929-9","Article"
"Medical image analysis of phosphorylated protein interaction extraction algorithm based on text mining technology","Multimedia Tools and Applications","","79","15 - 16","10.1007/s11042-019-07853-1","Xiaolei MaYang LuYinan LuZhili Pei","2020","http://link.springer.com/article/10.1007/s11042-019-07853-1","Article"
"Cyber forensics framework for big data analytics in IoT environment using machine learning","Multimedia Tools and Applications","","79","23 - 24","10.1007/s11042-018-6338-1","Gurpal Singh ChhabraVarinder Pal SinghManinder Singh","2020","http://link.springer.com/article/10.1007/s11042-018-6338-1","Article"
"Joint feature and instance selection using manifold data criteria: application to image classification","Artificial Intelligence Review","","","","10.1007/s10462-020-09889-4","Fadi Dornaika","2020","http://link.springer.com/article/10.1007/s10462-020-09889-4","Article"
"The impact of automated feature selection techniques on the interpretation of defect models","Empirical Software Engineering","","25","5","10.1007/s10664-020-09848-1","Jirayus JiarpakdeeChakkrit TantithamthavornChristoph Treude","2020","http://link.springer.com/article/10.1007/s10664-020-09848-1","Article"
"Heterogeneous ensemble learning with feature engineering for default prediction in peer-to-peer lending in China","World Wide Web","","23","1","10.1007/s11280-019-00676-y","Wei LiShuai DingHao WangYi ChenShanlin Yang","2020","http://link.springer.com/article/10.1007/s11280-019-00676-y","Article"
"Machine learning for landslides prevention: a survey","Neural Computing and Applications","","","","10.1007/s00521-020-05529-8","Zhengjing MaGang MeiFrancesco Piccialli","2020","http://link.springer.com/article/10.1007/s00521-020-05529-8","Article"
"A survey on semi-supervised learning","Machine Learning","","109","2","10.1007/s10994-019-05855-6","Jesper E. van EngelenHolger H. Hoos","2020","http://link.springer.com/article/10.1007/s10994-019-05855-6","Article"
"Classifying the valence of autobiographical memories from fMRI data","Annals of Mathematics and Artificial Intelligence","","88","11 - 12","10.1007/s10472-020-09705-3","Alex FridLarry M. ManevitzNorberto Eiji Nawa","2020","http://link.springer.com/article/10.1007/s10472-020-09705-3","Article"
"Sentiment analysis in textual, visual and multimodal inputs using recurrent neural networks","Multimedia Tools and Applications","","","","10.1007/s11042-020-10037-x","Jitendra V. TembhurneTausif Diwan","2020","http://link.springer.com/article/10.1007/s11042-020-10037-x","Article"
"Deep learning application in smart cities: recent development, taxonomy, challenges and research prospects","Neural Computing and Applications","","","","10.1007/s00521-020-05151-8","Amina N. MuhammadAli M. AseereHaruna ChiromaHabib ShahAbdulsalam Y. GitalIbrahim Abaker Targio Hashem","2020","http://link.springer.com/article/10.1007/s00521-020-05151-8","Article"
"Classification of multi-lingual tweets, into multi-class model using Naïve Bayes and semi-supervised learning","Multimedia Tools and Applications","","79","43 - 44","10.1007/s11042-020-09512-2","Ayaz H. KhanMuhammad Zubair","2020","http://link.springer.com/article/10.1007/s11042-020-09512-2","Article"
"Diagnosis of large-for-gestational-age infants using a semi-supervised feature learned from expert and data","Multimedia Tools and Applications","","79","45 - 46","10.1007/s11042-020-09081-4","Faheem AkhtarJianqiang LiYan PeiAzhar ImranAsif RajputMuhammad AzeemBo Liu","2020","http://link.springer.com/article/10.1007/s11042-020-09081-4","Article"
"Antlion re-sampling based deep neural network model for classification of imbalanced multimodal stroke dataset","Multimedia Tools and Applications","","","","10.1007/s11042-020-09988-y","Thippa Reddy GSweta BhattacharyaPraveen Kumar Reddy MaddikuntaSaqib HakakWazir Zada KhanAli Kashif BashirAlireza JolfaeiUsman Tariq","2020","http://link.springer.com/article/10.1007/s11042-020-09988-y","Article"
"A novel scalable intrusion detection system based on deep learning","International Journal of Information Security","","","","10.1007/s10207-020-00508-5","Soosan Naderi MighanMohsen Kahani","2020","http://link.springer.com/article/10.1007/s10207-020-00508-5","Article"
"Automatic Concept Extraction for Domain and Student Modeling in Adaptive Textbooks","International Journal of Artificial Intelligence in Education","","","","10.1007/s40593-020-00207-1","Hung ChauIgor LabutovKhushboo ThakerDaqing HePeter Brusilovsky","2020","http://link.springer.com/article/10.1007/s40593-020-00207-1","Article"
"Short-term stock market price trend prediction using a comprehensive deep learning system","Journal of Big Data","","7","1","10.1186/s40537-020-00333-6","Jingyi ShenM. Omair Shafiq","2020","http://link.springer.com/article/10.1186/s40537-020-00333-6","Article"
"Fast and robust retinal biometric key generation using deep neural nets","Multimedia Tools and Applications","","79","9 - 10","10.1007/s11042-019-08507-y","Nilanjana Dutta RoyArindam Biswas","2020","http://link.springer.com/article/10.1007/s11042-019-08507-y","Article"
"Analyzing cognitive processes from complex neuro-physiologically based data: some lessons","Annals of Mathematics and Artificial Intelligence","","88","11 - 12","10.1007/s10472-019-09669-z","Alex FridLarry M. Manevitz","2020","http://link.springer.com/article/10.1007/s10472-019-09669-z","Article"
"A comparative dimensionality reduction study in telecom customer segmentation using deep learning and PCA","Journal of Big Data","","7","1","10.1186/s40537-020-0286-0","Maha AlkhayratMohamad AljnidiKadan Aljoumaa","2020","http://link.springer.com/article/10.1186/s40537-020-0286-0","Article"
"Multi-layered deep learning perceptron approach for health risk prediction","Journal of Big Data","","7","1","10.1186/s40537-020-00316-7","Thulasi Bikku","2020","http://link.springer.com/article/10.1186/s40537-020-00316-7","Article"
"A Machine Learning Framework with Feature Selection for Floorplan Acceleration in IC Physical Design","Journal of Computer Science and Technology","","35","2","10.1007/s11390-020-9688-x","Shu-Zheng ZhangZhen-Yu ZhaoChao-Chao FengLei Wang","2020","http://link.springer.com/article/10.1007/s11390-020-9688-x","Article"
"A machine learning approach for prediction of pregnancy outcome following IVF treatment","Neural Computing and Applications","","32","7","10.1007/s00521-018-3693-9","Md Rafiul HassanSadiq Al-InsaifM. Imtiaz HossainJoarder Kamruzzaman","2020","http://link.springer.com/article/10.1007/s00521-018-3693-9","Article"
"Representation learning via a semi-supervised stacked distance autoencoder for image classification","Frontiers of Information Technology & Electronic Engineering","","21","7","10.1631/FITEE.1900116","Liang HouXiao-yi LuoZi-yang WangJun Liang","2020","http://link.springer.com/article/10.1631/FITEE.1900116","Article"
"Gene encoder: a feature selection technique through unsupervised deep learning-based clustering for large gene expression data","Neural Computing and Applications","","","","10.1007/s00521-020-05101-4","UzmaFeras Al-ObeidatAbdallah TubaishatBabar ShahZahid Halim","2020","http://link.springer.com/article/10.1007/s00521-020-05101-4","Article"
"Filter-based feature selection in the context of evolutionary neural networks in supervised machine learning","Pattern Analysis and Applications","","23","1","10.1007/s10044-019-00798-z","Antonio J. Tallón-BallesterosJosé C. RiquelmeRoberto Ruiz","2020","http://link.springer.com/article/10.1007/s10044-019-00798-z","Article"
"Using machine learning to assist with the selection of security controls during security assessment","Empirical Software Engineering","","25","4","10.1007/s10664-020-09814-x","Seifeddine BettaiebSeung Yeob ShinMehrdad SabetzadehLionel C. BriandMichael GarceauAntoine Meyers","2020","http://link.springer.com/article/10.1007/s10664-020-09814-x","Article"
"Deep feature extraction and classification of breast ultrasound images","Multimedia Tools and Applications","","79","37 - 38","10.1007/s11042-020-09337-z","KritiJitendra VirmaniRavinder Agarwal","2020","http://link.springer.com/article/10.1007/s11042-020-09337-z","Article"
"A deep learning based review on abdominal images","Multimedia Tools and Applications","","","","10.1007/s11042-020-09592-0","Arshia RehmanFiaz Gul Khan","2020","http://link.springer.com/article/10.1007/s11042-020-09592-0","Article"
"Feature selection generating directed rough-spanning tree for crime pattern analysis","Neural Computing and Applications","","32","12","10.1007/s00521-018-3880-8","Priyanka DasAsit Kumar DasJanmenjoy Nayak","2020","http://link.springer.com/article/10.1007/s00521-018-3880-8","Article"
"Machine learning and data analytics for the IoT","Neural Computing and Applications","","32","20","10.1007/s00521-020-04874-y","Erwin AdiAdnan AnwarZubair BaigSherali Zeadally","2020","http://link.springer.com/article/10.1007/s00521-020-04874-y","Article"
"Computer-aided diagnosis (CAD) system based on multi-layer feature fusion network for skin lesion recognition in dermoscopy images","Multimedia Tools and Applications","","79","29 - 30","10.1007/s11042-019-07988-1","Ibtissam BakkouriKarim Afdel","2020","http://link.springer.com/article/10.1007/s11042-019-07988-1","Article"
"Review of automated emotion-based quantification of facial expression in Parkinson’s patients","The Visual Computer","","","","10.1007/s00371-020-01859-9","Bhakti SonawanePriyanka Sharma","2020","http://link.springer.com/article/10.1007/s00371-020-01859-9","Article"
"Evolution Paths for Knowledge Discovery and Data Mining Process Models","SN Computer Science","","1","2","10.1007/s42979-020-0117-6","Anna RotondoFergus Quilligan","2020","http://link.springer.com/article/10.1007/s42979-020-0117-6","Article"
"Refining Parkinson’s neurological disorder identification through deep transfer learning","Neural Computing and Applications","","32","3","10.1007/s00521-019-04069-0","Amina NaseerMonail RaniSaeeda NazMuhammad Imran RazzakMuhammad ImranGuandong Xu","2020","http://link.springer.com/article/10.1007/s00521-019-04069-0","Article"
"Feature selection based on star coordinates plots associated with eigenvalue problems","The Visual Computer","","","","10.1007/s00371-020-01793-w","Alberto SanchezLaura RayaMiguel A. Mohedano-MunozManuel Rubio-Sánchez","2020","http://link.springer.com/article/10.1007/s00371-020-01793-w","Article"
"Multiscale Laplacian graph kernel combined with lexico-syntactic patterns for biomedical event extraction from literature","Knowledge and Information Systems","","","","10.1007/s10115-020-01514-8","Sabenabanu AbdulkadharBalu BhasuranJeyakumar Natarajan","2020","http://link.springer.com/article/10.1007/s10115-020-01514-8","Article"
"A Convolutional Deep Self-Organizing Map Feature extraction for machine learning","Multimedia Tools and Applications","","79","27 - 28","10.1007/s11042-020-08822-9","Mohamed SakkariMourad Zaied","2020","http://link.springer.com/article/10.1007/s11042-020-08822-9","Article"
"Machine learning algorithms for improving security on touch screen devices: a survey, challenges and new perspectives","Neural Computing and Applications","","32","17","10.1007/s00521-020-04775-0","Auwal Ahmed BelloHaruna ChiromaAbdulsalam Ya’u GitalLubna A. GabrallaShafi’i M. AbdulhamidLiyana Shuib","2020","http://link.springer.com/article/10.1007/s00521-020-04775-0","Article"
"Image-processing based taxonomy analysis of bacterial macromorphology using machine-learning models","Multimedia Tools and Applications","","79","43 - 44","10.1007/s11042-020-09284-9","Hedieh SajediFatemeh MohammadipanahAli Pashaei","2020","http://link.springer.com/article/10.1007/s11042-020-09284-9","Article"
"Affective states recognition through touch dynamics","Multimedia Tools and Applications","","79","47 - 48","10.1007/s11042-020-09146-4","Fabrizio BalducciDonato ImpedovoNicola MacchiaruloGiuseppe Pirlo","2020","http://link.springer.com/article/10.1007/s11042-020-09146-4","Article"
"A review on visual content-based and users’ tags-based image annotation: methods and techniques","Multimedia Tools and Applications","","79","29 - 30","10.1007/s11042-020-08862-1","Mariam BouchakwaYassine AyadiIkram Amous","2020","http://link.springer.com/article/10.1007/s11042-020-08862-1","Article"
"Automatic multimodal assessment of soft skills in social interactions: a review","Multimedia Tools and Applications","","79","19 - 20","10.1007/s11042-019-08561-6","Sowmya RasipuramDinesh Babu Jayagopi","2020","http://link.springer.com/article/10.1007/s11042-019-08561-6","Article"
"A novel approach for early prediction of sudden cardiac death (SCD) using hybrid deep learning","Multimedia Tools and Applications","","","","10.1007/s11042-020-10150-x","Rabin KaspalAbeer AlsadoonP. W. C. PrasadNedhal A. Al-SaiydTran Quoc Vinh NguyenDuong Thu Hang Pham","2020","http://link.springer.com/article/10.1007/s11042-020-10150-x","Article"
"eXplainable Cooperative Machine Learning with NOVA","KI - Künstliche Intelligenz","","34","2","10.1007/s13218-020-00632-3","Tobias BaurAlexander HeimerlFlorian LingenfelserJohannes WagnerMichel F. ValstarBjörn SchullerElisabeth André","2020","http://link.springer.com/article/10.1007/s13218-020-00632-3","Article"
"Diabetic retinopathy detection through artificial intelligent techniques: a review and open issues","Multimedia Tools and Applications","","79","21 - 22","10.1007/s11042-018-7044-8","Uzair IshtiaqSameem Abdul KareemErma Rahayu Mohd Faizal AbdullahGhulam MujtabaRashid JahangirHafiz Yasir Ghafoor","2020","http://link.springer.com/article/10.1007/s11042-018-7044-8","Article"
"Modelling effects of S3D visual discomfort in human emotional state using data mining techniques","Multimedia Tools and Applications","","79","27 - 28","10.1007/s11042-020-08844-3","Dragana Đorđević ČegarMiguel Barreda-ÁngelesDragan KukoljPatrick Le Callet","2020","http://link.springer.com/article/10.1007/s11042-020-08844-3","Article"
"Aspect-based sentiment analysis using deep networks and stochastic optimization","Neural Computing and Applications","","32","8","10.1007/s00521-019-04105-z","Ravindra KumarHusanbir Singh PannuAvleen Kaur Malhi","2020","http://link.springer.com/article/10.1007/s00521-019-04105-z","Article"
"A deep neural network and classical features based scheme for objects recognition: an application for machine inspection","Multimedia Tools and Applications","","","","10.1007/s11042-020-08852-3","Nazar HussainMuhammad Attique KhanMuhammad SharifSajid Ali KhanAbdulaziz A. AlbesherTanzila SabaAmmar Armaghan","2020","http://link.springer.com/article/10.1007/s11042-020-08852-3","Article"
"An automated system for cucumber leaf diseased spot detection and classification using improved saliency method and deep features selection","Multimedia Tools and Applications","","79","25 - 26","10.1007/s11042-020-08726-8","Muhammad Attique KhanTallha AkramMuhammad SharifKashif JavedMudassar RazaTanzila Saba","2020","http://link.springer.com/article/10.1007/s11042-020-08726-8","Article"
"Detecting salient regions in a bi-temporal hyperspectral scene by iterating clustering and classification","Applied Intelligence","","50","10","10.1007/s10489-020-01701-8","Annalisa AppicePietro GuccioneEmilio AcciaroDonato Malerba","2020","http://link.springer.com/article/10.1007/s10489-020-01701-8","Article"
"Learning feature spaces for regression with genetic programming","Genetic Programming and Evolvable Machines","","21","3","10.1007/s10710-020-09383-4","William La CavaJason H. Moore","2020","http://link.springer.com/article/10.1007/s10710-020-09383-4","Article"
"Computer vision based analysis and detection of defects in fruits causes due to nutrients deficiency","Cluster Computing","","23","3","10.1007/s10586-019-03029-6","YogeshAshwani Kumar DubeyRajeev RatanAlvaro Rocha","2020","http://link.springer.com/article/10.1007/s10586-019-03029-6","Article"
"Explainable AI under contract and tort law: legal incentives and technical challenges","Artificial Intelligence and Law","","28","4","10.1007/s10506-020-09260-6","Philipp HackerRalf KrestelStefan GrundmannFelix Naumann","2020","http://link.springer.com/article/10.1007/s10506-020-09260-6","Article"
"Machine learning-based classification of cardiac diseases from PCG recorded heart sounds","Neural Computing and Applications","","32","24","10.1007/s00521-019-04547-5","Anjali YadavAnushikha SinghMalay Kishore DuttaCarlos M. Travieso","2020","http://link.springer.com/article/10.1007/s00521-019-04547-5","Article"
"Semi-supervised stacked autoencoder-based deep hierarchical semantic feature for real-time fingerprint liveness detection","Journal of Real-Time Image Processing","","17","1","10.1007/s11554-019-00928-0","Chengsheng YuanXianyi ChenPeipeng YuRuohan MengWeijin ChengQ. M. Jonathan WuXingming Sun","2020","http://link.springer.com/article/10.1007/s11554-019-00928-0","Article"
"Domain-adaptive intelligence for fault diagnosis based on deep transfer learning from scientific test rigs to industrial applications","Neural Computing and Applications","","","","10.1007/s00521-020-05275-x","Xincheng CaoYu WangBinqiang ChenNianyin Zeng","2020","http://link.springer.com/article/10.1007/s00521-020-05275-x","Article"
"Quantitative model of irrigation effect on maize yield by deep neural network","Neural Computing and Applications","","32","14","10.1007/s00521-019-04601-2","Babak SaraviA. Pouyan NejadhashemiBo Tang","2020","http://link.springer.com/article/10.1007/s00521-019-04601-2","Article"
"Enriching feature engineering for short text samples by language time series analysis","EPJ Data Science","","9","1","10.1140/epjds/s13688-020-00244-9","Yichen TangKelly BlincoeAndreas W. Kempa-Liehr","2020","http://link.springer.com/article/10.1140/epjds/s13688-020-00244-9","Article"
"Auditory augmented process monitoring for cyber physical production systems","Personal and Ubiquitous Computing","","","","10.1007/s00779-020-01394-3","Michael IberPatrik LechnerChristian JandlManuel MaderMichael Reichmann","2020","http://link.springer.com/article/10.1007/s00779-020-01394-3","Article"
"Transfer learning in constructive induction with Genetic Programming","Genetic Programming and Evolvable Machines","","21","4","10.1007/s10710-019-09368-y","Luis MuñozLeonardo TrujilloSara Silva","2020","http://link.springer.com/article/10.1007/s10710-019-09368-y","Article"
"Feature selection using binary grey wolf optimizer with elite-based crossover for Arabic text classification","Neural Computing and Applications","","32","16","10.1007/s00521-019-04368-6","Hamouda ChantarMajdi MafarjaHamad AlsawalqahAli Asghar HeidariIbrahim AljarahHossam Faris","2020","http://link.springer.com/article/10.1007/s00521-019-04368-6","Article"
"Sentiment analysis using deep learning architectures: a review","Artificial Intelligence Review","","53","6","10.1007/s10462-019-09794-5","Ashima YadavDinesh Kumar Vishwakarma","2020","http://link.springer.com/article/10.1007/s10462-019-09794-5","Article"
"Combining weighted category-aware contextual information in convolutional neural networks for text classification","World Wide Web","","23","5","10.1007/s11280-019-00757-y","Xin WuYi CaiQing LiJingyun XuHo-fung Leung","2020","http://link.springer.com/article/10.1007/s11280-019-00757-y","Article"
"Hybridized approach of image segmentation in classification of fruit mango using BPNN and discriminant analyzer","Multimedia Tools and Applications","","","","10.1007/s11042-020-09747-z","Neeraj KumariAshutosh Kr. BhattRakesh Kr. DwivediRajendra Belwal","2020","http://link.springer.com/article/10.1007/s11042-020-09747-z","Article"
"Automated organization of interaction between modules of information systems based on neural network data channels","Neural Computing and Applications","","","","10.1007/s00521-020-05491-5","Artem D. ObukhovMikhail N. Krasnyanskiy","2020","http://link.springer.com/article/10.1007/s00521-020-05491-5","Article"
"A deep feature-based real-time system for Alzheimer disease stage detection","Multimedia Tools and Applications","","","","10.1007/s11042-020-09087-y","Hina NawazMuazzam MaqsoodSitara AfzalFarhan AadilIrfan MehmoodSeungmin Rho","2020","http://link.springer.com/article/10.1007/s11042-020-09087-y","Article"
"Classification of olive leaf diseases using deep convolutional neural networks","Neural Computing and Applications","","","","10.1007/s00521-020-05235-5","Sinan UğuzNese Uysal","2020","http://link.springer.com/article/10.1007/s00521-020-05235-5","Article"
"Bio-inspired dimensionality reduction for Parkinson’s disease (PD) classification","Health Information Science and Systems","","8","1","10.1007/s13755-020-00104-w","Akram PashaP H. Latha","2020","http://link.springer.com/article/10.1007/s13755-020-00104-w","Article"
"From classical to deep learning: review on cartilage and bone segmentation techniques in knee osteoarthritis research","Artificial Intelligence Review","","","","10.1007/s10462-020-09924-4","Hong-Seng GanMuhammad Hanif RamleeAsnida Abdul WahabYeng-Seng LeeAkinobu Shimizu","2020","http://link.springer.com/article/10.1007/s10462-020-09924-4","Article"
"CPAS: the UK’s national machine learning-based hospital capacity planning system for COVID-19","Machine Learning","","","","10.1007/s10994-020-05921-4","Zhaozhi QianAhmed M. AlaaMihaela van der Schaar","2020","http://link.springer.com/article/10.1007/s10994-020-05921-4","Article"
"A lite convolutional neural network built on permuted Xceptio-inception and Xceptio-reduction modules for texture based facial liveness recognition","Multimedia Tools and Applications","","","","10.1007/s11042-020-10181-4","Ashutosh SatapathyL. M. Jenila Livingston","2020","http://link.springer.com/article/10.1007/s11042-020-10181-4","Article"
"Earlier detection of rumors in online social networks using certainty-factor-based convolutional neural networks","Social Network Analysis and Mining","","10","1","10.1007/s13278-020-00634-x","S. SanthoshkumarL. D. Dhinesh Babu","2020","http://link.springer.com/article/10.1007/s13278-020-00634-x","Article"
"Joint Feature Selection with Dynamic Spectral Clustering","Neural Processing Letters","","52","3","10.1007/s11063-020-10216-9","Tong LiuGaven Martin","2020","http://link.springer.com/article/10.1007/s11063-020-10216-9","Article"
"Classification of melanoma from Dermoscopic data using machine learning techniques","Multimedia Tools and Applications","","79","5 - 6","10.1007/s11042-018-6927-z","Bethanney Janney.JS.Emalda Roslin","2020","http://link.springer.com/article/10.1007/s11042-018-6927-z","Article"
"Beyond traditional approaches: a partial directed coherence with graph theory-based mental load assessment using EEG modality","Neural Computing and Applications","","","","10.1007/s00521-020-05408-2","Moona MazherAbdul QayyumIftikhar AhmadMadini O. Alassafi","2020","http://link.springer.com/article/10.1007/s00521-020-05408-2","Article"
"A multi-class skin Cancer classification using deep convolutional neural networks","Multimedia Tools and Applications","","79","39 - 40","10.1007/s11042-020-09388-2","Saket S. ChaturvediJitendra V. TembhurneTausif Diwan","2020","http://link.springer.com/article/10.1007/s11042-020-09388-2","Article"
"Detecting anomalous packets in network transfers: investigations using PCA, autoencoder and isolation forest in TCP","Machine Learning","","109","5","10.1007/s10994-020-05870-y","Mariam KiranCong WangGeorge PapadimitriouAnirban MandalEwa Deelman","2020","http://link.springer.com/article/10.1007/s10994-020-05870-y","Article"
"Breast Cancer Multi-classification through Deep Neural Network and Hierarchical Classification Approach","Multimedia Tools and Applications","","79","21 - 22","10.1007/s11042-019-7525-4","Ghulam MurtazaLiyana ShuibGhulam MujtabaGhulam Raza","2020","http://link.springer.com/article/10.1007/s11042-019-7525-4","Article"
"An FPGA-based design for real-time super-resolution reconstruction","Journal of Real-Time Image Processing","","17","6","10.1007/s11554-020-00944-5","Yoan MarinJohel MiteranJulien DuboisBarthélémy HeyrmanDominique Ginhac","2020","http://link.springer.com/article/10.1007/s11554-020-00944-5","Article"
"D-BullyRumbler: a safety rumble strip to resolve online denigration bullying using a hybrid filter-wrapper approach","Multimedia Systems","","","","10.1007/s00530-020-00661-w","Saurabh Raj SangwanM. P. S. Bhatia","2020","http://link.springer.com/article/10.1007/s00530-020-00661-w","Article"
"A nature-inspired biomarker for mental concentration using a single-channel EEG","Neural Computing and Applications","","32","12","10.1007/s00521-019-04574-2","Sebastián BasterrechPavel Krömer","2020","http://link.springer.com/article/10.1007/s00521-019-04574-2","Article"
"Multivariate time series analysis from a Bayesian machine learning perspective","Annals of Mathematics and Artificial Intelligence","","88","10","10.1007/s10472-020-09710-6","Jinwen QiuS. Rao JammalamadakaNing Ning","2020","http://link.springer.com/article/10.1007/s10472-020-09710-6","Article"
"Survey on categorical data for neural networks","Journal of Big Data","","7","1","10.1186/s40537-020-00305-w","John T. HancockTaghi M. Khoshgoftaar","2020","http://link.springer.com/article/10.1186/s40537-020-00305-w","Article"
"Computerized acoustical techniques for respiratory flow-sound analysis: a systematic review","Artificial Intelligence Review","","53","5","10.1007/s10462-019-09769-6","Priya Devi MuthusamyKenneth SundarajNurulfajar Abd Manap","2020","http://link.springer.com/article/10.1007/s10462-019-09769-6","Article"
"Moth–flame optimization algorithm: variants and applications","Neural Computing and Applications","","32","14","10.1007/s00521-019-04570-6","Mohammad ShehabLaith AbualigahHusam Al HamadHamzeh AlaboolMohammad AlshinwanAhmad M. Khasawneh","2020","http://link.springer.com/article/10.1007/s00521-019-04570-6","Article"
"Automated epilepsy detection techniques from electroencephalogram signals: a review study","Health Information Science and Systems","","8","1","10.1007/s13755-020-00129-1","Supriya SupriyaSiuly SiulyHua WangYanchun Zhang","2020","http://link.springer.com/article/10.1007/s13755-020-00129-1","Article"
"Deep learning-based breast cancer classification through medical imaging modalities: state of the art and research challenges","Artificial Intelligence Review","","53","3","10.1007/s10462-019-09716-5","Ghulam MurtazaLiyana ShuibAinuddin Wahid Abdul WahabGhulam MujtabaGhulam MujtabaHenry Friday NwekeMohammed Ali Al-garadiFariha ZulfiqarGhulam RazaNor Aniza Azmi","2020","http://link.springer.com/article/10.1007/s10462-019-09716-5","Article"
"Review text based rating prediction approaches: preference knowledge learning, representation and utilization","Artificial Intelligence Review","","","","10.1007/s10462-020-09873-y","James ChambuaZhendong Niu","2020","http://link.springer.com/article/10.1007/s10462-020-09873-y","Article"
"Deep learning for intelligent traffic sensing and prediction: recent advances and future challenges","CCF Transactions on Pervasive Computing and Interaction","","2","4","10.1007/s42486-020-00039-x","Xiaochen FanChaocan XiangLiangyi GongXin HeYuben QuSaeed AmirgholipourYue XiPriyadarsi NandaXiangjian He","2020","http://link.springer.com/article/10.1007/s42486-020-00039-x","Article"
"DIESEL: A novel deep learning-based tool for SpMV computations and solving sparse linear equation systems","The Journal of Supercomputing","","","","10.1007/s11227-020-03489-3","Thaha MohammedAiiad AlbeshriIyad KatibRashid Mehmood","2020","http://link.springer.com/article/10.1007/s11227-020-03489-3","Article"
"Review of English literature on figurative language applied to social networks","Knowledge and Information Systems","","62","6","10.1007/s10115-019-01425-3","María del Pilar Salas-ZárateGiner Alor-HernándezJosé Luis Sánchez-CervantesMario Andrés Paredes-ValverdeJorge Luis García-AlcarazRafael Valencia-García","2020","http://link.springer.com/article/10.1007/s10115-019-01425-3","Article"
"Application of evolutionary and swarm optimization in computer vision: a literature survey","IPSJ Transactions on Computer Vision and Applications","","12","1","10.1186/s41074-020-00065-9","Takumi NakaneNaranchimeg BoldHaitian SunXuequan LuTakuya AkashiChao Zhang","2020","http://link.springer.com/article/10.1186/s41074-020-00065-9","Article"
"Movie trailer classification using deer hunting optimization based deep convolutional neural network in video sequences","Multimedia Tools and Applications","","79","29 - 30","10.1007/s11042-020-08922-6","Prashant Giridhar ShambharkarM. N. Doja","2020","http://link.springer.com/article/10.1007/s11042-020-08922-6","Article"
"A novel approach for detecting roundabouts in maps based on analysis of core map data","Multimedia Tools and Applications","","79","41 - 42","10.1007/s11042-020-09558-2","Rakesh SinghPrashant Singh RanaNeeru Jindal","2020","http://link.springer.com/article/10.1007/s11042-020-09558-2","Article"
"Inference of node attributes from social network assortativity","Neural Computing and Applications","","32","24","10.1007/s00521-018-03967-z","Dounia MuldersCyril de BodtJohannes BjellandAlex PentlandMichel VerleysenYves-Alexandre de Montjoye","2020","http://link.springer.com/article/10.1007/s00521-018-03967-z","Article"
"The dissimilarity approach: a review","Artificial Intelligence Review","","53","4","10.1007/s10462-019-09746-z","Yandre M. G. CostaDiego BertoliniAlceu S. Britto Jr.George D. C. CavalcantiLuiz E. S. Oliveira","2020","http://link.springer.com/article/10.1007/s10462-019-09746-z","Article"
"Second Order Training and Sizing for the Multilayer Perceptron","Neural Processing Letters","","51","1","10.1007/s11063-019-10116-7","Kanishka TyagiSon NguyenRohit RawatMichael Manry","2020","http://link.springer.com/article/10.1007/s11063-019-10116-7","Article"
"Tuberculosis bacteria analysis in acid fast stained images of sputum smear","Signal, Image and Video Processing","","","","10.1007/s11760-020-01732-1","Yashwant KurmiVijayshri ChaurasiaAditya GoelDeepti JoshiNeelkamal Kapoor","2020","http://link.springer.com/article/10.1007/s11760-020-01732-1","Article"
"Network representation learning: a systematic literature review","Neural Computing and Applications","","32","21","10.1007/s00521-020-04908-5","Bentian LiDechang Pi","2020","http://link.springer.com/article/10.1007/s00521-020-04908-5","Article"
"A deep learning approach to automatic road surface monitoring and pothole detection","Personal and Ubiquitous Computing","","24","4","10.1007/s00779-019-01234-z","Braian VaronaAriel MonteserinAlfredo Teyseyre","2020","http://link.springer.com/article/10.1007/s00779-019-01234-z","Article"
"Detection of abnormal brain in MRI via improved AlexNet and ELM optimized by chaotic bat algorithm","Neural Computing and Applications","","","","10.1007/s00521-020-05082-4","Siyuan LuShui-Hua WangYu-Dong Zhang","2020","http://link.springer.com/article/10.1007/s00521-020-05082-4","Article"
"Deep learning models for brain machine interfaces","Annals of Mathematics and Artificial Intelligence","","88","11 - 12","10.1007/s10472-019-09668-0","Lachezar BozhkovPetia Georgieva","2020","http://link.springer.com/article/10.1007/s10472-019-09668-0","Article"
"A deep learning approach for Parkinson’s disease diagnosis from EEG signals","Neural Computing and Applications","","32","15","10.1007/s00521-018-3689-5","Shu Lih OhYuki HagiwaraU. RaghavendraRajamanickam YuvarajN. ArunkumarM. MurugappanU. Rajendra Acharya","2020","http://link.springer.com/article/10.1007/s00521-018-3689-5","Article"
"Attention-based convolutional neural network for Bangla sentiment analysis","AI & SOCIETY","","","","10.1007/s00146-020-01011-0","Sadia SharminDanial Chakma","2020","http://link.springer.com/article/10.1007/s00146-020-01011-0","Article"
"Understanding NFC-Net: a deep learning approach to word-level handwritten Indic script recognition","Neural Computing and Applications","","32","12","10.1007/s00521-019-04235-4","Soumyadeep KunduSayantan PaulPawan Kumar SinghRam SarkarMita Nasipuri","2020","http://link.springer.com/article/10.1007/s00521-019-04235-4","Article"
"The Dynamic Computational Model and the New Era of Cloud Computation Using Microsoft Azure","SN Computer Science","","1","5","10.1007/s42979-020-00276-y","Srinivasa Rao GunduCharan Arur PanemAnuradha Thimmapuram","2020","http://link.springer.com/article/10.1007/s42979-020-00276-y","Article"
"Network intrusion detection using multi-architectural modular deep neural network","The Journal of Supercomputing","","","","10.1007/s11227-020-03410-y","Ramin AtefiniaMahmood Ahmadi","2020","http://link.springer.com/article/10.1007/s11227-020-03410-y","Article"
"WCP-RNN: a novel RNN-based approach for Bio-NER in Chinese EMRs","The Journal of Supercomputing","","76","3","10.1007/s11227-017-2229-x","Jianqiang LiShenhe ZhaoJijiang YangZhisheng HuangBo LiuShi ChenHui PanQing Wang","2020","http://link.springer.com/article/10.1007/s11227-017-2229-x","Article"
"Deep learning-driven wireless communication for edge-cloud computing: opportunities and challenges","Journal of Cloud Computing","","9","1","10.1186/s13677-020-00168-9","Huaming WuXiangyi LiYingjun Deng","2020","http://link.springer.com/article/10.1186/s13677-020-00168-9","Article"
"DCADE: divide and conquer alignment with dynamic encoding for full page data extraction","Applied Intelligence","","50","2","10.1007/s10489-019-01499-0","Oviliani Yenty YulianaChia-Hui Chang","2020","http://link.springer.com/article/10.1007/s10489-019-01499-0","Article"
"Fingerprint classification using deep learning approach","Multimedia Tools and Applications","","","","10.1007/s11042-020-09314-6","Beanbonyka RimJunseob KimMin Hong","2020","http://link.springer.com/article/10.1007/s11042-020-09314-6","Article"
"Improving the performance of P300 BCI system using different methods","Network Modeling Analysis in Health Informatics and Bioinformatics","","9","1","10.1007/s13721-020-00268-1","Islam A. FouadFatma El-Zahraa M. LabibMai S. MabroukAmr A. SharawyAhmed Y. Sayed","2020","http://link.springer.com/article/10.1007/s13721-020-00268-1","Article"
"Activity recognition using wearable sensors for tracking the elderly","User Modeling and User-Adapted Interaction","","30","3","10.1007/s11257-020-09268-2","Stylianos ParaschiakosRicardo CachuchoMatthijs MoedDiana van HeemstSimon MooijaartEline P. SlagboomArno KnobbeMarian Beekman","2020","http://link.springer.com/article/10.1007/s11257-020-09268-2","Article"
"Transfer Learning for Clinical Time Series Analysis Using Deep Neural Networks","Journal of Healthcare Informatics Research","","4","2","10.1007/s41666-019-00062-3","Priyanka GuptaPankaj MalhotraJyoti NarwariyaLovekesh VigGautam Shroff","2020","http://link.springer.com/article/10.1007/s41666-019-00062-3","Article"
"Alcoholism identification via convolutional neural network based on parametric ReLU, dropout, and batch normalization","Neural Computing and Applications","","32","3","10.1007/s00521-018-3924-0","Shui-Hua WangKhan MuhammadJin HongArun Kumar SangaiahYu-Dong Zhang","2020","http://link.springer.com/article/10.1007/s00521-018-3924-0","Article"
"Predicting future personal life events on twitter via recurrent neural networks","Journal of Intelligent Information Systems","","54","1","10.1007/s10844-018-0519-2","Maryam KhodabakhshMohsen KahaniEbrahim Bagheri","2020","http://link.springer.com/article/10.1007/s10844-018-0519-2","Article"
"Automatic segmentation of liver & lesion detection using H-minima transform and connecting component labeling","Multimedia Tools and Applications","","79","13 - 14","10.1007/s11042-019-7347-4","Nazish KhanImran AhmedMahreen KiranHamoodur RehmanSadia DinAnand PaulAlavalapati Goutham Reddy","2020","http://link.springer.com/article/10.1007/s11042-019-7347-4","Article"
"Mapping of diseases from clinical medicine research—a visualization study","Scientometrics","","125","1","10.1007/s11192-020-03646-8","Yilong ChenYiting DongYu ZengXiaoyan YangJiantong ShenLang ZhengJingwen JiangLiming PuQilin Bao","2020","http://link.springer.com/article/10.1007/s11192-020-03646-8","Article"
"Databases and Information Systems in the AI Era: Contributions from ADBIS, TPDL and EDA 2020 Workshops and Doctoral Consortium","ADBIS, TPDL and EDA 2020 Common Workshops and Doctoral Consortium","","","","10.1007/978-3-030-55814-7_1","Ladjel BellatrecheFadila BentayebMária BielikováOmar BoussaidBarbara CataniaPaolo CeravoloElena DemidovaMirian Halfeld FerrariMaria Teresa Gomez LopezCarmem S. HaraSlavica KordićIvan LukovićAndrea MannocciPaolo ManghiFrancesco OsborneChristos Papatheodorou","2020","http://link.springer.com/chapter/10.1007/978-3-030-55814-7_1","Chapter"
"The ABC of Data: A Classifying Framework for Data Readiness","Machine Learning and Knowledge Discovery in Databases","","","","10.1007/978-3-030-43823-4_1","Laurens A. CastelijnsYuri MaasJoaquin Vanschoren","2020","http://link.springer.com/chapter/10.1007/978-3-030-43823-4_1","Chapter"
"Feature Engineering Workflow for Activity Recognition from Synchronized Inertial Measurement Units","Pattern Recognition","","","","10.1007/978-981-15-3651-9_20","A. W. Kempa-LiehrJonty OramAndrew WongMark FinchThor Besier","2020","http://link.springer.com/chapter/10.1007/978-981-15-3651-9_20","Chapter"
"Machine Learning Application to Family Business Status Classification","Machine Learning, Optimization, and Data Science","","","","10.1007/978-3-030-64583-0_3","Giorgio GneccoStefano AmatoAlessia PatuelliNicola Lattanzi","2020","http://link.springer.com/chapter/10.1007/978-3-030-64583-0_3","Chapter"
"Explainable and Transferrable Text Categorization","Data Management Technologies and Applications","","","","10.1007/978-3-030-54595-6_1","Tobias Eljasik-SwobodaFelix EngelMatthias Hemmje","2020","http://link.springer.com/chapter/10.1007/978-3-030-54595-6_1","Chapter"
"FastFeatGen: Faster Parallel Feature Extraction from Genome Sequences and Efficient Prediction of DNA $$N^6$$-Methyladenine Sites","Computational Advances in Bio and Medical Sciences","","","","10.1007/978-3-030-46165-2_5","Md. Khaledur Rahman","2020","http://link.springer.com/chapter/10.1007/978-3-030-46165-2_5","Chapter"
"Finding the Best k for the Dimension of the Latent Space in Autoencoders","Computational Collective Intelligence","","","","10.1007/978-3-030-63007-2_35","Kien Mai NgocMyunggwon Hwang","2020","http://link.springer.com/chapter/10.1007/978-3-030-63007-2_35","Chapter"
"The autofeat Python Library for Automated Feature Engineering and Selection","Machine Learning and Knowledge Discovery in Databases","","","","10.1007/978-3-030-43823-4_10","Franziska HornRobert PackMichael Rieger","2020","http://link.springer.com/chapter/10.1007/978-3-030-43823-4_10","Chapter"
"Click Event Sound Detection Using Machine Learning in Automotive Industry","Advances in Soft Computing","","","","10.1007/978-3-030-60884-2_7","Ricardo EspinosaHiram PonceSebastián GutiérrezEluney Hernández","2020","http://link.springer.com/chapter/10.1007/978-3-030-60884-2_7","Chapter"
"Applying AI in Practice: Key Challenges and Lessons Learned","Machine Learning and Knowledge Extraction","","","","10.1007/978-3-030-57321-8_25","Lukas FischerLisa EhrlingerVerena GeistRudolf RamlerFlorian SobieczkyWerner ZellingerBernhard Moser","2020","http://link.springer.com/chapter/10.1007/978-3-030-57321-8_25","Chapter"
"Autoencoder Based Methods for Diagnosis of Autism Spectrum Disorder","Computational Advances in Bio and Medical Sciences","","","","10.1007/978-3-030-46165-2_4","Sakib MostafaWutao YinFang-Xiang Wu","2020","http://link.springer.com/chapter/10.1007/978-3-030-46165-2_4","Chapter"
"Challenge Collapsar (CC) Attack Traffic Detection Based on Packet Field Differentiated Preprocessing and Deep Neural Network","Computational Science – ICCS 2020","","","","10.1007/978-3-030-50420-5_21","Xiaolin LiuShuhao LiYongzheng ZhangXiaochun YunJia Li","2020","http://link.springer.com/chapter/10.1007/978-3-030-50420-5_21","Chapter"
"An Interpretable Automated Machine Learning Credit Risk Model","Applied Computer Sciences in Engineering","","","","10.1007/978-3-030-61834-6_2","Gabriel PatronDiego LeonEdwin LopezGerman Hernandez","2020","http://link.springer.com/chapter/10.1007/978-3-030-61834-6_2","Chapter"
"Detecting the Zeus Banking Malware Using the Random Forest Binary Classification Algorithm and a Manual Feature Selection Process","Security in Computing and Communications","","","","10.1007/978-981-15-4825-3_23","Mohamed Ali KaziSteve WoodheadDiane Gan","2020","http://link.springer.com/chapter/10.1007/978-981-15-4825-3_23","Chapter"
"Agnostic Feature Selection","Machine Learning and Knowledge Discovery in Databases","","","","10.1007/978-3-030-46150-8_21","Guillaume DoquetMichèle Sebag","2020","http://link.springer.com/chapter/10.1007/978-3-030-46150-8_21","Chapter"
"On the Effectiveness of Using Various Machine Learning Methods for Forecasting Dangerous Convective Phenomena","Computational Science and Its Applications – ICCSA 2020","","","","10.1007/978-3-030-58817-5_7","E. N. StankovaI. O. TokarevaN. V. Dyachenko","2020","http://link.springer.com/chapter/10.1007/978-3-030-58817-5_7","Chapter"
"Patient Specific Classification of Dental Root Canal and Crown Shape","Shape in Medical Imaging","","","","10.1007/978-3-030-61056-2_12","Maxime DumontJuan Carlos PrietoSerge BrossetLucia CevidanesJonas BianchiAntonio RuellasMarcela GurgelCamila MassaroAron Aliaga Del CastilloMarcos IoshidaMarilia YatabeErika BenavidesHector RiosFabiana SokiGisele NeivaJuan Fernando Aristizabal","2020","http://link.springer.com/chapter/10.1007/978-3-030-61056-2_12","Chapter"
"Integration of Fast-Evolving Data Sources Using a Deep Learning Approach","Software Foundations for Data Interoperability and Large Scale Graph Data Analytics","","","","10.1007/978-3-030-61133-0_14","Zijie WangLixi ZhouJia Zou","2020","http://link.springer.com/chapter/10.1007/978-3-030-61133-0_14","Chapter"
"Multiclass MI-Task Classification Using Logistic Regression and Filter Bank Common Spatial Patterns","Computing Science, Communication and Security","","","","10.1007/978-981-15-6648-6_13","Md. Mahmudul Haque JoyMohammad HasanAbu Saleh Musa MiahAbir AhmedSadia Anwar TohfaMd. Farukul Islam BhuaiyanAshrafun ZannatMd Mamunur Rashid","2020","http://link.springer.com/chapter/10.1007/978-981-15-6648-6_13","Chapter"
"ReinBo: Machine Learning Pipeline Conditional Hierarchy Search and Configuration with Bayesian Optimization Embedded Reinforcement Learning","Machine Learning and Knowledge Discovery in Databases","","","","10.1007/978-3-030-43823-4_7","Xudong SunJiali LinBernd Bischl","2020","http://link.springer.com/chapter/10.1007/978-3-030-43823-4_7","Chapter"
"Radiomics: A New Biomedical Workflow to Create a Predictive Model","Medical Image Understanding and Analysis","","","","10.1007/978-3-030-52791-4_22","Albert ComelliAlessandro StefanoClaudia CoronnelloGiorgio RussoFederica VernuccioRoberto CannellaGiuseppe SalvaggioRoberto LagallaStefano Barone","2020","http://link.springer.com/chapter/10.1007/978-3-030-52791-4_22","Chapter"
"Summary of PAKDD CUP 2020: From Organizers’ Perspective","Large-Scale Disk Failure Prediction","","","","10.1007/978-981-15-7749-9_13","Cheng HeYi LiuTao HuangFan XuJiongzhou LiuShujie HanPatrick P. C. LeePinghui Wang","2020","http://link.springer.com/chapter/10.1007/978-981-15-7749-9_13","Chapter"
"Dealing with Critical Issues in Emails: A Comparison of Approaches for Sentiment Analysis","Data Management Technologies and Applications","","","","10.1007/978-3-030-54595-6_2","Bernd MarkscheffelMarkus Haberzettl","2020","http://link.springer.com/chapter/10.1007/978-3-030-54595-6_2","Chapter"
"Multi View Face Detection in Cattle Using Infrared Thermography","Applied Computing to Support Industry: Innovation and Technology","","","","10.1007/978-3-030-38752-5_18","Mohammed JaddoaLuciano GonzalezHolly CuthbertsonAdel Al-Jumaily","2020","http://link.springer.com/chapter/10.1007/978-3-030-38752-5_18","Chapter"
"Keyword Extraction Approach Based on Probabilistic-Entropy, Graph, and Neural Network Methods","Artificial Intelligence","","","","10.1007/978-3-030-59535-7_21","Anton A. SelivanovIvan A. MoloshnikovRoman B. RybkaAlexandr G. Sboev","2020","http://link.springer.com/chapter/10.1007/978-3-030-59535-7_21","Chapter"
"Distance Invariant RGB-D Object Recognition Using DSMS System","Machine Learning, Image Processing, Network Security and Data Sciences","","","","10.1007/978-981-15-6315-7_11","Rahul PatekarAbhijeet Nandedkar","2020","http://link.springer.com/chapter/10.1007/978-981-15-6315-7_11","Chapter"
"Mining and Analysis of Air Quality Data to Aid Climate Change","Artificial Intelligence Applications and Innovations. AIAI 2020 IFIP WG 12.5 International Workshops","","","","10.1007/978-3-030-49190-1_21","Lakshmi Babu SaheerMohamed ShahawyJavad Zarrin","2020","http://link.springer.com/chapter/10.1007/978-3-030-49190-1_21","Chapter"
"Data Science Approaches to Quality Control in Manufacturing: A Review of Problems, Challenges and Architecture","Service-Oriented Computing","","","","10.1007/978-3-030-64846-6_4","Yannick WilhelmUlf SchreierPeter ReimannBernhard MitschangHolger Ziekow","2020","http://link.springer.com/chapter/10.1007/978-3-030-64846-6_4","Chapter"
"Supervised Classification Methods for Fake News Identification","Artificial Intelligence and Soft Computing","","","","10.1007/978-3-030-61534-5_40","Thanh Cong TruongQuoc Bao DiepIvan ZelinkaRoman Senkerik","2020","http://link.springer.com/chapter/10.1007/978-3-030-61534-5_40","Chapter"
"Data Pipeline Management in Practice: Challenges and Opportunities","Product-Focused Software Process Improvement","","","","10.1007/978-3-030-64148-1_11","Aiswarya Raj MunappyJan BoschHelena Homström Olsson","2020","http://link.springer.com/chapter/10.1007/978-3-030-64148-1_11","Chapter"
"MAAN: A Multiple Attribute Association Network for Mobile Encrypted Traffic Classification","Security and Privacy in Communication Networks","","","","10.1007/978-3-030-63086-7_11","Fengzhao ShiChao ZhengYiming CuiQingyun Liu","2020","http://link.springer.com/chapter/10.1007/978-3-030-63086-7_11","Chapter"
"Digital Services Based on Vehicle Usage Data: The Underlying Vehicle Data Value Chain","Web Information Systems and Technologies","","","","10.1007/978-3-030-61750-9_2","Christian KaiserAndreas FestlGernot PucherMichael FellmannAlexander Stocker","2020","http://link.springer.com/chapter/10.1007/978-3-030-61750-9_2","Chapter"
"Cloud Type Identification Using Data Fusion and Ensemble Learning","Intelligent Data Engineering and Automated Learning – IDEAL 2020","","","","10.1007/978-3-030-62365-4_13","Javier Huertas-TatoAlejandro MartínDavid Camacho","2020","http://link.springer.com/chapter/10.1007/978-3-030-62365-4_13","Chapter"
"SLPNet: Towards End-to-End Car License Plate Detection and Recognition Using Lightweight CNN","Pattern Recognition and Computer Vision","","","","10.1007/978-3-030-60639-8_25","Wei ZhangYaobin MaoYi Han","2020","http://link.springer.com/chapter/10.1007/978-3-030-60639-8_25","Chapter"
"Deep Learning as a Competitive Feature-Free Approach for Automated Algorithm Selection on the Traveling Salesperson Problem","Parallel Problem Solving from Nature – PPSN XVI","","","","10.1007/978-3-030-58112-1_4","Moritz SeilerJanina PohlJakob BossekPascal KerschkeHeike Trautmann","2020","http://link.springer.com/chapter/10.1007/978-3-030-58112-1_4","Chapter"
"Data Curation: Towards a Tool for All","HCI International 2020 – Late Breaking Posters","","","","10.1007/978-3-030-60700-5_23","José DiasJácome CunhaRui Pereira","2020","http://link.springer.com/chapter/10.1007/978-3-030-60700-5_23","Chapter"
"Experimental Application of Machine Learning on Financial Inclusion Data for Governance in Eswatini","Responsible Design, Implementation and Use of Information and Communication Technology","","","","10.1007/978-3-030-45002-1_36","Boluwaji A. AkinnuwesiStephen G. FashotoAndile S. MetfulaAdetutu N. Akinnuwesi","2020","http://link.springer.com/chapter/10.1007/978-3-030-45002-1_36","Chapter"
"Automated Data Transformation with Inductive Programming and Dynamic Background Knowledge","Machine Learning and Knowledge Discovery in Databases","","","","10.1007/978-3-030-46133-1_44","Lidia Contreras-OchandoCèsar FerriJosé Hernández-OralloFernando Martínez-PlumedMaría José Ramírez-QuintanaSusumu Katayama","2020","http://link.springer.com/chapter/10.1007/978-3-030-46133-1_44","Chapter"
"Automated Machine Learning: Techniques and Frameworks","Big Data Management and Analytics","","","","10.1007/978-3-030-61627-4_3","Radwa ElshawiSherif Sakr","2020","http://link.springer.com/chapter/10.1007/978-3-030-61627-4_3","Chapter"
"BK-ADAPT: Dynamic Background Knowledge for Automating Data Transformation","Machine Learning and Knowledge Discovery in Databases","","","","10.1007/978-3-030-46133-1_45","Lidia Contreras-OchandoCésar FerriJosé Hernández-OralloFernando Martínez-PlumedMaría José Ramírez-QuintanaSusumu Katayama","2020","http://link.springer.com/chapter/10.1007/978-3-030-46133-1_45","Chapter"
"Algorithm Bias Detection and Mitigation in Lenovo Face Recognition Engine","Natural Language Processing and Chinese Computing","","","","10.1007/978-3-030-60457-8_36","Sheng ShiShanshan WeiZhongchao ShiYangzhou DuWei FanJianping FanYolanda ConyersFeiyu Xu","2020","http://link.springer.com/chapter/10.1007/978-3-030-60457-8_36","Chapter"
"Exploration of Data Analytics for Ground Segment in Space Systems","Business Modeling and Software Design","","","","10.1007/978-3-030-52306-0_25","Bedir TekinerdoganBedia AcarÇağrı CabıoğluDamla SavaşNebi VuranŞenol TekdalÜmit Gürsoy","2020","http://link.springer.com/chapter/10.1007/978-3-030-52306-0_25","Chapter"
"Predicting Physical Properties of Woven Fabrics via Automated Machine Learning and Textile Design and Finishing Features","Artificial Intelligence Applications and Innovations","","","","10.1007/978-3-030-49186-4_21","Rui RibeiroAndré PilastriCarla MouraFilipe RodriguesRita RochaJosé MorgadoPaulo Cortez","2020","http://link.springer.com/chapter/10.1007/978-3-030-49186-4_21","Chapter"
"Deep Specification Mining with Attention","Computing and Combinatorics","","","","10.1007/978-3-030-58150-3_15","Zhi CaoNan Zhang","2020","http://link.springer.com/chapter/10.1007/978-3-030-58150-3_15","Chapter"
"Multimodal Interaction-Aware Integrated Platform for CSCL","Human Interface and the Management of Information. Interacting with Information","","","","10.1007/978-3-030-50017-7_19","Aoi SugimotoYuki HayashiKazuhisa Seta","2020","http://link.springer.com/chapter/10.1007/978-3-030-50017-7_19","Chapter"
"An Integrated Machine Learning Framework for Stock Price Prediction","Information Retrieval","","","","10.1007/978-3-030-56725-5_8","Quanzhi BiHongfei YanChong ChenQi Su","2020","http://link.springer.com/chapter/10.1007/978-3-030-56725-5_8","Chapter"
"Process Minding: Closing the Big Data Gap","Business Process Management","","","","10.1007/978-3-030-58666-9_1","Avigdor GalArik Senderovich","2020","http://link.springer.com/chapter/10.1007/978-3-030-58666-9_1","Chapter"
"BNS-CNN: A Blind Network Steganalysis Model Based on Convolutional Neural Network in IPv6 Network","Digital Forensics and Watermarking","","","","10.1007/978-3-030-43575-2_30","Danyang ZhaoKaixi Wang","2020","http://link.springer.com/chapter/10.1007/978-3-030-43575-2_30","Chapter"
"Automating Common Data Science Matrix Transformations","Machine Learning and Knowledge Discovery in Databases","","","","10.1007/978-3-030-43823-4_2","Lidia Contreras-OchandoCèsar FerriJosé Hernández-Orallo","2020","http://link.springer.com/chapter/10.1007/978-3-030-43823-4_2","Chapter"
"Experimental Analysis of Convolutional Neural Networks and Capsule Networks for Image Classification","Data Science and Analytics","","","","10.1007/978-981-15-5830-6_36","Shweta BaliShyam Sunder Tyagi","2020","http://link.springer.com/chapter/10.1007/978-981-15-5830-6_36","Chapter"
"Improving Self-Organizing Maps with Unsupervised Feature Extraction","Neural Information Processing","","","","10.1007/978-3-030-63833-7_40","Lyes KhacefLaurent RodriguezBenoît Miramond","2020","http://link.springer.com/chapter/10.1007/978-3-030-63833-7_40","Chapter"
"A Character-Level BiGRU-Attention for Phishing Classification","Information and Communications Security","","","","10.1007/978-3-030-41579-2_43","Lijuan YuanZhiyong ZengYikang LuXiaofeng OuTao Feng","2020","http://link.springer.com/chapter/10.1007/978-3-030-41579-2_43","Chapter"
"NOVA: A Tool for Explanatory Multimodal Behavior Analysis and Its Application to Psychotherapy","MultiMedia Modeling","","","","10.1007/978-3-030-37734-2_47","Tobias BaurSina ClausenAlexander HeimerlFlorian LingenfelserWolfgang LutzElisabeth André","2020","http://link.springer.com/chapter/10.1007/978-3-030-37734-2_47","Chapter"
"DroidAutoML: A Microservice Architecture to Automate the Evaluation of Android Machine Learning Detection Systems","Distributed Applications and Interoperable Systems","","","","10.1007/978-3-030-50323-9_10","Yérom-David BrombergLouison Gitzinger","2020","http://link.springer.com/chapter/10.1007/978-3-030-50323-9_10","Chapter"
"General-Purpose Automated Machine Learning for Transportation: A Case Study of Auto-sklearn for Traffic Forecasting","Information Processing and Management of Uncertainty in Knowledge-Based Systems","","","","10.1007/978-3-030-50143-3_57","Juan S. Angarita-ZapataAntonio D. MasegosaIsaac Triguero","2020","http://link.springer.com/chapter/10.1007/978-3-030-50143-3_57","Chapter"
"Enriching Pre-trained Language Model with Dependency Syntactic Information for Chemical-Protein Interaction Extraction","Information Retrieval","","","","10.1007/978-3-030-56725-5_5","Jianye FanXiaofeng LiuShoubin DongJinlong Hu","2020","http://link.springer.com/chapter/10.1007/978-3-030-56725-5_5","Chapter"
"Features and Methods for Automatic Posting Account Classification","Databases and Information Systems","","","","10.1007/978-3-030-57672-1_6","Zigmunds BeļskisMarita ZirneMārcis Pinnis","2020","http://link.springer.com/chapter/10.1007/978-3-030-57672-1_6","Chapter"
"A Prediction Framework for Fast Sparse Triangular Solves","Euro-Par 2020: Parallel Processing","","","","10.1007/978-3-030-57675-2_33","Najeeb AhmadBuse YilmazDidem Unat","2020","http://link.springer.com/chapter/10.1007/978-3-030-57675-2_33","Chapter"
"Facial Expression Recognition Method Based on Convolution Neural Network Combining Attention Mechanism","Artificial Intelligence and Security","","","","10.1007/978-981-15-8086-4_13","Peizhi WenYing DingYayuan WenZhenrong DengZhi Xu","2020","http://link.springer.com/chapter/10.1007/978-981-15-8086-4_13","Chapter"
"Going for 2D or 3D? Investigating Various Machine Learning Approaches for Peach Variety Identification","Artificial Neural Networks in Pattern Recognition","","","","10.1007/978-3-030-58309-5_21","Anna WróbelGregory GygaxAndi SchmidThomas Ott","2020","http://link.springer.com/chapter/10.1007/978-3-030-58309-5_21","Chapter"
"A Web Application for Feral Cat Recognition Through Deep Learning","Big Data – BigData 2020","","","","10.1007/978-3-030-59612-5_7","Jingling ZhouShiyu WangYunxue ChenRichard O. Sinnott","2020","http://link.springer.com/chapter/10.1007/978-3-030-59612-5_7","Chapter"
"SmartSwitch: Efficient Traffic Obfuscation Against Stream Fingerprinting","Security and Privacy in Communication Networks","","","","10.1007/978-3-030-63086-7_15","Haipeng LiBen NiuBoyang Wang","2020","http://link.springer.com/chapter/10.1007/978-3-030-63086-7_15","Chapter"
"Detection of Running Malware Before it Becomes Malicious","Advances in Information and Computer Security","","","","10.1007/978-3-030-58208-1_4","Sergii BaninGeir Olav Dyrkolbotn","2020","http://link.springer.com/chapter/10.1007/978-3-030-58208-1_4","Chapter"
"ITP-KNN: Encrypted Video Flow Identification Based on the Intermittent Traffic Pattern of Video and K-Nearest Neighbors Classification","Computational Science – ICCS 2020","","","","10.1007/978-3-030-50417-5_21","Youting LiuShu LiChengwei ZhangChao ZhengYong SunQingyun Liu","2020","http://link.springer.com/chapter/10.1007/978-3-030-50417-5_21","Chapter"
"A Metalearning Study for Robust Nonlinear Regression","Proceedings of the 21st EANN (Engineering Applications of Neural Networks) 2020 Conference","","","","10.1007/978-3-030-48791-1_39","Jan KalinaPetra Vidnerová","2020","http://link.springer.com/chapter/10.1007/978-3-030-48791-1_39","Chapter"
"A Semantic Expansion-Based Joint Model for Answer Ranking in Chinese Question Answering Systems","Information Retrieval Technology","","","","10.1007/978-3-030-42835-8_3","Wenxiu XieLeung-Pun WongLap-Kei LeeOliver AuTianyong Hao","2020","http://link.springer.com/chapter/10.1007/978-3-030-42835-8_3","Chapter"
"Machine Learning for Suicidal Ideation Identification on Twitter for the Portuguese Language","Intelligent Systems","","","","10.1007/978-3-030-61377-8_37","Viní­cios Faustino de CarvalhoBianca GiaconCarlos NascimentoBruno Magalhães Nogueira","2020","http://link.springer.com/chapter/10.1007/978-3-030-61377-8_37","Chapter"
"Contextualisation of Datasets for Better Classification Models: Application to Airbus Helicopters Flight Data","New Trends in Databases and Information Systems","","","","10.1007/978-3-030-54623-6_4","Marie Le GuillyNassia DaouayryPierre-Loic MaisonneuveAmmar MechoucheJean-Marc PetitVasile-Marian Scuturici","2020","http://link.springer.com/chapter/10.1007/978-3-030-54623-6_4","Chapter"
"AutoML @ NeurIPS 2018 Challenge: Design and Results","The NeurIPS '18 Competition","","","","10.1007/978-3-030-29135-8_8","Hugo Jair EscalanteWei-Wei TuIsabelle GuyonDaniel L. SilverEvelyne ViegasYuqiang ChenWenyuan DaiQiang Yang","2020","http://link.springer.com/chapter/10.1007/978-3-030-29135-8_8","Chapter"
"Exploratory Landscape Analysis is Strongly Sensitive to the Sampling Strategy","Parallel Problem Solving from Nature – PPSN XVI","","","","10.1007/978-3-030-58115-2_10","Quentin RenauCarola DoerrJohann DreoBenjamin Doerr","2020","http://link.springer.com/chapter/10.1007/978-3-030-58115-2_10","Chapter"
"Toward Explainable Automatic Classification of Children’s Speech Disorders","Speech and Computer","","","","10.1007/978-3-030-60276-5_49","Dima ShulgaVered Silber-VarodDiamanta Benson-KaraiOfer LeviElad VashdiAnat Lerner","2020","http://link.springer.com/chapter/10.1007/978-3-030-60276-5_49","Chapter"
"Analysing ProB’s Constraint Solving Backends","Rigorous State-Based Methods","","","","10.1007/978-3-030-48077-6_8","Jannik DunkelauJoshua SchmidtMichael Leuschel","2020","http://link.springer.com/chapter/10.1007/978-3-030-48077-6_8","Chapter"
"Explaining Sentiment Classification with Synthetic Exemplars and Counter-Exemplars","Discovery Science","","","","10.1007/978-3-030-61527-7_24","Orestis LampridisRiccardo GuidottiSalvatore Ruggieri","2020","http://link.springer.com/chapter/10.1007/978-3-030-61527-7_24","Chapter"
"Wireless Signal Recognition Based on Deep Learning for LEO Constellation Satellite","Space Information Networks","","","","10.1007/978-981-15-3442-3_23","Xin ZhouYichen XiaoMingming HuLixiang Liu","2020","http://link.springer.com/chapter/10.1007/978-981-15-3442-3_23","Chapter"
"A Deep Learning Based Fault Detection Method for Rocket Launcher Electrical System","Machine Learning, Optimization, and Data Science","","","","10.1007/978-3-030-64580-9_27","Huanghua LiZhidong DengJianxin ZhangZhen ZhangXiaozhao WangYongbao LiFeng LiLizhong Xie","2020","http://link.springer.com/chapter/10.1007/978-3-030-64580-9_27","Chapter"
"An Adaptive Parameters Density Cluster Algorithm for Data Cleaning in Big Data","Artificial Intelligence and Security","","","","10.1007/978-3-030-57884-8_48","Xiaopeng ZhangRuijie LinHaitao Xu","2020","http://link.springer.com/chapter/10.1007/978-3-030-57884-8_48","Chapter"
"Explaining Misclassification and Attacks in Deep Learning via Random Forests","Modeling Decisions for Artificial Intelligence","","","","10.1007/978-3-030-57524-3_23","Rami HaffarJosep Domingo-FerrerDavid Sánchez","2020","http://link.springer.com/chapter/10.1007/978-3-030-57524-3_23","Chapter"
"An Analysis of Deep Neural Networks for Predicting Trends in Time Series Data","Artificial Intelligence Research","","","","10.1007/978-3-030-66151-9_8","Kouame Hermann KouassiDeshendran Moodley","2020","http://link.springer.com/chapter/10.1007/978-3-030-66151-9_8","Chapter"
"A Framework for Classifying Temporal Relations with Question Encoder","Digital Libraries at Times of Massive Societal Transition","","","","10.1007/978-3-030-64452-9_2","Yohei SekiKangkang ZhaoMasaki OguniKazunari Sugiyama","2020","http://link.springer.com/chapter/10.1007/978-3-030-64452-9_2","Chapter"
"Anomaly Detection in DevOps Toolchain","Software Engineering Aspects of Continuous Development and New Paradigms of Software Production and Deployment","","","","10.1007/978-3-030-39306-9_3","Antonio CapizziSalvatore DistefanoLuiz J. P. AraújoManuel MazzaraMuhammad AhmadEvgeny Bobrov","2020","http://link.springer.com/chapter/10.1007/978-3-030-39306-9_3","Chapter"
"Early Prediction of Brain Tumor Classification Using Convolution Neural Networks","Advances in Computational Intelligence, Security and Internet of Things","","","","10.1007/978-981-15-3666-3_2","J. ArunnehruAjay KumarJ. P. Verma","2020","http://link.springer.com/chapter/10.1007/978-981-15-3666-3_2","Chapter"
"Scalable Machine Learning on Popular Analytic Languages with Parallel Data Summarization","Big Data Analytics and Knowledge Discovery","","","","10.1007/978-3-030-59065-9_22","Sikder Tahsin Al-AminCarlos Ordonez","2020","http://link.springer.com/chapter/10.1007/978-3-030-59065-9_22","Chapter"
"Target Recognition Framework and Learning Mode Based on Parallel Images","Image and Graphics Technologies and Applications","","","","10.1007/978-981-33-6033-4_14","Zihui YinRong MengZhilong ZhaoHe YinZhedong HuYongjie Zhai","2020","http://link.springer.com/chapter/10.1007/978-981-33-6033-4_14","Chapter"
"Spanish Sentiment Analysis Using Universal Language Model Fine-Tuning: A Detailed Case of Study","Information Management and Big Data","","","","10.1007/978-3-030-46140-9_20","Daniel PalominoJosé Ochoa-Luna","2020","http://link.springer.com/chapter/10.1007/978-3-030-46140-9_20","Chapter"
"A Deep Learning Approach to Detect the Demarcation Line in OCT Images","Medical Image Understanding and Analysis","","","","10.1007/978-3-030-52791-4_30","Chadi HelweShady ElbassuoniAhmad DhainiLily ChacraShady Awwad","2020","http://link.springer.com/chapter/10.1007/978-3-030-52791-4_30","Chapter"
"Towards a Human-Centered Approach for VRET Systems: Case Study for Acrophobia","Advances in Information Systems Development","","","","10.1007/978-3-030-49644-9_11","Oana BălanȘtefania CristeaAlin MoldoveanuGabriela MoiseMarius LeordeanuFlorica Moldoveanu","2020","http://link.springer.com/chapter/10.1007/978-3-030-49644-9_11","Chapter"
"Quaternion Neural Networks: State-of-the-Art and Research Challenges","Intelligent Data Engineering and Automated Learning – IDEAL 2020","","","","10.1007/978-3-030-62365-4_43","David García-RetuertaRoberto Casado-VaraAngel Martin-del ReyFernando De la PrietaJavier PrietoJuan M. Corchado","2020","http://link.springer.com/chapter/10.1007/978-3-030-62365-4_43","Chapter"
"Neural Architecture Search in Graph Neural Networks","Intelligent Systems","","","","10.1007/978-3-030-61377-8_21","Matheus NunesGisele L. Pappa","2020","http://link.springer.com/chapter/10.1007/978-3-030-61377-8_21","Chapter"
"Automated Measurements of Key Morphological Features of Human Embryos for IVF","Medical Image Computing and Computer Assisted Intervention – MICCAI 2020","","","","10.1007/978-3-030-59722-1_3","Brian D. LeahyWon-Dong JangHelen Y. YangRobbert StruyvenDonglai WeiZhe SunKylie R. LeeCharlotte RoystonLiz CamYael KalmaFoad AzemDalit Ben-YosefHanspeter PfisterDaniel Needleman","2020","http://link.springer.com/chapter/10.1007/978-3-030-59722-1_3","Chapter"
"AccessibleMaps: Addressing Gaps in Maps for People with Visual and Mobility Impairments","Computers Helping People with Special Needs","","","","10.1007/978-3-030-58805-2_34","Claudia LoitschKarin MüllerChristin EngelGerhard WeberRainer Stiefelhagen","2020","http://link.springer.com/chapter/10.1007/978-3-030-58805-2_34","Chapter"
