Item Title,Publication Title,Book Series Title,Journal Volume,Journal Issue,Item DOI,Authors,Publication Year,URL,Content Type
"Automating Feature Extraction and Feature Selection in Big Data Security Analytics","Artificial Intelligence and Soft Computing","","","","10.1007/978-3-319-91262-2_38","Dimitrios SisiaridisOlivier Markowitch","2018","http://rd.springer.com/chapter/10.1007/978-3-319-91262-2_38","Chapter"
"Enhancing White-Box Machine Learning Processes by Incorporating Semantic Background Knowledge","The Semantic Web","","","","10.1007/978-3-319-58451-5_21","Gilles Vandewiele","2017","http://rd.springer.com/chapter/10.1007/978-3-319-58451-5_21","Chapter"
"Interactive Data Analytics for the Humanities","Computational Linguistics and Intelligent Text Processing","","","","10.1007/978-3-319-77113-7_41","Iryna GurevychChristian M. MeyerCarsten BinnigJohannes FürnkranzKristian KerstingStefan RothEdwin Simpson","2018","http://rd.springer.com/chapter/10.1007/978-3-319-77113-7_41","Chapter"
"A Comparative Study of Feature Selection and Machine Learning Algorithms for Arabic Sentiment Classification","Information Retrieval Technology","","","","10.1007/978-3-319-12844-3_37","Nazlia OmarMohammed AlbaredTareq Al-MoslmiAdel Al-Shabi","2014","http://rd.springer.com/chapter/10.1007/978-3-319-12844-3_37","Chapter"
"Yet Another ADNI Machine Learning Paper? Paving the Way Towards Fully-Reproducible Research on Classification of Alzheimer’s Disease","Machine Learning in Medical Imaging","","","","10.1007/978-3-319-67389-9_7","Jorge Samper-GonzálezNinon BurgosSabrina FontanellaHugo BertinMarie-Odile HabertStanley DurrlemanTheodoros EvgeniouOlivier Colliot","2017","http://rd.springer.com/chapter/10.1007/978-3-319-67389-9_7","Chapter"
"Inertial Sensor Based Modelling of Human Activity Classes: Feature Extraction and Multi-sensor Data Fusion Using Machine Learning Algorithms","eHealth 360°","","","","10.1007/978-3-319-49655-9_38","Tahmina ZebinPatricia J. ScullyKrikor B. Ozanyan","2017","http://rd.springer.com/chapter/10.1007/978-3-319-49655-9_38","Chapter"
"Machine Learning Methods Based Preprocessing to Improve Categorical Data Classification","Intelligent Data Engineering and Automated Learning – IDEAL 2018","","","","10.1007/978-3-030-03493-1_32","Zoila Ruiz-ChavezJaime Salvador-MenesesJose Garcia-Rodriguez","2018","http://rd.springer.com/chapter/10.1007/978-3-030-03493-1_32","Chapter"
"Ensemble of Deep Autoencoder Classifiers for Activity Recognition Based on Sensor Modalities in Smart Homes","Data Science","","","","10.1007/978-981-13-2206-8_24","Serge ThomasMickala BourobouJie Li","2018","http://rd.springer.com/chapter/10.1007/978-981-13-2206-8_24","Chapter"
"Algorithm for Processing the Results of Cloud Convection Simulation Using the Methods of Machine Learning","Computational Science and Its Applications – ICCSA 2018","","","","10.1007/978-3-319-95171-3_13","E. N. StankovaE. T. IsmailovaI. A. Grechko","2018","http://rd.springer.com/chapter/10.1007/978-3-319-95171-3_13","Chapter"
"A Comparative Study Between Feature Selection Algorithms","Data Mining and Big Data","","","","10.1007/978-3-319-93803-5_7","Víctor Hugo Medina GarciaJorge Rodriguez RodriguezMiguel Angel Ospina Usaquén","2018","http://rd.springer.com/chapter/10.1007/978-3-319-93803-5_7","Chapter"
"PRESISTANT: Data Pre-processing Assistant","Information Systems in the Big Data Era","","","","10.1007/978-3-319-92901-9_6","Besim BilalliAlberto AbellóTomàs Aluja-BanetRana Faisal MunirRobert Wrembel","2018","http://rd.springer.com/chapter/10.1007/978-3-319-92901-9_6","Chapter"
"Data Mining Process Optimization in Computational Multi-agent Systems","Agents and Data Mining Interaction","","","","10.1007/978-3-319-20230-3_8","Ondřej KazíkRoman Neruda","2015","http://rd.springer.com/chapter/10.1007/978-3-319-20230-3_8","Chapter"
"Term Co-occurrence Based Feature Selection for Sentiment Classification","Smart and Innovative Trends in Next Generation Computing Technologies","","","","10.1007/978-981-10-8657-1_31","Sudarshan S. SonawaneSatish R. Kolhe","2018","http://rd.springer.com/chapter/10.1007/978-981-10-8657-1_31","Chapter"
"A Holistic Classification Optimization Framework with Feature Selection, Preprocessing, Manifold Learning and Classifiers","Pattern Recognition: Applications and Methods","","","","10.1007/978-3-319-27677-9_4","Fabian BürgerJosef Pauli","2015","http://rd.springer.com/chapter/10.1007/978-3-319-27677-9_4","Chapter"
"Accurate Data Cleansing through Model Checking and Machine Learning Techniques","Data Management Technologies and Applications","","","","10.1007/978-3-319-25936-9_5","Roberto BoselliMirko CesariniFabio MercorioMario Mezzanzanica","2015","http://rd.springer.com/chapter/10.1007/978-3-319-25936-9_5","Chapter"
"LiLoLe—A Framework for Lifelong Learning from Sensor Data Streams for Predictive User Modelling","Human-Centered Software Engineering","","","","10.1007/978-3-662-44811-3_8","Mirko FetterTom Gross","2014","http://rd.springer.com/chapter/10.1007/978-3-662-44811-3_8","Chapter"
"Towards Automatic Complex Feature Engineering","Web Information Systems Engineering – WISE 2018","","","","10.1007/978-3-030-02925-8_22","Jianyu ZhangFrançoise Fogelman-SouliéChristine Largeron","2018","http://rd.springer.com/chapter/10.1007/978-3-030-02925-8_22","Chapter"
"LKT-FM: A Novel Rating Pattern Transfer Model for Improving Non-overlapping Cross-Domain Collaborative Filtering","Machine Learning and Knowledge Discovery in Databases","","","","10.1007/978-3-319-71246-8_39","Yizhou ZangXiaohua Hu","2017","http://rd.springer.com/chapter/10.1007/978-3-319-71246-8_39","Chapter"
"Hierarchical Time Series Feature Extraction for Power Consumption Anomaly Detection","Advanced Computational Methods in Energy, Power, Electric Vehicles, and Their Integration","","","","10.1007/978-981-10-6364-0_27","Zhiyou OuyangXiaokui SunDong Yue","2017","http://rd.springer.com/chapter/10.1007/978-981-10-6364-0_27","Chapter"
"Machine Learning in Data Lake for Combining Data Silos","Data Mining and Big Data","","","","10.1007/978-3-319-61845-6_30","Merlinda WibowoSarina SulaimanSiti Mariyam Shamsuddin","2017","http://rd.springer.com/chapter/10.1007/978-3-319-61845-6_30","Chapter"
"Automatically Wrangling Spreadsheets into Machine Learning Data Formats","Advances in Intelligent Data Analysis XVII","","","","10.1007/978-3-030-01768-2_30","Gust VerbruggenLuc De Raedt","2018","http://rd.springer.com/chapter/10.1007/978-3-030-01768-2_30","Chapter"
"Expert Feature-Engineering vs. Deep Neural Networks: Which Is Better for Sensor-Free Affect Detection?","Artificial Intelligence in Education","","","","10.1007/978-3-319-93843-1_15","Yang JiangNigel BoschRyan S. BakerLuc PaquetteJaclyn OcumpaughJuliana Ma. Alexandra L. AndresAllison L. MooreGautam Biswas","2018","http://rd.springer.com/chapter/10.1007/978-3-319-93843-1_15","Chapter"
"Structural Feature Selection for Event Logs","Business Process Management Workshops","","","","10.1007/978-3-319-74030-0_2","Markku HinkkaTeemu LehtoKeijo HeljankoAlexander Jung","2018","http://rd.springer.com/chapter/10.1007/978-3-319-74030-0_2","Chapter"
"Semantic-Guided Feature Selection for Industrial Automation Systems","The Semantic Web - ISWC 2015","","","","10.1007/978-3-319-25010-6_13","Martin RingsquandlSteffen LamparterSebastian BrandtThomas HubauerRaffaello Lepratti","2015","http://rd.springer.com/chapter/10.1007/978-3-319-25010-6_13","Chapter"
"Increasing the Prediction Quality of Software Defective Modules with Automatic Feature Engineering","Information Technology - New Generations","","","","10.1007/978-3-319-77028-4_68","Alexandre Moreira NascimentoVinícius Veloso de MeloLuiz Alberto Vieira DiasAdilson Marques da Cunha","2018","http://rd.springer.com/chapter/10.1007/978-3-319-77028-4_68","Chapter"
"Corpus-Based Information Extraction and Opinion Mining for the Restaurant Recommendation System","Statistical Language and Speech Processing","","","","10.1007/978-3-319-11397-5_21","Ekaterina PronozaElena YagunovaSvetlana Volskaya","2014","http://rd.springer.com/chapter/10.1007/978-3-319-11397-5_21","Chapter"
"Multi-view Automatic Lip-Reading Using Neural Network","Computer Vision – ACCV 2016 Workshops","","","","10.1007/978-3-319-54427-4_22","Daehyun LeeJongmin LeeKee-Eung Kim","2017","http://rd.springer.com/chapter/10.1007/978-3-319-54427-4_22","Chapter"
"Defect Report Classification in Accordance with Areas of Testing","Tools and Methods of Program Analysis","","","","10.1007/978-3-319-71734-0_4","Anna Gromova","2018","http://rd.springer.com/chapter/10.1007/978-3-319-71734-0_4","Chapter"
"Real-Time Tear Film Classification Through Cost-Based Feature Selection","Transactions on Computational Collective Intelligence XX","","","","10.1007/978-3-319-27543-7_4","Verónica Bolón-CanedoBeatriz RemeseiroNoelia Sánchez-MaroñoAmparo Alonso-Betanzos","2015","http://rd.springer.com/chapter/10.1007/978-3-319-27543-7_4","Chapter"
"Task Oriented Privacy Preserving Data Publishing Using Feature Selection","Advances in Artificial Intelligence","","","","10.1007/978-3-319-06483-3_13","Yasser JaferStan MatwinMarina Sokolova","2014","http://rd.springer.com/chapter/10.1007/978-3-319-06483-3_13","Chapter"
"Better Interpretable Models for Proteomics Data Analysis Using Rule-Based Mining","Towards Integrative Machine Learning and Knowledge Extraction","","","","10.1007/978-3-319-69775-8_4","Fahrnaz JayrannejadTim O. F. Conrad","2017","http://rd.springer.com/chapter/10.1007/978-3-319-69775-8_4","Chapter"
"Traffic Classification and Application Identification in Network Forensics","Advances in Digital Forensics XIV","","","","10.1007/978-3-319-99277-8_10","Jan PluskalOndrej LichtnerOndrej Rysavy","2018","http://rd.springer.com/chapter/10.1007/978-3-319-99277-8_10","Chapter"
"Brain Neural Data Analysis Using Machine Learning Feature Selection and Classification Methods","Engineering Applications of Neural Networks","","","","10.1007/978-3-319-11071-4_12","Lachezar BozhkovPetia GeorgievaRoumen Trifonov","2014","http://rd.springer.com/chapter/10.1007/978-3-319-11071-4_12","Chapter"
"Rank Aggregation Algorithm Selection Meets Feature Selection","Machine Learning and Data Mining in Pattern Recognition","","","","10.1007/978-3-319-41920-6_56","Alexey ZabashtaIvan SmetannikovAndrey Filchenkov","2016","http://rd.springer.com/chapter/10.1007/978-3-319-41920-6_56","Chapter"
"Enhanced Deep Learning Models for Sentiment Analysis in Arab Social Media","Neural Information Processing","","","","10.1007/978-3-319-70139-4_68","Mariem AbbesZied KechaouAdel M. Alimi","2017","http://rd.springer.com/chapter/10.1007/978-3-319-70139-4_68","Chapter"
"A Novel Automatic Grouping Algorithm for Feature Selection","Computer Vision","","","","10.1007/978-981-10-7305-2_50","Qiulong YuanYuchun Fang","2017","http://rd.springer.com/chapter/10.1007/978-981-10-7305-2_50","Chapter"
"Novel Wrapper-Based Feature Selection for Efficient Clinical Decision Support System","Advances in Data Science","","","","10.1007/978-981-13-3582-2_9","R. VanajaSaswati Mukherjee","2019","http://rd.springer.com/chapter/10.1007/978-981-13-3582-2_9","Chapter"
"Solving the False Positives Problem in Fraud Prediction Using Automated Feature Engineering","Machine Learning and Knowledge Discovery in Databases","","","","10.1007/978-3-030-10997-4_23","Roy WedgeJames Max KanterKalyan VeeramachaneniSantiago Moral RubioSergio Iglesias Perez","2019","http://rd.springer.com/chapter/10.1007/978-3-030-10997-4_23","Chapter"
"Genetic Programming for Region Detection, Feature Extraction, Feature Construction and Classification in Image Data","Genetic Programming","","","","10.1007/978-3-319-30668-1_4","Andrew LensenHarith Al-SahafMengjie ZhangBing Xue","2016","http://rd.springer.com/chapter/10.1007/978-3-319-30668-1_4","Chapter"
"Evaluation of Hybrid Classification Approaches: Case Studies on Credit Datasets","Machine Learning and Data Mining in Pattern Recognition","","","","10.1007/978-3-319-96133-0_6","Erkan CetinerVehbi Cagri GungorTaskin Kocak","2018","http://rd.springer.com/chapter/10.1007/978-3-319-96133-0_6","Chapter"
"Neural Network-Based User-Independent Physical Activity Recognition for Mobile Devices","Intelligent Data Engineering and Automated Learning – IDEAL 2015","","","","10.1007/978-3-319-24834-9_44","Bojan KolosnjajiClaudia Eckert","2015","http://rd.springer.com/chapter/10.1007/978-3-319-24834-9_44","Chapter"
"Web Page Representations and Data Extraction with BERyL","Current Trends in Web Engineering","","","","10.1007/978-3-030-03056-8_3","Andrey KravchenkoRuslan R. FayzrakhmanovEmanuel Sallinger","2018","http://rd.springer.com/chapter/10.1007/978-3-030-03056-8_3","Chapter"
"Optimization Networks for Integrated Machine Learning","Computer Aided Systems Theory – EUROCAST 2017","","","","10.1007/978-3-319-74718-7_47","Michael KommendaJohannes KarderAndreas BehamBogdan BurlacuGabriel KronbergerStefan WagnerMichael Affenzeller","2018","http://rd.springer.com/chapter/10.1007/978-3-319-74718-7_47","Chapter"
"Wisdom of Crowds: An Empirical Study of Ensemble-Based Feature Selection Strategies","AI 2015: Advances in Artificial Intelligence","","","","10.1007/978-3-319-26350-2_47","Teo SusnjakDavid KerryAndre BarczakNapoleon ReyesYaniv Gal","2015","http://rd.springer.com/chapter/10.1007/978-3-319-26350-2_47","Chapter"
"Feature Selection Using Multi-objective Optimization for Aspect Based Sentiment Analysis","Natural Language Processing and Information Systems","","","","10.1007/978-3-319-59569-6_2","Md Shad AkhtarSarah KohailAmit KumarAsif EkbalChris Biemann","2017","http://rd.springer.com/chapter/10.1007/978-3-319-59569-6_2","Chapter"
"An Autoencoder-Based Learning Method for Wireless Communication Protocol Identification","Communications and Networking","","","","10.1007/978-3-319-78130-3_55","Jie RenZulin WangMai Xu","2018","http://rd.springer.com/chapter/10.1007/978-3-319-78130-3_55","Chapter"
"A Novel Multimodal Data Analytic Scheme for Human Activity Recognition","Service Science and Knowledge Innovation","","","","10.1007/978-3-642-55355-4_47","Girija ChettyMohammad Yamin","2014","http://rd.springer.com/chapter/10.1007/978-3-642-55355-4_47","Chapter"
"Feature Selection and Interpretable Feature Transformation: A Preliminary Study on Feature Engineering for Classification Algorithms","Intelligent Data Engineering and Automated Learning – IDEAL 2018","","","","10.1007/978-3-030-03496-2_31","Antonio J. Tallón-BallesterosMilan TubaBing XueTakako Hashimoto","2018","http://rd.springer.com/chapter/10.1007/978-3-030-03496-2_31","Chapter"
"Feature Selection for Twitter Sentiment Analysis: An Experimental Study","Computational Linguistics and Intelligent Text Processing","","","","10.1007/978-3-319-18117-2_7","Riham MansourMohamed Farouk Abdel HadyEman HosamHani AmrAhmed Ashour","2015","http://rd.springer.com/chapter/10.1007/978-3-319-18117-2_7","Chapter"
"Trends in Application of Machine Learning to Network-Based Intrusion Detection Systems","Innovations for Community Services","","","","10.1007/978-3-319-93408-2_16","Jakub HrabovskyPavel SegecMarek MoravcikJozef Papan","2018","http://rd.springer.com/chapter/10.1007/978-3-319-93408-2_16","Chapter"
"Intrusion Detection with Comparative Analysis of Supervised Learning Techniques and Fisher Score Feature Selection Algorithm","Computer and Information Sciences","","","","10.1007/978-3-030-00840-6_16","Doğukan AksuSerpil ÜstebayMuhammed Ali AydinTülin Atmaca","2018","http://rd.springer.com/chapter/10.1007/978-3-030-00840-6_16","Chapter"
"Deep Learning for Network Flow Analysis and Malware Classification","Security in Computing and Communications","","","","10.1007/978-981-10-6898-0_19","R. K. RahulT. AnjaliVijay Krishna MenonK. P. Soman","2017","http://rd.springer.com/chapter/10.1007/978-981-10-6898-0_19","Chapter"
"Deep Feature Learning and Visualization for EEG Recording Using Autoencoders","Neural Information Processing","","","","10.1007/978-3-030-04239-4_50","Yue YaoJo PlestedTom Gedeon","2018","http://rd.springer.com/chapter/10.1007/978-3-030-04239-4_50","Chapter"
"A Machine Learning Approach to Employability Evaluation Using Handwriting Analysis","Advanced Informatics for Computing Research","","","","10.1007/978-981-13-3140-4_23","Prachi JoshiPranav GhaskadbiSarvesh Tendulkar","2019","http://rd.springer.com/chapter/10.1007/978-981-13-3140-4_23","Chapter"
"Machine Learning Predictive Model for Industry 4.0","Knowledge Management in Organizations","","","","10.1007/978-3-319-95204-8_42","Inés Sittón CandanedoElena Hernández NievesSara Rodríguez GonzálezM. Teresa Santos MartínAlfonso González Briones","2018","http://rd.springer.com/chapter/10.1007/978-3-319-95204-8_42","Chapter"
"Study of Engineered Features and Learning Features in Machine Learning - A Case Study in Document Classification","Intelligent Human Computer Interaction","","","","10.1007/978-3-319-52503-7_13","Arpan SenShrestha GhoshDebottam KunduDebleena SarkarJaya Sil","2017","http://rd.springer.com/chapter/10.1007/978-3-319-52503-7_13","Chapter"
"Classification in Sparse, High Dimensional Environments Applied to Distributed Systems Failure Prediction","Artificial Intelligence and Soft Computing","","","","10.1007/978-3-319-19369-4_63","José M. NavarroHugo A. Parada Parada G.Juan C. Dueñas","2015","http://rd.springer.com/chapter/10.1007/978-3-319-19369-4_63","Chapter"
"Detecting Malicious URLs Using a Deep Learning Approach Based on Stacked Denoising Autoencoder","Trusted Computing and Information Security","","","","10.1007/978-981-13-5913-2_23","Huaizhi YanXin ZhangJiangwei XieChangzhen Hu","2019","http://rd.springer.com/chapter/10.1007/978-981-13-5913-2_23","Chapter"
"Improving Speech Recognition through Automatic Selection of Age Group – Specific Acoustic Models","Computational Processing of the Portuguese Language","","","","10.1007/978-3-319-09761-9_2","Annika HämäläinenHugo MeinedoMichael TjalveThomas PellegriniIsabel TrancosoMiguel Sales Dias","2014","http://rd.springer.com/chapter/10.1007/978-3-319-09761-9_2","Chapter"
"Automatic Essay Scoring Based on Coh-Metrix Feature Selection for Chinese English Learners","Emerging Technologies for Education","","","","10.1007/978-3-319-52836-6_40","Xia LiJianda Liu","2017","http://rd.springer.com/chapter/10.1007/978-3-319-52836-6_40","Chapter"
"A Feature Selection Scheme for Accurate Identification of Alzheimer’s Disease","Bioinformatics and Biomedical Engineering","","","","10.1007/978-3-319-31744-1_7","Hao ShenWen ZhangPeng ChenJun ZhangAiqin FangBing Wang","2016","http://rd.springer.com/chapter/10.1007/978-3-319-31744-1_7","Chapter"
"Summarization-Guided Greedy Optimization of Machine Learning Model","Machine Learning and Data Mining in Pattern Recognition","","","","10.1007/978-3-319-62416-7_22","Dymitr RutaLing CenErnesto Damiani","2017","http://rd.springer.com/chapter/10.1007/978-3-319-62416-7_22","Chapter"
"Automatic Adaptation of Author’s Stylometric Features to Document Types","Text, Speech and Dialogue","","","","10.1007/978-3-319-10816-2_7","Jan Rygl","2014","http://rd.springer.com/chapter/10.1007/978-3-319-10816-2_7","Chapter"
"A Domain-Expert Centered Process Model for Knowledge Discovery in Medical Research: Putting the Expert-in-the-Loop","Brain Informatics and Health","","","","10.1007/978-3-319-23344-4_38","Dominic GirardiJosef KuengAndreas Holzinger","2015","http://rd.springer.com/chapter/10.1007/978-3-319-23344-4_38","Chapter"
"Accurate Classification of ECG Patterns with Subject-Dependent Feature Vector","Proceedings of the 9th International Conference on Computer Recognition Systems CORES 2015","","","","10.1007/978-3-319-26227-7_50","Piotr Augustyniak","2016","http://rd.springer.com/chapter/10.1007/978-3-319-26227-7_50","Chapter"
"Hybrid Feature Selection Approach for Arabic Named Entity Recognition","Computational Linguistics and Intelligent Text Processing","","","","10.1007/978-3-319-75477-2_32","Miran ShahineMohamed Sakre","2018","http://rd.springer.com/chapter/10.1007/978-3-319-75477-2_32","Chapter"
"Evolvable Deep Features","Applications of Evolutionary Computation","","","","10.1007/978-3-319-77538-8_34","Jakub NalepaGrzegorz MrukwaMichal Kawulok","2018","http://rd.springer.com/chapter/10.1007/978-3-319-77538-8_34","Chapter"
"A Cognitive Model of Feature Selection and Categorization for Autonomous Systems","Social, Cultural, and Behavioral Modeling","","","","10.1007/978-3-319-60240-0_10","Michael MartinChristian LebiereMaryanne FieldsCraig Lennon","2017","http://rd.springer.com/chapter/10.1007/978-3-319-60240-0_10","Chapter"
"Medical Knowledge Attention Enhanced Neural Model for Named Entity Recognition in Chinese EMR","Chinese Computational Linguistics and Natural Language Processing Based on Naturally Annotated Big Data","","","","10.1007/978-3-030-01716-3_31","Zhichang ZhangYu ZhangTong Zhou","2018","http://rd.springer.com/chapter/10.1007/978-3-030-01716-3_31","Chapter"
"Full Model Selection in Huge Datasets and for Proxy Models Construction","Advances in Soft Computing","","","","10.1007/978-3-030-04491-6_13","Angel Díaz-PachecoCarlos Alberto Reyes-García","2018","http://rd.springer.com/chapter/10.1007/978-3-030-04491-6_13","Chapter"
"Determining Data Relevance Using Semantic Types and Graphical Interpretation Cues","Advances in Intelligent Data Analysis XV","","","","10.1007/978-3-319-46349-0_29","Eduardo Haruo KamiokaAndré FreitasFrederico CaroliSiegfried Handschuh","2016","http://rd.springer.com/chapter/10.1007/978-3-319-46349-0_29","Chapter"
"Stochastic and Non-Stochastic Feature Selection","Intelligent Data Engineering and Automated Learning – IDEAL 2017","","","","10.1007/978-3-319-68935-7_64","Antonio J. Tallón-BallesterosLuís CorreiaSung-Bae Cho","2017","http://rd.springer.com/chapter/10.1007/978-3-319-68935-7_64","Chapter"
"Internet Performance Prediction Framework Based on PingER Dataset","Algorithms and Architectures for Parallel Processing","","","","10.1007/978-3-030-05057-3_9","Wei ZhangXiaofei XingSaqib AliGuojun Wang","2018","http://rd.springer.com/chapter/10.1007/978-3-030-05057-3_9","Chapter"
"Seizure Prediction by Graph Mining, Transfer Learning, and Transformation Learning","Machine Learning and Data Mining in Pattern Recognition","","","","10.1007/978-3-319-21024-7_3","Nimit DhulekarSrinivas NambirajanBasak OztanBülent Yener","2015","http://rd.springer.com/chapter/10.1007/978-3-319-21024-7_3","Chapter"
"Detection of Diabetic Retinopathy and Maculopathy in Eye Fundus Images Using Fuzzy Image Processing","Brain Informatics and Health","","","","10.1007/978-3-319-23344-4_37","Sarni Suhaila RahimVasile PaladeChrisina JayneAndreas HolzingerJames Shuttleworth","2015","http://rd.springer.com/chapter/10.1007/978-3-319-23344-4_37","Chapter"
"Improved Classification of Known and Unknown Network Traffic Flows Using Semi-supervised Machine Learning","Information Security and Privacy","","","","10.1007/978-3-319-40367-0_33","Timothy GlennanChristopher LeckieSarah M. Erfani","2016","http://rd.springer.com/chapter/10.1007/978-3-319-40367-0_33","Chapter"
"Random Forest-Based Feature Importance for HEp-2 Cell Image Classification","Medical Image Understanding and Analysis","","","","10.1007/978-3-319-60964-5_80","Vibha GuptaArnav Bhavsar","2017","http://rd.springer.com/chapter/10.1007/978-3-319-60964-5_80","Chapter"
"How Linked Data can Aid Machine Learning-Based Tasks","Research and Advanced Technology for Digital Libraries","","","","10.1007/978-3-319-67008-9_13","Michalis MountantonakisYannis Tzitzikas","2017","http://rd.springer.com/chapter/10.1007/978-3-319-67008-9_13","Chapter"
"Feature Selection in Gait Classification Using Geometric PSO Assisted by SVM","Computer Analysis of Images and Patterns","","","","10.1007/978-3-319-23117-4_49","Tze Wei YeohSaúl Zapotecas-MartínezYouhei AkimotoHernán E. AguirreKiyoshi Tanaka","2015","http://rd.springer.com/chapter/10.1007/978-3-319-23117-4_49","Chapter"
"Pixel Classification and Heuristics for Facial Feature Localization","Intelligent Data Engineering and Automated Learning – IDEAL 2014","","","","10.1007/978-3-319-10840-7_21","Heitor B. ChrisóstomoJosé E. B. MaiaThelmo P. de Araujo","2014","http://rd.springer.com/chapter/10.1007/978-3-319-10840-7_21","Chapter"
"Using Ontology-Based Data Summarization to Develop Semantics-Aware Recommender Systems","The Semantic Web","","","","10.1007/978-3-319-93417-4_9","Tommaso Di NoiaCorrado MagarelliAndrea MaurinoMatteo PalmonariAnisa Rula","2018","http://rd.springer.com/chapter/10.1007/978-3-319-93417-4_9","Chapter"
"Imbalanced Data Classification Based on Feature Selection Techniques","Intelligent Data Engineering and Automated Learning – IDEAL 2018","","","","10.1007/978-3-030-03496-2_33","Paweł KsieniewiczMichał Woźniak","2018","http://rd.springer.com/chapter/10.1007/978-3-030-03496-2_33","Chapter"
"Re–compression Based JPEG Tamper Detection and Localization Using Deep Neural Network, Eliminating Compression Factor Dependency","Information Systems Security","","","","10.1007/978-3-030-05171-6_17","Jamimamul BakasPraneta RawatKalyan KokkallaRuchira Naskar","2018","http://rd.springer.com/chapter/10.1007/978-3-030-05171-6_17","Chapter"
"Creativity, Innovation and Entrepreneurship: A Critical Overview of Issues and Challenges","Creativity in Intelligent Technologies and Data Science","","","","10.1007/978-3-319-65551-2_1","Peter P. Groumpos","2017","http://rd.springer.com/chapter/10.1007/978-3-319-65551-2_1","Chapter"
"Hadoop for EEG Storage and Processing: A Feasibility Study","Brain Informatics and Health","","","","10.1007/978-3-319-09891-3_21","Ghita BerradaMaurice van KeulenMena B. Habib","2014","http://rd.springer.com/chapter/10.1007/978-3-319-09891-3_21","Chapter"
"A Weighted Bacterial Colony Optimization for Feature Selection","Intelligent Computing in Bioinformatics","","","","10.1007/978-3-319-09330-7_45","Hong WangXingjing JingBen Niu","2014","http://rd.springer.com/chapter/10.1007/978-3-319-09330-7_45","Chapter"
"Deep-FExt: Deep Feature Extraction for Vessel Segmentation and Centerline Prediction","Machine Learning in Medical Imaging","","","","10.1007/978-3-319-67389-9_40","Giles TettehMarkus RempflerClaus ZimmerBjoern H. Menze","2017","http://rd.springer.com/chapter/10.1007/978-3-319-67389-9_40","Chapter"
"A Deep Learning Based Online Malicious URL and DNS Detection Scheme","Security and Privacy in Communication Networks","","","","10.1007/978-3-319-78813-5_22","Jianguo JiangJiuming ChenKim-Kwang Raymond ChooChao LiuKunying LiuMin YuYongjian Wang","2018","http://rd.springer.com/chapter/10.1007/978-3-319-78813-5_22","Chapter"
"Efficient Feature Selection Framework for Digital Marketing Applications","Advances in Knowledge Discovery and Data Mining","","","","10.1007/978-3-319-93040-4_3","Wei ZhangShiladitya BoseSaid KobeissiScott TomkoChris Challis","2018","http://rd.springer.com/chapter/10.1007/978-3-319-93040-4_3","Chapter"
"Automating Biomedical Data Science Through Tree-Based Pipeline Optimization","Applications of Evolutionary Computation","","","","10.1007/978-3-319-31204-0_9","Randal S. OlsonRyan J. UrbanowiczPeter C. AndrewsNicole A. LavenderLa Creis KiddJason H. Moore","2016","http://rd.springer.com/chapter/10.1007/978-3-319-31204-0_9","Chapter"
"Clustering of MRI Radiomics Features for Glioblastoma Multiforme: An Initial Study","Medical Imaging and Augmented Reality","","","","10.1007/978-3-319-43775-0_28","Zhi-Cheng LiQi-Hua LiBo-Lin SongYin-Sheng ChenQiu-Chang SunYao-Qin XieLei Wang","2016","http://rd.springer.com/chapter/10.1007/978-3-319-43775-0_28","Chapter"
"Evaluation of Algorithms for Automatic Classification of Heart Sound Signals","Bioinformatics and Biomedical Engineering","","","","10.1007/978-3-319-56148-6_48","Ricardo Enrique Pérez-GuzmánRodolfo García-BermúdezFernando Rojas-RuizAriel Céspedes-PérezYudelkis Ojeda-Riquenes","2017","http://rd.springer.com/chapter/10.1007/978-3-319-56148-6_48","Chapter"
"Web Intelligence Linked Open Data for Website Design Reuse","Web Engineering","","","","10.1007/978-3-319-60131-1_22","Maxim BakaevVladimir KhvorostovSebastian HeilMartin Gaedke","2017","http://rd.springer.com/chapter/10.1007/978-3-319-60131-1_22","Chapter"
"Extracting Causal Relations Among Complex Events in Natural Science Literature","Natural Language Processing and Information Systems","","","","10.1007/978-3-319-59569-6_13","Biswanath BarikErwin MarsiPinar Öztürk","2017","http://rd.springer.com/chapter/10.1007/978-3-319-59569-6_13","Chapter"
"Automatic Segmentation of Brain Tumor Image Based on Region Growing with Co-constraint","MultiMedia Modeling","","","","10.1007/978-3-030-05710-7_50","Siming CuiXuanjing ShenYingda Lyu","2019","http://rd.springer.com/chapter/10.1007/978-3-030-05710-7_50","Chapter"
"Exploration of Two-Objective Scenarios on Supervised Evolutionary Feature Selection: A Survey and a Case Study (Application to Music Categorisation)","Evolutionary Multi-Criterion Optimization","","","","10.1007/978-3-319-15892-1_36","Igor Vatolkin","2015","http://rd.springer.com/chapter/10.1007/978-3-319-15892-1_36","Chapter"
"An Architecture for Establishing Legal Semantic Workflows in the Context of Integrated Law Enforcement","AI Approaches to the Complexity of Legal Systems","","","","10.1007/978-3-030-00178-0_8","Markus StumptnerWolfgang MayerGeorg GrossmannJixue LiuWenhao LiPompeu CasanovasLouis De KokerDanuta MendelsonDavid WattsBridget Bainbridge","2018","http://rd.springer.com/chapter/10.1007/978-3-030-00178-0_8","Chapter"
"PULSE: A Real Time System for Crowd Flow Prediction at Metropolitan Subway Stations","Machine Learning and Knowledge Discovery in Databases","","","","10.1007/978-3-319-46131-1_19","Ermal TotoElke A. RundensteinerYanhua LiRichard JordanMariya IshutkinaKajal ClaypoolJun LuoFan Zhang","2016","http://rd.springer.com/chapter/10.1007/978-3-319-46131-1_19","Chapter"
"An Automatic Feature Extraction Approach to Image Classification Using Genetic Programming","Applications of Evolutionary Computation","","","","10.1007/978-3-319-77538-8_29","Ying BiBing XueMengjie Zhang","2018","http://rd.springer.com/chapter/10.1007/978-3-319-77538-8_29","Chapter"
"Dynamic Voting in Multi-view Learning for Radiomics Applications","Structural, Syntactic, and Statistical Pattern Recognition","","","","10.1007/978-3-319-97785-0_4","Hongliu CaoSimon BernardLaurent HeutteRobert Sabourin","2018","http://rd.springer.com/chapter/10.1007/978-3-319-97785-0_4","Chapter"
"Communication at Scale in a MOOC Using Predictive Engagement Analytics","Artificial Intelligence in Education","","","","10.1007/978-3-319-93843-1_18","Christopher V. LeZachary A. PardosSamuel D. MeyerRachel Thorp","2018","http://rd.springer.com/chapter/10.1007/978-3-319-93843-1_18","Chapter"
"Supervised Methods to Support Online Scientific Data Triage","E-Technologies: Embracing the Internet of Things","","","","10.1007/978-3-319-59041-7_13","Hayda AlmeidaMarc QueudotLeila KosseimMarie-Jean Meurs","2017","http://rd.springer.com/chapter/10.1007/978-3-319-59041-7_13","Chapter"
"A Deep Learning Based Pipeline for Image Grading of Diabetic Retinopathy","Smart Health","","","","10.1007/978-3-030-03649-2_24","Yu WangG. Alan WangWeiguo FanJiexun Li","2018","http://rd.springer.com/chapter/10.1007/978-3-030-03649-2_24","Chapter"
"Sensor-Free Affect Detection for a Simulation-Based Science Inquiry Learning Environment","Intelligent Tutoring Systems","","","","10.1007/978-3-319-07221-0_1","Luc PaquetteRyan S. J. D. BakerMichael A. Sao PedroJanice D. GobertLisa RossiAdam NakamaZakkai Kauffman-Rogoff","2014","http://rd.springer.com/chapter/10.1007/978-3-319-07221-0_1","Chapter"
"Robust Variational Auto-Encoder for Radar HRRP Target Recognition","Intelligence Science and Big Data Engineering","","","","10.1007/978-3-319-67777-4_31","Ying ZhaiBo ChenHao ZhangZhengjue Wang","2017","http://rd.springer.com/chapter/10.1007/978-3-319-67777-4_31","Chapter"
"Incorporating Coreference to Automatic Evaluation of Coherence in Essays","Statistical Language and Speech Processing","","","","10.1007/978-3-319-68456-7_5","Michal NovákKateřina RysováMagdaléna RysováJiří Mírovský","2017","http://rd.springer.com/chapter/10.1007/978-3-319-68456-7_5","Chapter"
"Intelligent Fault Detection of High-Speed Railway Turnout Based on Hybrid Deep Learning","AI 2018: Advances in Artificial Intelligence","","","","10.1007/978-3-030-03991-2_10","Zhi ZhuangGuohua ZhangWei DongXinya SunChuanjiang Wang","2018","http://rd.springer.com/chapter/10.1007/978-3-030-03991-2_10","Chapter"
"Feature Selection Based on Data Clustering","Intelligent Computing Theories and Methodologies","","","","10.1007/978-3-319-22180-9_23","Hongzhi LiuZhonghai WuXing Zhang","2015","http://rd.springer.com/chapter/10.1007/978-3-319-22180-9_23","Chapter"
"Roles of Various Brain Structures on Non-Invasive Lateralization of Temporal Lobe Epilepsy","Advances in Visual Computing","","","","10.1007/978-3-319-14364-4_4","Fariborz MahmoudiMohammad-Reza Nazem-ZadehHassan Bagher-EbadianJason M. SchwalbHamid Soltanian-Zadeh","2014","http://rd.springer.com/chapter/10.1007/978-3-319-14364-4_4","Chapter"
"Vertical and Sequential Sentiment Analysis of Micro-blog Topic","Advanced Data Mining and Applications","","","","10.1007/978-3-030-05090-0_30","Shuo WanBohan LiAnman ZhangKai WangXue Li","2018","http://rd.springer.com/chapter/10.1007/978-3-030-05090-0_30","Chapter"
"Festra: A Feature Based Microscopic Sandstone Images Classification Method Using Transfer Learning","Software Engineering and Methodology for Emerging Domains","","","","10.1007/978-981-10-3482-4_12","Na LiDanru WangQing GuHuizhen HaoDaoxu Chen","2016","http://rd.springer.com/chapter/10.1007/978-981-10-3482-4_12","Chapter"
"Manifold Regularized Multi-view Feature Selection for Web Image Annotation","Advances in Multimedia Information Processing – PCM 2014","","","","10.1007/978-3-319-13168-9_11","Yangxi LiXin ShiLingling TongYong LuoJinhui TuXiaobo Zhu","2014","http://rd.springer.com/chapter/10.1007/978-3-319-13168-9_11","Chapter"
"Gaussian Process Multi-task Learning Using Joint Feature Selection","Machine Learning and Knowledge Discovery in Databases","","","","10.1007/978-3-662-44845-8_7","P. K. SrijithShirish Shevade","2014","http://rd.springer.com/chapter/10.1007/978-3-662-44845-8_7","Chapter"
"A Novel Real-Time EEG Based Eye State Recognition System","Communications and Networking","","","","10.1007/978-3-030-06161-6_17","Zijia ZhouPan LiJianqi LiuWeikuo Dong","2019","http://rd.springer.com/chapter/10.1007/978-3-030-06161-6_17","Chapter"
"A Question Routing Technique Using Deep Neural Network for Communities of Question Answering","Database Systems for Advanced Applications","","","","10.1007/978-3-319-55753-3_3","Amr AzzamNeamat TaziAhmad Hossny","2017","http://rd.springer.com/chapter/10.1007/978-3-319-55753-3_3","Chapter"
"Haptics-Enabled Surgical Training System with Guidance Using Deep Learning","Universal Access in Human-Computer Interaction. Access to Learning, Health and Well-Being","","","","10.1007/978-3-319-20684-4_26","Ehren BiglariMarie FengJohn QuarlesEdward SakoJohn CalhoonRonald RodriguezYusheng Feng","2015","http://rd.springer.com/chapter/10.1007/978-3-319-20684-4_26","Chapter"
"Ranking with Ties of OWL Ontology Reasoners Based on Learned Performances","Knowledge Discovery, Knowledge Engineering and Knowledge Management","","","","10.1007/978-3-319-52758-1_14","Nourhène AlayaSadok Ben YahiaMyriam Lamolle","2016","http://rd.springer.com/chapter/10.1007/978-3-319-52758-1_14","Chapter"
"Skyline-Based Feature Selection for Polarity Classification in Social Networks","Database and Expert Systems Applications","","","","10.1007/978-3-319-64468-4_29","Fayçal Rédha SaidaniAllel HadjaliIdir RassoulDjamal Belkasmi","2017","http://rd.springer.com/chapter/10.1007/978-3-319-64468-4_29","Chapter"
"LBP and Machine Learning for Diabetic Retinopathy Detection","Intelligent Data Engineering and Automated Learning – IDEAL 2014","","","","10.1007/978-3-319-10840-7_14","Jorge de la CallejaLourdes TecuapetlaMa. Auxilio MedinaEverardo BárcenasArgelia B. Urbina Nájera","2014","http://rd.springer.com/chapter/10.1007/978-3-319-10840-7_14","Chapter"
"Effective Streaming Evolutionary Feature Selection Using Dynamic Optimization","Computational Intelligence and Its Applications","","","","10.1007/978-3-319-89743-1_29","Abdennour BoulesnaneSouham Meshoul","2018","http://rd.springer.com/chapter/10.1007/978-3-319-89743-1_29","Chapter"
"Design of a Small and Medium Enterprise Growth Prediction Model Based on Web Mining","Web Engineering","","","","10.1007/978-3-319-60131-1_48","Yiea-Funk TeIrena Pletikosa Cvijikj","2017","http://rd.springer.com/chapter/10.1007/978-3-319-60131-1_48","Chapter"
"GAparsimony: An R Package for Searching Parsimonious Models by Combining Hyperparameter Optimization and Feature Selection","Hybrid Artificial Intelligent Systems","","","","10.1007/978-3-319-92639-1_6","F. J. Martinez-de-PisonR. Gonzalez-SendinoJ. FerreiroE. FraileA. Pernia-Espinoza","2018","http://rd.springer.com/chapter/10.1007/978-3-319-92639-1_6","Chapter"
"A Methodology for the Diagnostic of Aircraft Engine Based on Indicators Aggregation","Advances in Data Mining. Applications and Theoretical Aspects","","","","10.1007/978-3-319-08976-8_11","Tsirizo RabenoroJérôme LacailleMarie CottrellFabrice Rossi","2014","http://rd.springer.com/chapter/10.1007/978-3-319-08976-8_11","Chapter"
"Generalized Multi-view Unsupervised Feature Selection","Artificial Neural Networks and Machine Learning – ICANN 2018","","","","10.1007/978-3-030-01421-6_45","Yue LiuChangqing ZhangPengfei ZhuQinghua Hu","2018","http://rd.springer.com/chapter/10.1007/978-3-030-01421-6_45","Chapter"
"Detailed Estimation of Cognitive Workload with Reference to a Modern Working Environment","Biomedical Engineering Systems and Technologies","","","","10.1007/978-3-319-54717-6_12","Timm HörmannMarc HessePeter ChristMichael AdamsChristian MenßenUlrich Rückert","2017","http://rd.springer.com/chapter/10.1007/978-3-319-54717-6_12","Chapter"
"A Hybrid System of Deep Learning and Learning Classifier System for Database Intrusion Detection","Hybrid Artificial Intelligent Systems","","","","10.1007/978-3-319-59650-1_52","Seok-Jun BuSung-Bae Cho","2017","http://rd.springer.com/chapter/10.1007/978-3-319-59650-1_52","Chapter"
"Thyroid Nodule Classification Using Hierarchical Recurrent Neural Network with Multiple Ultrasound Reports","Neural Information Processing","","","","10.1007/978-3-319-70139-4_77","Dehua ChenCheng ShiMei WangQiao Pan","2017","http://rd.springer.com/chapter/10.1007/978-3-319-70139-4_77","Chapter"
"Real-Time Emotion Recognition: An Improved Hybrid Approach for Classification Performance","Intelligent Computing Theory","","","","10.1007/978-3-319-09333-8_35","Claudio LoconsoleDomenico ChiaradiaVitoantonio BevilacquaAntonio Frisoli","2014","http://rd.springer.com/chapter/10.1007/978-3-319-09333-8_35","Chapter"
"A Model for Hour-Wise Prediction of Mobile Device Energy Availability","Information Technology - New Generations","","","","10.1007/978-3-319-77028-4_47","Mathias LongoCristian MateosAlejandro Zunino","2018","http://rd.springer.com/chapter/10.1007/978-3-319-77028-4_47","Chapter"
"Feature Selection Issues in Long-Term Travel Time Prediction","Advances in Intelligent Data Analysis XV","","","","10.1007/978-3-319-46349-0_9","Syed Murtaza HassanLuis Moreira-MatiasJihed KhiariOded Cats","2016","http://rd.springer.com/chapter/10.1007/978-3-319-46349-0_9","Chapter"
"Building a Vietnamese SentiWordNet Using Vietnamese Electronic Dictionary and String Kernel","Knowledge Management and Acquisition for Smart Systems and Services","","","","10.1007/978-3-319-13332-4_18","Xuan-Son VuHyun-Je SongSeong-Bae Park","2014","http://rd.springer.com/chapter/10.1007/978-3-319-13332-4_18","Chapter"
"Automatic Leaf Recognition Based on Deep Convolutional Networks","Neural Information Processing","","","","10.1007/978-3-319-70090-8_52","Huisi WuYongkui XiangJingjing LiuZhenkun Wen","2017","http://rd.springer.com/chapter/10.1007/978-3-319-70090-8_52","Chapter"
"The Sample Selection Model Based on Improved Autoencoder for the Online Questionnaire Investigation","Neural Information Processing","","","","10.1007/978-3-319-70087-8_19","Yijie PangShaochun WuHonghao Zhu","2017","http://rd.springer.com/chapter/10.1007/978-3-319-70087-8_19","Chapter"
"Detection of Malicious Executables Using Static and Dynamic Features of Portable Executable (PE) File","Security, Privacy and Anonymity in Computation, Communication and Storage","","","","10.1007/978-3-319-49145-5_6","Saba AwanNazar Abbas Saqib","2016","http://rd.springer.com/chapter/10.1007/978-3-319-49145-5_6","Chapter"
"Speaker Verification on Unbalanced Data with Genetic Programming","Applications of Evolutionary Computation","","","","10.1007/978-3-319-31204-0_47","Róisín LoughranAlexandros AgapitosAhmed KattanAnthony BrabazonMichael O’Neill","2016","http://rd.springer.com/chapter/10.1007/978-3-319-31204-0_47","Chapter"
"A Deep Learning Network for Exploiting Positional Information in Nucleosome Related Sequences","Bioinformatics and Biomedical Engineering","","","","10.1007/978-3-319-56154-7_47","Mattia Antonino Di GangiSalvatore GaglioClaudio La BuaGiosué Lo BoscoRiccardo Rizzo","2017","http://rd.springer.com/chapter/10.1007/978-3-319-56154-7_47","Chapter"
"Crawling by Readability Level","Computational Processing of the Portuguese Language","","","","10.1007/978-3-319-41552-9_31","Jorge A. Wagner FilhoRodrigo WilkensLeonardo ZilioMarco IdiartAline Villavicencio","2016","http://rd.springer.com/chapter/10.1007/978-3-319-41552-9_31","Chapter"
"Learning Shape Analysis","Static Analysis","","","","10.1007/978-3-319-66706-5_4","Marc BrockschmidtYuxin ChenPushmeet KohliSiddharth KrishnaDaniel Tarlow","2017","http://rd.springer.com/chapter/10.1007/978-3-319-66706-5_4","Chapter"
"Gender Classification Based on Deep Learning","Big Data and Visual Analytics","","","","10.1007/978-3-319-63917-8_3","Dhiraj GharanaSang C. SuhMingon Kang","2017","http://rd.springer.com/chapter/10.1007/978-3-319-63917-8_3","Chapter"
"Evaluating Novel Features for Aggressive Language Detection","Speech and Computer","","","","10.1007/978-3-319-99579-3_60","Tina SchuhStephan Dreiseitl","2018","http://rd.springer.com/chapter/10.1007/978-3-319-99579-3_60","Chapter"
"Chinese Named Entity Recognition Based on B-LSTM Neural Network with Additional Features","Security, Privacy, and Anonymity in Computation, Communication, and Storage","","","","10.1007/978-3-319-72389-1_22","Liubo OuyangYuan TianHui TangBoyun Zhang","2017","http://rd.springer.com/chapter/10.1007/978-3-319-72389-1_22","Chapter"
"New Fast Algorithm for the Dynamic Signature Verification Using Global Features Values","Artificial Intelligence and Soft Computing","","","","10.1007/978-3-319-19369-4_17","Marcin ZalasińskiKrzysztof CpałkaYoichi Hayashi","2015","http://rd.springer.com/chapter/10.1007/978-3-319-19369-4_17","Chapter"
"Opponent Classification in Robot Soccer","Current Approaches in Applied Artificial Intelligence","","","","10.1007/978-3-319-19066-2_46","Asma S. LarikSajjad Haider","2015","http://rd.springer.com/chapter/10.1007/978-3-319-19066-2_46","Chapter"
"Why CP Portfolio Solvers Are (under)Utilized? Issues and Challenges","Logic-Based Program Synthesis and Transformation","","","","10.1007/978-3-319-27436-2_21","Roberto AmadiniMaurizio GabbrielliJacopo Mauro","2015","http://rd.springer.com/chapter/10.1007/978-3-319-27436-2_21","Chapter"
"Connecting Targets to Tweets: Semantic Attention-Based Model for Target-Specific Stance Detection","Web Information Systems Engineering – WISE 2017","","","","10.1007/978-3-319-68783-4_2","Yiwei ZhouAlexandra I. CristeaLei Shi","2017","http://rd.springer.com/chapter/10.1007/978-3-319-68783-4_2","Chapter"
"A Machine Learning Approach to Pronominal Anaphora Resolution in Dialogue Based Intelligent Tutoring Systems","Computational Linguistics and Intelligent Text Processing","","","","10.1007/978-3-642-54906-9_25","Nobal B. NiraulaVasile Rus","2014","http://rd.springer.com/chapter/10.1007/978-3-642-54906-9_25","Chapter"
"Privacy-aware Wrappers","Advances in Artificial Intelligence","","","","10.1007/978-3-319-18356-5_12","Yasser JaferStan MatwinMarina Sokolova","2015","http://rd.springer.com/chapter/10.1007/978-3-319-18356-5_12","Chapter"
"On Different Colour Spaces for Medical Colour Image Classification","Computer Analysis of Images and Patterns","","","","10.1007/978-3-319-23192-1_40","Cecilia Di RubertoGiuseppe FoddeLorenzo Putzu","2015","http://rd.springer.com/chapter/10.1007/978-3-319-23192-1_40","Chapter"
"Person Re-identification Based on Part Feature Specificity","Computational Intelligence and Intelligent Systems","","","","10.1007/978-981-10-0356-1_22","Dengyi ZhangQian WangXiaoping WuYu Cao","2016","http://rd.springer.com/chapter/10.1007/978-981-10-0356-1_22","Chapter"
"AMD Classification in Choroidal OCT Using Hierarchical Texton Mining","Advanced Concepts for Intelligent Vision Systems","","","","10.1007/978-3-319-70353-4_21","Dafydd RavenscroftJingjing DengXianghua XieLouise TerryTom H. MargrainRachel V. NorthAshley Wood","2017","http://rd.springer.com/chapter/10.1007/978-3-319-70353-4_21","Chapter"
"A Short Review on Deep Learning for Entity Recognition","Future Data and Security Engineering","","","","10.1007/978-3-030-03192-3_20","Hien T. NguyenThuan Quoc Nguyen","2018","http://rd.springer.com/chapter/10.1007/978-3-030-03192-3_20","Chapter"
"On Deep and Shallow Neural Networks in Speech Recognition from Speech Spectrum","Speech and Computer","","","","10.1007/978-3-319-23132-7_37","Jan ZelinkaPetr SalajkaLuděk Müller","2015","http://rd.springer.com/chapter/10.1007/978-3-319-23132-7_37","Chapter"
"An Introduction to Data Profiling","Business Intelligence and Big Data","","","","10.1007/978-3-319-96655-7_1","Ziawasch Abedjan","2018","http://rd.springer.com/chapter/10.1007/978-3-319-96655-7_1","Chapter"
"Novel Unsupervised Features for Czech Multi-label Document Classification","Human-Inspired Computing and Its Applications","","","","10.1007/978-3-319-13647-9_8","Tomáš BrychcínPavel Král","2014","http://rd.springer.com/chapter/10.1007/978-3-319-13647-9_8","Chapter"
"SVM and RGB-D Sensor Based Gesture Recognition for UAV Control","Augmented Reality, Virtual Reality, and Computer Graphics","","","","10.1007/978-3-319-95282-6_50","Wilbert G. AguilarBryan CobeñaGuillermo RodriguezVinicio S. SalcedoBrayan Collaguazo","2018","http://rd.springer.com/chapter/10.1007/978-3-319-95282-6_50","Chapter"
"Insider Threat Detection with Deep Neural Network","Computational Science – ICCS 2018","","","","10.1007/978-3-319-93698-7_4","Fangfang YuanYanan CaoYanmin ShangYanbing LiuJianlong TanBinxing Fang","2018","http://rd.springer.com/chapter/10.1007/978-3-319-93698-7_4","Chapter"
"Facial Expression Recognition Based on Hybrid Approach","Advanced Intelligent Computing Theories and Applications","","","","10.1007/978-3-319-22053-6_33","Md. Abdul MannanAntony LamYoshinori KobayashiYoshinori Kuno","2015","http://rd.springer.com/chapter/10.1007/978-3-319-22053-6_33","Chapter"
"CloudIDEA: A Malware Defense Architecture for Cloud Data Centers","On the Move to Meaningful Internet Systems: OTM 2015 Conferences","","","","10.1007/978-3-319-26148-5_40","Andreas FischerThomas KittelBojan KolosnjajiTamas K. LengyelWaseem MandarawiHermann de MeerTilo MüllerMykola ProtsenkoHans P. ReiserBenjamin TaubmannEva Weishäupl","2015","http://rd.springer.com/chapter/10.1007/978-3-319-26148-5_40","Chapter"
"Interactive Prostate Segmentation Based on Adaptive Feature Selection and Manifold Regularization","Machine Learning in Medical Imaging","","","","10.1007/978-3-319-10581-9_33","Sang Hyun ParkYaozong GaoYinghuan ShiDinggang Shen","2014","http://rd.springer.com/chapter/10.1007/978-3-319-10581-9_33","Chapter"
"Enhancing Dependability in Big Data Analytics Enterprise Pipelines","Security, Privacy, and Anonymity in Computation, Communication, and Storage","","","","10.1007/978-3-030-05345-1_23","Hira ZahidTariq MahmoodNassar Ikram","2018","http://rd.springer.com/chapter/10.1007/978-3-030-05345-1_23","Chapter"
"An AI Planning System for Data Cleaning","Machine Learning and Knowledge Discovery in Databases","","","","10.1007/978-3-319-71273-4_29","Roberto BoselliMirko CesariniFabio MercorioMario Mezzanzanica","2017","http://rd.springer.com/chapter/10.1007/978-3-319-71273-4_29","Chapter"
"Deep Learning Approach for Arabic Named Entity Recognition","Computational Linguistics and Intelligent Text Processing","","","","10.1007/978-3-319-75477-2_31","Mourad Gridach","2018","http://rd.springer.com/chapter/10.1007/978-3-319-75477-2_31","Chapter"
"Aspect Extraction from Reviews Using Conditional Random Fields","Knowledge Engineering and Semantic Web","","","","10.1007/978-3-319-24543-0_12","Yuliya RubtsovaSergey Koshelnikov","2015","http://rd.springer.com/chapter/10.1007/978-3-319-24543-0_12","Chapter"
"VisRAID: Visualizing Remote Access for Intrusion Detection","Information Security and Privacy","","","","10.1007/978-3-319-19962-7_17","Leliel TrethowenCraig AnslowStuart MarshallIan Welch","2015","http://rd.springer.com/chapter/10.1007/978-3-319-19962-7_17","Chapter"
"Automated Volumetric Breast Density Derived by Statistical Model Approach","Breast Imaging","","","","10.1007/978-3-319-07887-8_37","Serghei MalkovAmir Pasha MahmoudzadehKarla KerlikowskeJohn Shepherd","2014","http://rd.springer.com/chapter/10.1007/978-3-319-07887-8_37","Chapter"
"Quantifying Classroom Instructor Dynamics with Computer Vision","Artificial Intelligence in Education","","","","10.1007/978-3-319-93843-1_3","Nigel BoschCaitlin MillsJeffrey D. WammesDaniel Smilek","2018","http://rd.springer.com/chapter/10.1007/978-3-319-93843-1_3","Chapter"
"Programmatic Buying Bidding Strategies with Win Rate and Winning Price Estimation in Real Time Mobile Advertising","Advances in Knowledge Discovery and Data Mining","","","","10.1007/978-3-319-06608-0_37","Xiang LiDevin Guan","2014","http://rd.springer.com/chapter/10.1007/978-3-319-06608-0_37","Chapter"
"Framework for Human Activity Recognition on Smartphones and Smartwatches","ICT Innovations 2018. Engineering and Life Sciences","","","","10.1007/978-3-030-00825-3_8","Blagoj MitrevskiViktor PetreskiMartin GjoreskiBiljana Risteska Stojkoska","2018","http://rd.springer.com/chapter/10.1007/978-3-030-00825-3_8","Chapter"
"Yet Another Ranking Function for Automatic Multiword Term Extraction","Advances in Natural Language Processing","","","","10.1007/978-3-319-10888-9_6","Juan Antonio Lossio-VenturaClement JonquetMathieu RocheMaguelonne Teisseire","2014","http://rd.springer.com/chapter/10.1007/978-3-319-10888-9_6","Chapter"
"DomainObserver: A Lightweight Solution for Detecting Malicious Domains Based on Dynamic Time Warping","Computational Science – ICCS 2018","","","","10.1007/978-3-319-93698-7_16","Guolin TanPeng ZhangQingyun LiuXinran LiuChunge Zhu","2018","http://rd.springer.com/chapter/10.1007/978-3-319-93698-7_16","Chapter"
"Artificial Intelligence for Successful Kflow","Artificial Intelligence for Knowledge Management","","","","10.1007/978-3-319-55970-4_9","Eunika Mercier-Laurent","2016","http://rd.springer.com/chapter/10.1007/978-3-319-55970-4_9","Chapter"
"A Convolutional Deep Neural Network for Coreference Resolution via Modeling Hierarchical Features","Intelligence Science and Big Data Engineering. Big Data and Machine Learning Techniques","","","","10.1007/978-3-319-23862-3_36","Xue-Feng XiGuodong ZhouFuyuan HuBao-chuan Fu","2015","http://rd.springer.com/chapter/10.1007/978-3-319-23862-3_36","Chapter"
"Classification of Stroke Patients’ Motor Imagery EEG with Autoencoders in BCI-FES Rehabilitation Training System","Neural Information Processing","","","","10.1007/978-3-319-12643-2_25","Mushangshu ChenYe LiuLiqing Zhang","2014","http://rd.springer.com/chapter/10.1007/978-3-319-12643-2_25","Chapter"
"Are Deep Learning Approaches Suitable for Natural Language Processing?","Natural Language Processing and Information Systems","","","","10.1007/978-3-319-41754-7_33","S. AlshahraniE. Kapetanios","2016","http://rd.springer.com/chapter/10.1007/978-3-319-41754-7_33","Chapter"
"Acute Stress Detection Using Recurrence Quantification Analysis of Electroencephalogram (EEG) Signals","Brain Informatics and Health","","","","10.1007/978-3-319-47103-7_25","Miaolin FanMohammad Samie TootooniRajesh Sharma SivasubramonyVladimir MiskovicPrahalada K. RaoChun-An Chou","2016","http://rd.springer.com/chapter/10.1007/978-3-319-47103-7_25","Chapter"
"A Survey on Deep Transfer Learning","Artificial Neural Networks and Machine Learning – ICANN 2018","","","","10.1007/978-3-030-01424-7_27","Chuanqi TanFuchun SunTao KongWenchang ZhangChao YangChunfang Liu","2018","http://rd.springer.com/chapter/10.1007/978-3-030-01424-7_27","Chapter"
"Health and Nutritional Status of Children: Survey, Challenges and Directions","Cognitive Computing and Information Processing","","","","10.1007/978-981-10-9059-2_10","Sangita KhareDeepa GuptaK. PrabhavathiM. G. DeepikaAmalendu Jyotishi","2018","http://rd.springer.com/chapter/10.1007/978-981-10-9059-2_10","Chapter"
"Filtering as a Tool of Diversity in Ensemble of Classifiers","Industrial Engineering, Management Science and Applications 2015","","","","10.1007/978-3-662-47200-2_81","Eva VolnaMartin KotyrbaVaclav Kocian","2015","http://rd.springer.com/chapter/10.1007/978-3-662-47200-2_81","Chapter"
"Predicting the Antigenic Variant of Human Influenza A(H3N2) Virus with a Stacked Auto-Encoder Model","Data Science","","","","10.1007/978-981-10-6388-6_25","Zhiying TanBeibei XuKenli LiTaijiao JiangYousong Peng","2017","http://rd.springer.com/chapter/10.1007/978-981-10-6388-6_25","Chapter"
"LinkedMDR: A Collective Knowledge Representation of a Heterogeneous Document Corpus","Database and Expert Systems Applications","","","","10.1007/978-3-319-64468-4_28","Nathalie CharbelChristian SallaberrySebastien LaborieGilbert TekliRichard Chbeir","2017","http://rd.springer.com/chapter/10.1007/978-3-319-64468-4_28","Chapter"
"Anaphora Resolution in Tamil Novels","Mining Intelligence and Knowledge Exploration","","","","10.1007/978-3-319-13817-6_26","A. AkilandeswariSobha Lalitha Devi","2014","http://rd.springer.com/chapter/10.1007/978-3-319-13817-6_26","Chapter"
"Further Advantages of Data Augmentation on Convolutional Neural Networks","Artificial Neural Networks and Machine Learning – ICANN 2018","","","","10.1007/978-3-030-01418-6_10","Alex Hernández-GarcíaPeter König","2018","http://rd.springer.com/chapter/10.1007/978-3-030-01418-6_10","Chapter"
"Classifying Human Blood Samples Using Characteristics of Single Molecules and Cell Structures on Microscopy Images","Computer Aided Systems Theory – EUROCAST 2015","","","","10.1007/978-3-319-27340-2_39","Daniela BorgmannSandra MayrHelene PolinLisa ObritzbergerSusanne SchallerViktoria DorferJaroslaw JacakStephan Winkler","2015","http://rd.springer.com/chapter/10.1007/978-3-319-27340-2_39","Chapter"
"Named Entities as New Features for Czech Document Classification","Computational Linguistics and Intelligent Text Processing","","","","10.1007/978-3-642-54903-8_35","Pavel Král","2014","http://rd.springer.com/chapter/10.1007/978-3-642-54903-8_35","Chapter"
"Fully-Automatic Method for Assessment of Flow-Mediated Dilation","Computer Vision and Graphics","","","","10.1007/978-3-319-46418-3_39","Bartosz ZielińskiAgata DróżdżMarzena Frołow","2016","http://rd.springer.com/chapter/10.1007/978-3-319-46418-3_39","Chapter"
"Athens Urban Soundscape (ATHUS): A Dataset for Urban Soundscape Quality Recognition","MultiMedia Modeling","","","","10.1007/978-3-030-05710-7_28","Theodoros GiannakopoulosMargarita OrfanidiStavros Perantonis","2019","http://rd.springer.com/chapter/10.1007/978-3-030-05710-7_28","Chapter"
"Automatic Security Classification with Lasso","Information Security Applications","","","","10.1007/978-3-319-31875-2_33","Paal E. EngelstadHugo HammerKyrre Wahl KongsgårdAnis YazidiNils Agne NordbottenAleksander Bai","2016","http://rd.springer.com/chapter/10.1007/978-3-319-31875-2_33","Chapter"
"Jointly Trained Convolutional Neural Networks for Online News Emotion Analysis","Web Information Systems and Applications","","","","10.1007/978-3-030-02934-0_16","Xue ZhaoYing ZhangWenya GuoXiaojie Yuan","2018","http://rd.springer.com/chapter/10.1007/978-3-030-02934-0_16","Chapter"
"Logical Vision: One-Shot Meta-Interpretive Learning from Real Images","Inductive Logic Programming","","","","10.1007/978-3-319-78090-0_4","Wang-Zhou DaiStephen MuggletonJing WenAlireza Tamaddoni-NezhadZhi-Hua Zhou","2018","http://rd.springer.com/chapter/10.1007/978-3-319-78090-0_4","Chapter"
"Transfer Learning for the Recognition of Immunogold Particles in TEM Imaging","Advances in Computational Intelligence","","","","10.1007/978-3-319-19258-1_32","Ricardo Gamelas SousaTiago EstevesSara RochaFrancisco FigueiredoJoaquim M. de SáLuís A. AlexandreJorge M. SantosLuís M. Silva","2015","http://rd.springer.com/chapter/10.1007/978-3-319-19258-1_32","Chapter"
"Acquisition of Knowledge in the Form of Fuzzy Rules for Cases Classification","Data Mining and Big Data","","","","10.1007/978-3-319-61845-6_53","Tatiana AvdeenkoEkaterina Makarova","2017","http://rd.springer.com/chapter/10.1007/978-3-319-61845-6_53","Chapter"
"Reduction Stumps for Multi-class Classification","Advances in Intelligent Data Analysis XVII","","","","10.1007/978-3-030-01768-2_19","Felix MohrMarcel WeverEyke Hüllermeier","2018","http://rd.springer.com/chapter/10.1007/978-3-030-01768-2_19","Chapter"
"Deep Learning Using EEG Data in Time and Frequency Domains for Sleep Stage Classification","Advances in Computational Intelligence","","","","10.1007/978-3-319-59153-7_12","Martí ManzanoAlberto GuillénIgnacio RojasLuis Javier Herrera","2017","http://rd.springer.com/chapter/10.1007/978-3-319-59153-7_12","Chapter"
"Adaptive Noise Schedule for Denoising Autoencoder","Neural Information Processing","","","","10.1007/978-3-319-12637-1_67","B. ChandraRajesh Kumar Sharma","2014","http://rd.springer.com/chapter/10.1007/978-3-319-12637-1_67","Chapter"
"Impact of preprocessing on medical data classification","Frontiers of Computer Science","","10","6","10.1007/s11704-016-5203-5","Sarab AlmuhaidebMohamed El Bachir Menai","2016","http://rd.springer.com/article/10.1007/s11704-016-5203-5","Article"
"Recent advances in feature selection and its applications","Knowledge and Information Systems","","53","3","10.1007/s10115-017-1059-8","Yun LiTao LiHuan Liu","2017","http://rd.springer.com/article/10.1007/s10115-017-1059-8","Article"
"Machine learning techniques for anti-money laundering (AML) solutions in suspicious transaction detection: a review","Knowledge and Information Systems","","57","2","10.1007/s10115-017-1144-z","Zhiyuan ChenLe Dinh Van KhoaEe Na TeohAmril NazirEttikan Kandasamy KaruppiahKim Sim Lam","2018","http://rd.springer.com/article/10.1007/s10115-017-1144-z","Article"
"A survey of the dendritic cell algorithm","Knowledge and Information Systems","","48","3","10.1007/s10115-015-0891-y","Zeineb ChellyZied Elouedi","2016","http://rd.springer.com/article/10.1007/s10115-015-0891-y","Article"
"A Survey of Visual Analytic Pipelines","Journal of Computer Science and Technology","","31","4","10.1007/s11390-016-1663-1","Xu-Meng WangTian-Ye ZhangYu-Xin MaJing XiaWei Chen","2016","http://rd.springer.com/article/10.1007/s11390-016-1663-1","Article"
"Deep learning applications and challenges in big data analytics","Journal of Big Data","","2","1","10.1186/s40537-014-0007-7","Maryam M NajafabadiFlavio VillanustreTaghi M KhoshgoftaarNaeem SeliyaRandall WaldEdin Muharemagic","2015","http://rd.springer.com/article/10.1186/s40537-014-0007-7","Article"
"A revised framework of machine learning application for optimal activity recognition","Cluster Computing","","","","10.1007/s10586-017-1212-x","Mohsin BilalFaisal K. ShaikhMuhammad ArifMudasser F. Wyne","2017","http://rd.springer.com/article/10.1007/s10586-017-1212-x","Article"
"A survey on sentiment analysis of scientific citations","Artificial Intelligence Review","","","","10.1007/s10462-017-9597-8","Abdallah YousifZhendong NiuJohn K. TarusArshad Ahmad","2017","http://rd.springer.com/article/10.1007/s10462-017-9597-8","Article"
"Feature selection for high-dimensional data","Progress in Artificial Intelligence","","5","2","10.1007/s13748-015-0080-y","Verónica Bolón-CanedoNoelia Sánchez-MaroñoAmparo Alonso-Betanzos","2016","http://rd.springer.com/article/10.1007/s13748-015-0080-y","Article"
"Cyber forensics framework for big data analytics in IoT environment using machine learning","Multimedia Tools and Applications","","","","10.1007/s11042-018-6338-1","Gurpal Singh ChhabraVarinder Pal SinghManinder Singh","2018","http://rd.springer.com/article/10.1007/s11042-018-6338-1","Article"
"A tree-based algorithm for attribute selection","Applied Intelligence","","48","4","10.1007/s10489-017-1008-y","José Augusto BaranauskasOscar Picchi NettoSérgio Ricardo NozawaAlessandra Alaniz Macedo","2018","http://rd.springer.com/article/10.1007/s10489-017-1008-y","Article"
"A review of automatic selection methods for machine learning algorithms and hyper-parameter values","Network Modeling Analysis in Health Informatics and Bioinformatics","","5","1","10.1007/s13721-016-0125-6","Gang Luo","2016","http://rd.springer.com/article/10.1007/s13721-016-0125-6","Article"
"Big data analytics on Apache Spark","International Journal of Data Science and Analytics","","1","3 - 4","10.1007/s41060-016-0027-9","Salman SalloumRuslan DautovXiaojun ChenPatrick Xiaogang PengJoshua Zhexue Huang","2016","http://rd.springer.com/article/10.1007/s41060-016-0027-9","Article"
"On the automatic classification of app reviews","Requirements Engineering","","21","3","10.1007/s00766-016-0251-9","Walid MaalejZijad KurtanovićHadeer NabilChristoph Stanik","2016","http://rd.springer.com/article/10.1007/s00766-016-0251-9","Article"
"A genetic algorithm based framework for software effort prediction","Journal of Software Engineering Research and Development","","5","1","10.1186/s40411-017-0037-x","Juan Murillo-MoreraChristian Quesada-LópezCarlos Castro-HerreraMarcelo Jenkins","2017","http://rd.springer.com/article/10.1186/s40411-017-0037-x","Article"
"Segmentation of blood vessels using rule-based and machine-learning-based methods: a review","Multimedia Systems","","","","10.1007/s00530-017-0580-7","Fengjun ZhaoYanrong ChenYuqing HouXiaowei He","2017","http://rd.springer.com/article/10.1007/s00530-017-0580-7","Article"
"Successes and challenges of Arabic sentiment analysis research: a literature review","Social Network Analysis and Mining","","7","1","10.1007/s13278-017-0474-x","Mazen El-MasriNabeela AltrabshehHanady Mansour","2017","http://rd.springer.com/article/10.1007/s13278-017-0474-x","Article"
"Learning in high-dimensional multimedia data: the state of the art","Multimedia Systems","","23","3","10.1007/s00530-015-0494-1","Lianli GaoJingkuan SongXingyi LiuJunming ShaoJiajun LiuJie Shao","2017","http://rd.springer.com/article/10.1007/s00530-015-0494-1","Article"
"Saliency-based selection of visual content for deep convolutional neural networks","Multimedia Tools and Applications","","","","10.1007/s11042-018-6515-2","A. Montoya ObesoJ. Benois-PineauM. S. García VázquezA. A. Ramírez Acosta","2018","http://rd.springer.com/article/10.1007/s11042-018-6515-2","Article"
"A machine learning approach for prediction of pregnancy outcome following IVF treatment","Neural Computing and Applications","","","","10.1007/s00521-018-3693-9","Md Rafiul HassanSadiq Al-InsaifM. Imtiaz HossainJoarder Kamruzzaman","2018","http://rd.springer.com/article/10.1007/s00521-018-3693-9","Article"
"RELIEF-MM: effective modality weighting for multimedia information retrieval","Multimedia Systems","","20","4","10.1007/s00530-014-0360-6","Turgay YilmazAdnan YaziciMasaru Kitsuregawa","2014","http://rd.springer.com/article/10.1007/s00530-014-0360-6","Article"
"Feature selection generating directed rough-spanning tree for crime pattern analysis","Neural Computing and Applications","","","","10.1007/s00521-018-3880-8","Priyanka DasAsit Kumar DasJanmenjoy Nayak","2018","http://rd.springer.com/article/10.1007/s00521-018-3880-8","Article"
"Computational methods for pigmented skin lesion classification in images: review and future trends","Neural Computing and Applications","","29","3","10.1007/s00521-016-2482-6","Roberta B. OliveiraJoão P. PapaAledir S. PereiraJoão Manuel R. S. Tavares","2018","http://rd.springer.com/article/10.1007/s00521-016-2482-6","Article"
"Big Data Reduction Methods: A Survey","Data Science and Engineering","","1","4","10.1007/s41019-016-0022-0","Muhammad Habib ur RehmanChee Sun LiewAssad AbbasPrem Prakash JayaramanTeh Ying WahSamee U. Khan","2016","http://rd.springer.com/article/10.1007/s41019-016-0022-0","Article"
"A survey of open source tools for machine learning with big data in the Hadoop ecosystem","Journal of Big Data","","2","1","10.1186/s40537-015-0032-1","Sara LandsetTaghi M. KhoshgoftaarAaron N. RichterTawfiq Hasanin","2015","http://rd.springer.com/article/10.1186/s40537-015-0032-1","Article"
"Social media analytics: a survey of techniques, tools and platforms","AI & SOCIETY","","30","1","10.1007/s00146-014-0549-4","Bogdan BatrincaPhilip C. Treleaven","2015","http://rd.springer.com/article/10.1007/s00146-014-0549-4","Article"
"Learning-Assisted Automated Reasoning with Flyspeck","Journal of Automated Reasoning","","53","2","10.1007/s10817-014-9303-3","Cezary KaliszykJosef Urban","2014","http://rd.springer.com/article/10.1007/s10817-014-9303-3","Article"
"Machine Learning and Mobile Health Monitoring Platforms: A Case Study on Research and Implementation Challenges","Journal of Healthcare Informatics Research","","2","1 - 2","10.1007/s41666-018-0021-1","Omar BoursalieReza SamaviThomas E. Doyle","2018","http://rd.springer.com/article/10.1007/s41666-018-0021-1","Article"
"Pose-robust feature learning for facial expression recognition","Frontiers of Computer Science","","10","5","10.1007/s11704-015-5323-3","Feifei ZhangYongbin YuQirong MaoJianping GouYongzhao Zhan","2016","http://rd.springer.com/article/10.1007/s11704-015-5323-3","Article"
"Anomaly detection of spectrum in wireless communication via deep auto-encoders","The Journal of Supercomputing","","73","7","10.1007/s11227-017-2017-7","Qingsong FengYabin ZhangChao LiZheng DouJin Wang","2017","http://rd.springer.com/article/10.1007/s11227-017-2017-7","Article"
"Performance analysis and improvement of machine learning algorithms for automatic modulation recognition over Rayleigh fading channels","Neural Computing and Applications","","29","9","10.1007/s00521-017-3040-6","M. A. HazarN. OdabasiogluT. EnsariY. KavurucuO. F. Sayan","2018","http://rd.springer.com/article/10.1007/s00521-017-3040-6","Article"
"Machine Learning for First-Order Theorem Proving","Journal of Automated Reasoning","","53","2","10.1007/s10817-014-9301-5","James P. BridgeSean B. HoldenLawrence C. Paulson","2014","http://rd.springer.com/article/10.1007/s10817-014-9301-5","Article"
"Audio-visual speech recognition using deep learning","Applied Intelligence","","42","4","10.1007/s10489-014-0629-7","Kuniaki NodaYuki YamaguchiKazuhiro NakadaiHiroshi G. OkunoTetsuya Ogata","2015","http://rd.springer.com/article/10.1007/s10489-014-0629-7","Article"
"Automatic feature selection for supervised learning in link prediction applications: a comparative study","Knowledge and Information Systems","","56","1","10.1007/s10115-017-1121-6","Antonio PecliMaria Claudia CavalcantiRonaldo Goldschmidt","2018","http://rd.springer.com/article/10.1007/s10115-017-1121-6","Article"
"Improving deep neural network design with new text data representations","Journal of Big Data","","4","1","10.1186/s40537-017-0065-8","Joseph D. PrusaTaghi M. Khoshgoftaar","2017","http://rd.springer.com/article/10.1186/s40537-017-0065-8","Article"
"Discovering optimal features using static analysis and a genetic search based method for Android malware detection","Frontiers of Information Technology & Electronic Engineering","","19","6","10.1631/FITEE.1601491","Ahmad FirdausNor Badrul AnuarAhmad KarimMohd Faizal Ab Razak","2018","http://rd.springer.com/article/10.1631/FITEE.1601491","Article"
"Investigation of features for extraction of named entities from texts in Russian","Automatic Documentation and Mathematical Linguistics","","51","3","10.3103/S0005105517030049","V. A. MozharovaN. V. Lukashevich","2017","http://rd.springer.com/article/10.3103/S0005105517030049","Article"
"Construing the big data based on taxonomy, analytics and approaches","Iran Journal of Computer Science","","1","4","10.1007/s42044-018-0024-3","Ajeet Ram PathakManjusha PandeySiddharth Rautaray","2018","http://rd.springer.com/article/10.1007/s42044-018-0024-3","Article"
"Diabetic retinopathy detection through artificial intelligent techniques: a review and open issues","Multimedia Tools and Applications","","","","10.1007/s11042-018-7044-8","Uzair IshtiaqSameem Abdul KareemErma Rahayu Mohd Faizal AbdullahGhulam MujtabaRashid JahangirHafiz Yasir Ghafoor","2019","http://rd.springer.com/article/10.1007/s11042-018-7044-8","Article"
"High-level software requirements and iteration changes: a predictive model","Empirical Software Engineering","","","","10.1007/s10664-018-9656-z","Kelly BlincoeAli DehghanAbdoul-Djawadou SalaouAdam NealJohan LinakerDaniela Damian","2018","http://rd.springer.com/article/10.1007/s10664-018-9656-z","Article"
"Application of feature selection methods for automated clustering analysis: a review on synthetic datasets","Neural Computing and Applications","","29","7","10.1007/s00521-017-3005-9","Aliyu Usman AhmadAndrew Starkey","2018","http://rd.springer.com/article/10.1007/s00521-017-3005-9","Article"
"Semi-supervised minimum redundancy maximum relevance feature selection for audio classification","Multimedia Tools and Applications","","77","1","10.1007/s11042-016-4287-0","Xu -Kui YangLiang HeDan QuWei-Qiang Zhang","2018","http://rd.springer.com/article/10.1007/s11042-016-4287-0","Article"
"A novel ensemble decision tree based on under-sampling and clonal selection for web spam detection","Pattern Analysis and Applications","","21","3","10.1007/s10044-017-0602-2","Xiao-Yong LuMu-Sheng ChenJheng-Long WuPei-Chan ChangMeng-Hui Chen","2018","http://rd.springer.com/article/10.1007/s10044-017-0602-2","Article"
"The Clinical Data Intelligence Project","Informatik-Spektrum","","39","4","10.1007/s00287-015-0913-x","Daniel SonntagVolker TrespSonja ZillnerAlexander CavallaroMatthias HammonAndré ReisPeter A. FaschingMartin SedlmayrThomas GanslandtHans-Ulrich ProkoschKlemens BuddeDanilo SchmidtCarl HinrichsThomas WittenbergPhilipp DaumkePatricia G. Oppelt","2016","http://rd.springer.com/article/10.1007/s00287-015-0913-x","Article"
"Mining volunteered geographic information for predictive energy data analytics","Energy Informatics","","1","1","10.1186/s42162-018-0009-3","Konstantin Hopf","2018","http://rd.springer.com/article/10.1186/s42162-018-0009-3","Article"
"An Intelligent System for Lung Cancer Diagnosis Using a New Genetic Algorithm Based Feature Selection Method","Journal of Medical Systems","","38","9","10.1007/s10916-014-0097-y","Chunhong LuZhaomin ZhuXiaofeng Gu","2014","http://rd.springer.com/article/10.1007/s10916-014-0097-y","Article"
"Automated bug assignment: Ensemble-based machine learning in large scale industrial contexts","Empirical Software Engineering","","21","4","10.1007/s10664-015-9401-9","Leif JonssonMarkus BorgDavid BromanKristian SandahlSigrid EldhPer Runeson","2016","http://rd.springer.com/article/10.1007/s10664-015-9401-9","Article"
"DeepSIC: a deep model","Cluster Computing","","","","10.1007/s10586-017-1010-5","Muhammad AminTamleek Ali TanveerShakirullah ShahMuhammad AbdullahMuhammad Shafi","2017","http://rd.springer.com/article/10.1007/s10586-017-1010-5","Article"
"Learning from Network Device Statistics","Journal of Network and Systems Management","","25","4","10.1007/s10922-017-9426-z","Rolf StadlerRafael PasquiniViktoria Fodor","2017","http://rd.springer.com/article/10.1007/s10922-017-9426-z","Article"
"Different Approaches to Assessing the Quality of Explanations Following a Multiple-Document Inquiry Activity in Science","International Journal of Artificial Intelligence in Education","","27","4","10.1007/s40593-017-0138-z","Jennifer WileyPeter HastingsDylan BlaumAllison J. JaegerSimon HughesPatricia WallaceThomas D. GriffinM. Anne Britt","2017","http://rd.springer.com/article/10.1007/s40593-017-0138-z","Article"
"The effects of varying class distribution on learner behavior for medicare fraud detection with imbalanced big data","Health Information Science and Systems","","6","1","10.1007/s13755-018-0051-3","Richard A. BauderTaghi M. Khoshgoftaar","2018","http://rd.springer.com/article/10.1007/s13755-018-0051-3","Article"
"A Data Mining Framework for Glaucoma Decision Support Based on Optic Nerve Image Analysis Using Machine Learning Methods","Journal of Healthcare Informatics Research","","2","4","10.1007/s41666-018-0028-7","Syed S. R. AbidiPatrice C. RoyMuhammad S. ShahJin YuSanjun Yan","2018","http://rd.springer.com/article/10.1007/s41666-018-0028-7","Article"
"Automatic translation memory cleaning","Machine Translation","","31","3","10.1007/s10590-017-9191-5","Matteo NegriDuygu AtamanMasoud Jalili SabetMarco TurchiMarcello Federico","2017","http://rd.springer.com/article/10.1007/s10590-017-9191-5","Article"
"Feature selection using decision trees in the problem of JSM classification","Automatic Documentation and Mathematical Linguistics","","48","1","10.3103/S000510551401004X","I. B. Yashkov","2014","http://rd.springer.com/article/10.3103/S000510551401004X","Article"
"Tuberculosis (TB) detection system using deep neural networks","Neural Computing and Applications","","","","10.1007/s00521-018-3564-4","R. Dinesh Jackson SamuelB. Rajesh Kanna","2018","http://rd.springer.com/article/10.1007/s00521-018-3564-4","Article"
"Accurate classification of socially generated medical discourse","International Journal of Data Science and Analytics","","","","10.1007/s41060-018-0128-8","Rana AlnashwanHumphrey SorensenAdrian O’RiordanCathal Hoare","2018","http://rd.springer.com/article/10.1007/s41060-018-0128-8","Article"
"Classification of melanoma from Dermoscopic data using machine learning techniques","Multimedia Tools and Applications","","","","10.1007/s11042-018-6927-z","Bethanney Janney.JS.Emalda Roslin","2018","http://rd.springer.com/article/10.1007/s11042-018-6927-z","Article"
"An intensive case study on kernel-based relation extraction","Multimedia Tools and Applications","","71","2","10.1007/s11042-013-1380-5","Sung-Pil ChoiSeungwoo LeeHanmin JungSa-kwang Song","2014","http://rd.springer.com/article/10.1007/s11042-013-1380-5","Article"
"An efficient FMRI classification technique in cloud using multiple parallel feature selection algorithm","Cluster Computing","","","","10.1007/s10586-017-1509-9","M. Pachhaiammal@PriyaS. P. Rajagopalan","2018","http://rd.springer.com/article/10.1007/s10586-017-1509-9","Article"
"Automatic detection of microaneurysms in colour fundus images for diabetic retinopathy screening","Neural Computing and Applications","","27","5","10.1007/s00521-015-1929-5","Sarni Suhaila RahimChrisina JayneVasile PaladeJames Shuttleworth","2016","http://rd.springer.com/article/10.1007/s00521-015-1929-5","Article"
"Interactive knowledge discovery with the doctor-in-the-loop: a practical example of cerebral aneurysms research","Brain Informatics","","3","3","10.1007/s40708-016-0038-2","Dominic GirardiJosef KüngRaimund KleiserMichael SonnbergerDoris CsillagJohannes TrenklerAndreas Holzinger","2016","http://rd.springer.com/article/10.1007/s40708-016-0038-2","Article"
"A survey on software fault detection based on different prediction approaches","Vietnam Journal of Computer Science","","1","2","10.1007/s40595-013-0008-z","Golnoush AbaeiAli Selamat","2014","http://rd.springer.com/article/10.1007/s40595-013-0008-z","Article"
"Malware detection based on deep learning algorithm","Neural Computing and Applications","","","","10.1007/s00521-017-3077-6","Ding YuxinZhu Siyi","2017","http://rd.springer.com/article/10.1007/s00521-017-3077-6","Article"
"The joint use of sequence features combination and modified weighted SVM for improving daily activity recognition","Pattern Analysis and Applications","","21","1","10.1007/s10044-016-0570-y","Bilal M’hamed AbidineLamya FerganiBelkacem FerganiMourad Oussalah","2018","http://rd.springer.com/article/10.1007/s10044-016-0570-y","Article"
"Generating automatically labeled data for author name disambiguation: an iterative clustering method","Scientometrics","","","","10.1007/s11192-018-2968-3","Jinseok KimJinmo KimJason Owen-Smith","2018","http://rd.springer.com/article/10.1007/s11192-018-2968-3","Article"
"A survey of malware behavior description and analysis","Frontiers of Information Technology & Electronic Engineering","","19","5","10.1631/FITEE.1601745","Bo YuYing FangQiang YangYong TangLiu Liu","2018","http://rd.springer.com/article/10.1631/FITEE.1601745","Article"
"Iterative tighter nonparallel hyperplane support vector clustering with simultaneous feature selection","Cluster Computing","","","","10.1007/s10586-017-1587-8","Jiayan FangQiao LiuZhiguang Qin","2017","http://rd.springer.com/article/10.1007/s10586-017-1587-8","Article"
"MaLeS: A Framework for Automatic Tuning of Automated Theorem Provers","Journal of Automated Reasoning","","55","2","10.1007/s10817-015-9329-1","Daniel KühlweinJosef Urban","2015","http://rd.springer.com/article/10.1007/s10817-015-9329-1","Article"
"Beyond Manual Tuning of Hyperparameters","KI - Künstliche Intelligenz","","29","4","10.1007/s13218-015-0381-0","Frank HutterJörg LückeLars Schmidt-Thieme","2015","http://rd.springer.com/article/10.1007/s13218-015-0381-0","Article"
"EEG data analysis with stacked differentiable neural computers","Neural Computing and Applications","","","","10.1007/s00521-018-3879-1","Yurui MingDanilo PelusiChieh-Ning FangMukesh PrasadYu-Kai WangDongrui WuChin-Teng Lin","2018","http://rd.springer.com/article/10.1007/s00521-018-3879-1","Article"
"A review of feature selection methods based on mutual information","Neural Computing and Applications","","24","1","10.1007/s00521-013-1368-0","Jorge R. VergaraPablo A. Estévez","2014","http://rd.springer.com/article/10.1007/s00521-013-1368-0","Article"
"DeepPatent: patent classification with convolutional neural networks and word embedding","Scientometrics","","117","2","10.1007/s11192-018-2905-5","Shaobo LiJie HuYuxin CuiJianjun Hu","2018","http://rd.springer.com/article/10.1007/s11192-018-2905-5","Article"
"Using hybrid algorithmic-crowdsourcing methods for academic knowledge acquisition","Cluster Computing","","20","4","10.1007/s10586-017-1089-8","Zhaoan DongJiaheng LuTok Wang LingJu FanYueguo Chen","2017","http://rd.springer.com/article/10.1007/s10586-017-1089-8","Article"
"Tradeoffs in modeling performance of highly configurable software systems","Software & Systems Modeling","","","","10.1007/s10270-018-0662-9","Sergiy KolesnikovNorbert SiegmundChristian KästnerAlexander GrebhahnSven Apel","2018","http://rd.springer.com/article/10.1007/s10270-018-0662-9","Article"
"Reliable Feature Selection for Automated Angle Closure Glaucoma Mechanism Detection","Journal of Medical Systems","","39","3","10.1007/s10916-015-0199-1","S. Issac NiwasWeisi LinXiaolong BaiChee Keong KwohChelvin C. SngM. Cecilia AquinoP. T. K. Chew","2015","http://rd.springer.com/article/10.1007/s10916-015-0199-1","Article"
"Direct conditional probability density estimation with sparse feature selection","Machine Learning","","100","2 - 3","10.1007/s10994-014-5472-x","Motoki ShigaVoot TangkarattMasashi Sugiyama","2015","http://rd.springer.com/article/10.1007/s10994-014-5472-x","Article"
"Efficient disease detection in gastrointestinal videos – global features versus neural networks","Multimedia Tools and Applications","","76","21","10.1007/s11042-017-4989-y","Konstantin PogorelovMichael RieglerSigrun Losada EskelandThomas de LangeDag JohansenCarsten GriwodzPeter Thelin SchmidtPål Halvorsen","2017","http://rd.springer.com/article/10.1007/s11042-017-4989-y","Article"
"A framework for retinal vessel segmentation from fundus images using hybrid feature set and hierarchical classification","Signal, Image and Video Processing","","","","10.1007/s11760-018-1366-x","Sunder Ali KhowajaParus KhuwajaImdad Ali Ismaili","2018","http://rd.springer.com/article/10.1007/s11760-018-1366-x","Article"
"Brain MRI analysis for Alzheimer’s disease diagnosis using an ensemble system of deep convolutional neural networks","Brain Informatics","","5","2","10.1186/s40708-018-0080-3","Jyoti IslamYanqing Zhang","2018","http://rd.springer.com/article/10.1186/s40708-018-0080-3","Article"
"A machine learning attack against variable-length Chinese character CAPTCHAs","Applied Intelligence","","","","10.1007/s10489-018-1342-8","Xing WuShuji DaiYike GuoHamido Fujita","2018","http://rd.springer.com/article/10.1007/s10489-018-1342-8","Article"
"A novel ensemble-based wrapper method for feature selection using extreme learning machine and genetic algorithm","Knowledge and Information Systems","","57","2","10.1007/s10115-017-1131-4","Xiaowei XueMin YaoZhaohui Wu","2018","http://rd.springer.com/article/10.1007/s10115-017-1131-4","Article"
"Regularized feature selection in reinforcement learning","Machine Learning","","100","2 - 3","10.1007/s10994-015-5518-8","Dean S. WookeyGeorge D. Konidaris","2015","http://rd.springer.com/article/10.1007/s10994-015-5518-8","Article"
"A framework for increasing the value of predictive data-driven models by enriching problem domain characterization with novel features","Neural Computing and Applications","","28","6","10.1007/s00521-015-2157-8","Sérgio MoroPaulo CortezPaulo Rita","2017","http://rd.springer.com/article/10.1007/s00521-015-2157-8","Article"
"Multi-view ensemble learning: an optimal feature set partitioning for high-dimensional data classification","Knowledge and Information Systems","","49","1","10.1007/s10115-015-0875-y","Vipin KumarSonajharia Minz","2016","http://rd.springer.com/article/10.1007/s10115-015-0875-y","Article"
"Inference of node attributes from social network assortativity","Neural Computing and Applications","","","","10.1007/s00521-018-03967-z","Dounia MuldersCyril de BodtJohannes BjellandAlex PentlandMichel VerleysenYves-Alexandre de Montjoye","2019","http://rd.springer.com/article/10.1007/s00521-018-03967-z","Article"
"Diabetes prediction in healthcare systems using machine learning algorithms on Hadoop cluster","Cluster Computing","","","","10.1007/s10586-017-1532-x","N. YuvarajK. R. SriPreethaa","2017","http://rd.springer.com/article/10.1007/s10586-017-1532-x","Article"
"Automatic screening and classification of diabetic retinopathy and maculopathy using fuzzy image processing","Brain Informatics","","3","4","10.1007/s40708-016-0045-3","Sarni Suhaila RahimVasile PaladeJames ShuttleworthChrisina Jayne","2016","http://rd.springer.com/article/10.1007/s40708-016-0045-3","Article"
"DeeptransMap: a considerably deep transmission estimation network for single image dehazing","Multimedia Tools and Applications","","","","10.1007/s11042-018-6536-x","Jing HuangWen JiangLin LiYuanqiao WenGaojing Zhou","2018","http://rd.springer.com/article/10.1007/s11042-018-6536-x","Article"
"Structural feature-based evaluation method of binarization techniques for word retrieval in the degraded Arabic document images","International Journal on Document Analysis and Recognition (IJDAR)","","19","1","10.1007/s10032-015-0254-y","Toufik SariAbderrahmane KefaliHalima Bahi","2016","http://rd.springer.com/article/10.1007/s10032-015-0254-y","Article"
"Concept drift over geological times: predictive modeling baselines for analyzing the mammalian fossil record","Data Mining and Knowledge Discovery","","","","10.1007/s10618-018-0606-6","Indrė Žliobaitė","2018","http://rd.springer.com/article/10.1007/s10618-018-0606-6","Article"
"Recognizing cited facts and principles in legal judgements","Artificial Intelligence and Law","","25","1","10.1007/s10506-017-9197-6","Olga ShulayevaAdvaith SiddharthanAdam Wyner","2017","http://rd.springer.com/article/10.1007/s10506-017-9197-6","Article"
"A deep learning approach for Parkinson’s disease diagnosis from EEG signals","Neural Computing and Applications","","","","10.1007/s00521-018-3689-5","Shu Lih OhYuki HagiwaraU. RaghavendraRajamanickam YuvarajN. ArunkumarM. MurugappanU. Rajendra Acharya","2018","http://rd.springer.com/article/10.1007/s00521-018-3689-5","Article"
"Chinese materia medica resource images screening method study","Multimedia Tools and Applications","","77","17","10.1007/s11042-017-5501-4","Xiaobo ZhangZhanquan SunZhao Li","2018","http://rd.springer.com/article/10.1007/s11042-017-5501-4","Article"
"Automated recognition of lung diseases in CT images based on the optimum-path forest classifier","Neural Computing and Applications","","","","10.1007/s00521-017-3048-y","Pedro P. Rebouças FilhoAntônio C. da Silva BarrosGeraldo L. B. RamalhoClayton R. PereiraJoão Paulo PapaVictor Hugo C. de AlbuquerqueJoão Manuel R. S. Tavares","2017","http://rd.springer.com/article/10.1007/s00521-017-3048-y","Article"
"An adaptive mechanism for Moodle based on automatic detection of learning styles","Education and Information Technologies","","23","3","10.1007/s10639-017-9663-5","Ioannis KaragiannisMaya Satratzemi","2018","http://rd.springer.com/article/10.1007/s10639-017-9663-5","Article"
"Detection of event-related potentials in individual subjects using support vector machines","Brain Informatics","","2","1","10.1007/s40708-014-0006-7","Hossein ParvarLauren Sculthorpe-PetleyJason SatelRober BoshraRyan C. N. D’ArcyThomas P. Trappenberg","2015","http://rd.springer.com/article/10.1007/s40708-014-0006-7","Article"
"WCP-RNN: a novel RNN-based approach for Bio-NER in Chinese EMRs","The Journal of Supercomputing","","","","10.1007/s11227-017-2229-x","Jianqiang LiShenhe ZhaoJijiang YangZhisheng HuangBo LiuShi ChenHui PanQing Wang","2018","http://rd.springer.com/article/10.1007/s11227-017-2229-x","Article"
"Taxonomy-aware collaborative denoising autoencoder for personalized recommendation","Applied Intelligence","","","","10.1007/s10489-018-1378-9","Chunhong ZhangTiantian LiZhibin RenZheng HuYang Ji","2019","http://rd.springer.com/article/10.1007/s10489-018-1378-9","Article"
"3D shape retrieval and classification using multiple kernel learning on extended Reeb graphs","The Visual Computer","","30","11","10.1007/s00371-014-0926-5","Vincent BarraSilvia Biasotti","2014","http://rd.springer.com/article/10.1007/s00371-014-0926-5","Article"
"Pointwise and pairwise clothing annotation: combining features from social media","Multimedia Tools and Applications","","75","7","10.1007/s11042-015-3087-2","Keiller NogueiraAdriano Alonso VelosoJefersson Alex dos Santos","2016","http://rd.springer.com/article/10.1007/s11042-015-3087-2","Article"
"Age invariant face recognition: a survey on facial aging databases, techniques and effect of aging","Artificial Intelligence Review","","","","10.1007/s10462-018-9661-z","Manisha M. SawantKishor M. Bhurchandi","2018","http://rd.springer.com/article/10.1007/s10462-018-9661-z","Article"
"Alcoholism identification via convolutional neural network based on parametric ReLU, dropout, and batch normalization","Neural Computing and Applications","","","","10.1007/s00521-018-3924-0","Shui-Hua WangKhan MuhammadJin HongArun Kumar SangaiahYu-Dong Zhang","2018","http://rd.springer.com/article/10.1007/s00521-018-3924-0","Article"
"Predicting future personal life events on twitter via recurrent neural networks","Journal of Intelligent Information Systems","","","","10.1007/s10844-018-0519-2","Maryam KhodabakhshMohsen KahaniEbrahim Bagheri","2018","http://rd.springer.com/article/10.1007/s10844-018-0519-2","Article"