Item Title,Publication Title,Book Series Title,Journal Volume,Journal Issue,Item DOI,Authors,Publication Year,URL,Content Type
"Marginal Space Deep Learning: Efficient Architecture for Detection in Volumetric Image Data","Medical Image Computing and Computer-Assisted Intervention -- MICCAI 2015","","","","10.1007/978-3-319-24553-9_87","Florin C. GhesuBogdan GeorgescuYefeng ZhengJoachim HorneggerDorin Comaniciu","2015","http://rd.springer.com/chapter/10.1007/978-3-319-24553-9_87","Chapter"
"Audio-Video Based Multimodal Emotion Recognition Using SVMs and Deep Learning","Pattern Recognition","","","","10.1007/978-981-10-3005-5_51","Bo SunQihua XuJun HeLejun YuLiandong LiQinglan Wei","2016","http://rd.springer.com/chapter/10.1007/978-981-10-3005-5_51","Chapter"
"Progressive Neural Architecture Search","Computer Vision – ECCV 2018","","","","10.1007/978-3-030-01246-5_2","Chenxi LiuBarret ZophMaxim NeumannJonathon ShlensWei HuaLi-Jia LiLi Fei-FeiAlan YuilleJonathan HuangKevin Murphy","2018","http://rd.springer.com/chapter/10.1007/978-3-030-01246-5_2","Chapter"
"DPP-Net: Device-Aware Progressive Search for Pareto-Optimal Neural Architectures","Computer Vision – ECCV 2018","","","","10.1007/978-3-030-01252-6_32","Jin-Dong DongAn-Chieh ChengDa-Cheng JuanWei WeiMin Sun","2018","http://rd.springer.com/chapter/10.1007/978-3-030-01252-6_32","Chapter"
"Object Detection and Viewpoint Estimation with Auto-masking Neural Network","Computer Vision – ECCV 2014","","","","10.1007/978-3-319-10578-9_29","Linjie YangJianzhuang LiuXiaoou Tang","2014","http://rd.springer.com/chapter/10.1007/978-3-319-10578-9_29","Chapter"
"Aerial Image Semantic Segmentation Using Neural Search Network Architecture","Multi-disciplinary Trends in Artificial Intelligence","","","","10.1007/978-3-030-03014-8_10","Duc-Thinh BuiTrong-Dat TranThi-Thuy NguyenQuoc-Long TranDo-Van Nguyen","2018","http://rd.springer.com/chapter/10.1007/978-3-030-03014-8_10","Chapter"
"VIRET Tool Meets NasNet","MultiMedia Modeling","","","","10.1007/978-3-030-05716-9_52","Jakub LokočGregor KovalčíkTomáš SoučekJaroslav MoravecJan BodnárPřemysl Čech","2019","http://rd.springer.com/chapter/10.1007/978-3-030-05716-9_52","Chapter"
"AMC: AutoML for Model Compression and Acceleration on Mobile Devices","Computer Vision – ECCV 2018","","","","10.1007/978-3-030-01234-2_48","Yihui HeJi LinZhijian LiuHanrui WangLi-Jia LiSong Han","2018","http://rd.springer.com/chapter/10.1007/978-3-030-01234-2_48","Chapter"
"Dynamic Task Prioritization for Multitask Learning","Computer Vision – ECCV 2018","","","","10.1007/978-3-030-01270-0_17","Michelle GuoAlbert HaqueDe-An HuangSerena YeungLi Fei-Fei","2018","http://rd.springer.com/chapter/10.1007/978-3-030-01270-0_17","Chapter"
"Improve the Performance of Transfer Learning Without Fine-Tuning Using Dissimilarity-Based Multi-view Learning for Breast Cancer Histology Images","Image Analysis and Recognition","","","","10.1007/978-3-319-93000-8_88","Hongliu CaoSimon BernardLaurent HeutteRobert Sabourin","2018","http://rd.springer.com/chapter/10.1007/978-3-319-93000-8_88","Chapter"
"A New Recurrent Neural Network with Fewer Neurons for Quadratic Programming Problems","Computational Intelligence and Intelligent Systems","","","","10.1007/978-981-13-1648-7_1","Sanfeng ChenXin HanFei TangGuangming Lin","2018","http://rd.springer.com/chapter/10.1007/978-981-13-1648-7_1","Chapter"
"Bacterial Foraging Algorithm Based on Reinforcement Learning for Continuous Optimizations","Computational Intelligence and Intelligent Systems","","","","10.1007/978-981-13-1648-7_4","Huiyan JiangWanpeng DongLianbo MaRui Wang","2018","http://rd.springer.com/chapter/10.1007/978-981-13-1648-7_4","Chapter"
"Ontology Sparse Vector Learning Algorithm","Computational Intelligence and Intelligent Systems","","","","10.1007/978-981-13-1648-7_3","Xin Xin HuangShu Gong","2018","http://rd.springer.com/chapter/10.1007/978-981-13-1648-7_3","Chapter"
"A Novel Attribute Reduction Approach Based on Improved Attribute Significance","Computational Intelligence and Intelligent Systems","","","","10.1007/978-981-13-1648-7_5","Jun YeLei Wang","2018","http://rd.springer.com/chapter/10.1007/978-981-13-1648-7_5","Chapter"
"Mutual-Information-SMOTE: A Cost-Free Learning Method for Imbalanced Data Classification","Computational Intelligence and Intelligent Systems","","","","10.1007/978-981-13-1648-7_2","Ying ChenYufei ChenXianhui LiuWeidong Zhao","2018","http://rd.springer.com/chapter/10.1007/978-981-13-1648-7_2","Chapter"
"A genetic approach to automatic neural network architecture optimization","Neural Computing and Applications","","29","5","10.1007/s00521-016-2510-6","K. G. KapanovaI. DimovJ. M. Sellier","2018","http://rd.springer.com/article/10.1007/s00521-016-2510-6","Article"
"Automatic lung segmentation in low-dose chest CT scans using convolutional deep and wide network (CDWN)","Neural Computing and Applications","","","","10.1007/s00521-018-3877-3","S. Akila AgnesJ. AnithaJ. Dinesh Peter","2018","http://rd.springer.com/article/10.1007/s00521-018-3877-3","Article"