Item Title,Publication Title,Book Series Title,Journal Volume,Journal Issue,Item DOI,Authors,Publication Year,URL,Content Type
"Deep Learning Architecture Search by Neuro-Cell-Based Evolution with Function-Preserving Mutations","Machine Learning and Knowledge Discovery in Databases","","","","10.1007/978-3-030-10928-8_15","Martin Wistuba","2019","http://link.springer.com/chapter/10.1007/978-3-030-10928-8_15","Chapter"
"On the automated, evolutionary design of neural networks: past, present, and future","Neural Computing and Applications","","","","10.1007/s00521-019-04160-6","Alejandro BaldominosYago SaezPedro Isasi","2019","http://link.springer.com/article/10.1007/s00521-019-04160-6","Article"
"Coevolution of Generative Adversarial Networks","Applications of Evolutionary Computation","","","","10.1007/978-3-030-16692-2_32","Victor CostaNuno LourençoPenousal Machado","2019","http://link.springer.com/chapter/10.1007/978-3-030-16692-2_32","Chapter"
"Prediction of mechanical properties of micro-alloyed steels via neural networks learned by water wave optimization","Neural Computing and Applications","","","","10.1007/s00521-019-04149-1","Ao LiuPeng LiWeiliang SunXudong DengWeigang LiYuntao ZhaoBo Liu","2019","http://link.springer.com/article/10.1007/s00521-019-04149-1","Article"
"VIRET Tool Meets NasNet","MultiMedia Modeling","","","","10.1007/978-3-030-05716-9_52","Jakub LokočGregor KovalčíkTomáš SoučekJaroslav MoravecJan BodnárPřemysl Čech","2019","http://link.springer.com/chapter/10.1007/978-3-030-05716-9_52","Chapter"
"A review of modularization techniques in artificial neural networks","Artificial Intelligence Review","","","","10.1007/s10462-019-09706-7","Mohammed AmerTomás Maul","2019","http://link.springer.com/article/10.1007/s10462-019-09706-7","Article"
"An Axiomatic Approach to Diagnosing Neural IR Models","Advances in Information Retrieval","","","","10.1007/978-3-030-15712-8_32","Daniël RenningsFelipe MoraesClaudia Hauff","2019","http://link.springer.com/chapter/10.1007/978-3-030-15712-8_32","Chapter"
"Improving Generalization Ability of Deep Neural Networks for Visual Recognition Tasks","Computational Color Imaging","","","","10.1007/978-3-030-13940-7_1","Takayuki OkataniXing LiuMasanori Suganuma","2019","http://link.springer.com/chapter/10.1007/978-3-030-13940-7_1","Chapter"
"Inside 50,000 living rooms: an assessment of global residential ornamentation using transfer learning","EPJ Data Science","","8","1","10.1140/epjds/s13688-019-0182-z","Xi LiuClio AndrisZixuan HuangSohrab Rahimi","2019","http://link.springer.com/article/10.1140/epjds/s13688-019-0182-z","Article"