Item Title,Publication Title,Book Series Title,Journal Volume,Journal Issue,Item DOI,Authors,Publication Year,URL,Content Type
"Hyper-parameter optimization tools comparison for multiple object tracking applications","Machine Vision and Applications","","30","2","10.1007/s00138-018-0984-1","Francisco MadrigalCamille MauriceFrédéric Lerasle","2019","http://link.springer.com/article/10.1007/s00138-018-0984-1","Article"
"A novel online supervised hyperparameter tuning procedure applied to cross-company software effort estimation","Empirical Software Engineering","","","","10.1007/s10664-019-09686-w","Leandro L. Minku","2019","http://link.springer.com/article/10.1007/s10664-019-09686-w","Article"
"Heterogeneous ensemble learning with feature engineering for default prediction in peer-to-peer lending in China","World Wide Web","","","","10.1007/s11280-019-00676-y","Wei LiShuai DingHao WangYi ChenShanlin Yang","2019","http://link.springer.com/article/10.1007/s11280-019-00676-y","Article"
"Machine Learning and Deep Learning frameworks and libraries for large-scale data mining: a survey","Artificial Intelligence Review","","","","10.1007/s10462-018-09679-z","Giang NguyenStefan DlugolinskyMartin BobákViet TranÁlvaro López GarcíaIgnacio HerediaPeter MalíkLadislav Hluchý","2019","http://link.springer.com/article/10.1007/s10462-018-09679-z","Article"
"Applications of machine learning techniques in side-channel attacks: a survey","Journal of Cryptographic Engineering","","","","10.1007/s13389-019-00212-8","Benjamin HettwerStefan GehrerTim Güneysu","2019","http://link.springer.com/article/10.1007/s13389-019-00212-8","Article"
"An ensemble-based model for predicting agile software development effort","Empirical Software Engineering","","24","2","10.1007/s10664-018-9647-0","Onkar MalgondeKaushal Chari","2019","http://link.springer.com/article/10.1007/s10664-018-9647-0","Article"
"Movie genome: alleviating new item cold start in movie recommendation","User Modeling and User-Adapted Interaction","","","","10.1007/s11257-019-09221-y","Yashar DeldjooMaurizio Ferrari DacremaMihai Gabriel ConstantinHamid Eghbal-zadehStefano CeredaMarkus SchedlBogdan IonescuPaolo Cremonesi","2019","http://link.springer.com/article/10.1007/s11257-019-09221-y","Article"
"A comprehensive empirical comparison of hubness reduction in high-dimensional spaces","Knowledge and Information Systems","","59","1","10.1007/s10115-018-1205-y","Roman FeldbauerArthur Flexer","2019","http://link.springer.com/article/10.1007/s10115-018-1205-y","Article"
"$$FC^{2}$$
              
                
                  
                    F
                    
                      C
                      2
                    
                  
                
              
            : cloud-based cluster provisioning for distributed machine learning","Cluster Computing","","","","10.1007/s10586-019-02912-6","Nguyen Binh Duong Ta","2019","http://link.springer.com/article/10.1007/s10586-019-02912-6","Article"
"DENSER: deep evolutionary network structured representation","Genetic Programming and Evolvable Machines","","20","1","10.1007/s10710-018-9339-y","Filipe AssunçãoNuno LourençoPenousal MachadoBernardete Ribeiro","2019","http://link.springer.com/article/10.1007/s10710-018-9339-y","Article"
"Attention based hierarchical LSTM network for context-aware microblog sentiment classification","World Wide Web","","22","1","10.1007/s11280-018-0529-6","Shi FengYang WangLiran LiuDaling WangGe Yu","2019","http://link.springer.com/article/10.1007/s11280-018-0529-6","Article"
"Spatio-temporal neural networks for space-time data modeling and relation discovery","Knowledge and Information Systems","","","","10.1007/s10115-018-1291-x","Edouard DelasallesAli ZiatLudovic DenoyerPatrick Gallinari","2019","http://link.springer.com/article/10.1007/s10115-018-1291-x","Article"
"Survey on deep learning with class imbalance","Journal of Big Data","","6","1","10.1186/s40537-019-0192-5","Justin M. JohnsonTaghi M. Khoshgoftaar","2019","http://link.springer.com/article/10.1186/s40537-019-0192-5","Article"
"Machine Learning Nowcasting of PV Energy Using Satellite Data","Neural Processing Letters","","","","10.1007/s11063-018-09969-1","Alejandro CatalinaAlberto Torres-BarránCarlos M. AlaízJosé R. Dorronsoro","2019","http://link.springer.com/article/10.1007/s11063-018-09969-1","Article"
"Aspect-based sentiment analysis using deep networks and stochastic optimization","Neural Computing and Applications","","","","10.1007/s00521-019-04105-z","Ravindra KumarHusanbir Singh PannuAvleen Kaur Malhi","2019","http://link.springer.com/article/10.1007/s00521-019-04105-z","Article"
"Deep feature extraction and its application for hailstorm detection in a large collection of radar images","Signal, Image and Video Processing","","13","3","10.1007/s11760-018-1380-z","Iksha GurungChao PengManil MaskeyRahul Ramachandran","2019","http://link.springer.com/article/10.1007/s11760-018-1380-z","Article"
"Customer churn prediction in telecom using machine learning in big data platform","Journal of Big Data","","6","1","10.1186/s40537-019-0191-6","Abdelrahim Kasem AhmadAssef JafarKadan Aljoumaa","2019","http://link.springer.com/article/10.1186/s40537-019-0191-6","Article"
"Ontology semantic integration based on convolutional neural network","Neural Computing and Applications","","","","10.1007/s00521-019-04043-w","Yang FengLidan Fan","2019","http://link.springer.com/article/10.1007/s00521-019-04043-w","Article"
"Gated bidirectional feature pyramid network for accurate one-shot detection","Machine Vision and Applications","","","","10.1007/s00138-019-01017-9","Sanghyun WooSoonmin HwangHo-Deok JangIn So Kweon","2019","http://link.springer.com/article/10.1007/s00138-019-01017-9","Article"
"Conditional multichannel generative adversarial networks with an application to traffic signs representation learning","Progress in Artificial Intelligence","","8","1","10.1007/s13748-018-0149-5","Farzin GhorbanNarges MilaniDaniel SchugkLutz Roese-KoernerYu SuDennis MüllerAnton Kummert","2019","http://link.springer.com/article/10.1007/s13748-018-0149-5","Article"
"Fraud detection for job placement using hierarchical clusters-based deep neural networks","Applied Intelligence","","","","10.1007/s10489-019-01419-2","Jeongrae KimHan-Joon KimHyoungrae Kim","2019","http://link.springer.com/article/10.1007/s10489-019-01419-2","Article"
"A greedy feature selection algorithm for Big Data of high dimensionality","Machine Learning","","108","2","10.1007/s10994-018-5748-7","Ioannis TsamardinosGiorgos BorboudakisPavlos KatsogridakisPolyvios PratikakisVassilis Christophides","2019","http://link.springer.com/article/10.1007/s10994-018-5748-7","Article"
"Novel local restart strategies with hyper-populated ant colonies for dynamic optimization problems","Neural Computing and Applications","","31","1","10.1007/s00521-018-3638-3","Anandkumar PrakasamNickolas Savarimuthu","2019","http://link.springer.com/article/10.1007/s00521-018-3638-3","Article"
"Holarchic structures for decentralized deep learning: a performance analysis","Cluster Computing","","","","10.1007/s10586-019-02906-4","Evangelos PournarasSrivatsan YadhunathanAda Diaconescu","2019","http://link.springer.com/article/10.1007/s10586-019-02906-4","Article"
"QE-integrating framework based on Github knowledge and SVM ranking","Science China Information Sciences","","62","5","10.1007/s11432-017-9465-9","Qing HuangHuaiguang Wu","2019","http://link.springer.com/article/10.1007/s11432-017-9465-9","Article"
"Detection and classification of pulmonary nodules using deep learning and swarm intelligence","Multimedia Tools and Applications","","","","10.1007/s11042-019-7473-z","Cesar Affonso de Pinho PinheiroNadia NedjahLuiza de Macedo Mourelle","2019","http://link.springer.com/article/10.1007/s11042-019-7473-z","Article"
"Assessing and optimizing the performance impact of the just-in-time configuration parameters - a case study on PyPy","Empirical Software Engineering","","","","10.1007/s10664-019-09691-z","Yangguang LiZhen Ming (Jack) Jiang","2019","http://link.springer.com/article/10.1007/s10664-019-09691-z","Article"
"Refining Parkinson’s neurological disorder identification through deep transfer learning","Neural Computing and Applications","","","","10.1007/s00521-019-04069-0","Amina NaseerMonail RaniSaeeda NazMuhammad Imran RazzakMuhammad ImranGuandong Xu","2019","http://link.springer.com/article/10.1007/s00521-019-04069-0","Article"
"Unsupervised dimensionality reduction versus supervised regularization for classification from sparse data","Data Mining and Knowledge Discovery","","","","10.1007/s10618-019-00616-4","Jessica ClarkFoster Provost","2019","http://link.springer.com/article/10.1007/s10618-019-00616-4","Article"
"Classification of basic artistic media based on a deep convolutional approach","The Visual Computer","","","","10.1007/s00371-019-01641-6","Heekyung YangKyungha Min","2019","http://link.springer.com/article/10.1007/s00371-019-01641-6","Article"
"A new hybrid approach for intrusion detection using machine learning methods","Applied Intelligence","","","","10.1007/s10489-018-01408-x","Ünal Çavuşoğlu","2019","http://link.springer.com/article/10.1007/s10489-018-01408-x","Article"
"Deep learning architectures for land cover classification using red and near-infrared satellite images","Multimedia Tools and Applications","","","","10.1007/s11042-019-7179-2","Anju UnnikrishnanV. SowmyaK. P. Soman","2019","http://link.springer.com/article/10.1007/s11042-019-7179-2","Article"
"Recent Deep Learning Techniques, Challenges and Its Applications for Medical Healthcare System: A Review","Neural Processing Letters","","","","10.1007/s11063-018-09976-2","Saroj Kumar PandeyRekh Ram Janghel","2019","http://link.springer.com/article/10.1007/s11063-018-09976-2","Article"
"Addressing the user cold start with cross-domain collaborative filtering: exploiting item metadata in matrix factorization","User Modeling and User-Adapted Interaction","","","","10.1007/s11257-018-9217-6","Ignacio Fernández-TobíasIván CantadorPaolo TomeoVito Walter AnelliTommaso Di Noia","2019","http://link.springer.com/article/10.1007/s11257-018-9217-6","Article"
"Portfolio theorem proving and prover runtime prediction for geometry","Annals of Mathematics and Artificial Intelligence","","85","2 - 4","10.1007/s10472-018-9598-6","Mladen NikolićVesna MarinkovićZoltán KovácsPredrag Janičić","2019","http://link.springer.com/article/10.1007/s10472-018-9598-6","Article"
"Crowd density estimation in still images using multiple local features and boosting regression ensemble","Neural Computing and Applications","","","","10.1007/s00521-019-04021-2","Muhammad Shahid SaleemMuhammad Jaleed KhanKhurram KhurshidMuhammad Shehzad Hanif","2019","http://link.springer.com/article/10.1007/s00521-019-04021-2","Article"
"On the automated, evolutionary design of neural networks: past, present, and future","Neural Computing and Applications","","","","10.1007/s00521-019-04160-6","Alejandro BaldominosYago SaezPedro Isasi","2019","http://link.springer.com/article/10.1007/s00521-019-04160-6","Article"
"Applying visual domain style transfer and texture synthesis techniques to audio: insights and challenges","Neural Computing and Applications","","","","10.1007/s00521-019-04053-8","Muhammad Huzaifah bin Md ShahrinLonce Wyse","2019","http://link.springer.com/article/10.1007/s00521-019-04053-8","Article"
"Discrete semi-supervised learning for multi-label image classification and large-scale image retrieval","Multimedia Tools and Applications","","","","10.1007/s11042-019-7157-8","Lang HeLiang XieHaohao ShuShengyuan Hu","2019","http://link.springer.com/article/10.1007/s11042-019-7157-8","Article"
"Optimizing semantic LSTM for spam detection","International Journal of Information Technology","","11","2","10.1007/s41870-018-0157-5","Gauri JainManisha SharmaBasant Agarwal","2019","http://link.springer.com/article/10.1007/s41870-018-0157-5","Article"
"Dolores: a model that predicts football match outcomes from all over the world","Machine Learning","","108","1","10.1007/s10994-018-5703-7","Anthony C. Constantinou","2019","http://link.springer.com/article/10.1007/s10994-018-5703-7","Article"
"Joint detection of malicious domains and infected clients","Machine Learning","","","","10.1007/s10994-019-05789-z","Paul PrasseRené KnaebelLukáš MachlicaTomáš PevnýTobias Scheffer","2019","http://link.springer.com/article/10.1007/s10994-019-05789-z","Article"
"Expert finding in community question answering: a review","Artificial Intelligence Review","","","","10.1007/s10462-018-09680-6","Sha YuanYu ZhangJie TangWendy HallJuan Bautista Cabotà","2019","http://link.springer.com/article/10.1007/s10462-018-09680-6","Article"
"Elite fuzzy clustering ensemble based on clustering diversity and quality measures","Applied Intelligence","","49","5","10.1007/s10489-018-1332-x","Ali BagheriniaBehrooz Minaei-BidgoliMehdi HossinzadehHamid Parvin","2019","http://link.springer.com/article/10.1007/s10489-018-1332-x","Article"
"Gradient-enhanced kriging for high-dimensional problems","Engineering with Computers","","35","1","10.1007/s00366-018-0590-x","Mohamed A. BouhlelJoaquim R. R. A. Martins","2019","http://link.springer.com/article/10.1007/s00366-018-0590-x","Article"
"Exploring overall opinions for document level sentiment classification with structural SVM","Multimedia Systems","","25","1","10.1007/s00530-017-0550-0","Xiaojia PuGangshan WuChunfeng Yuan","2019","http://link.springer.com/article/10.1007/s00530-017-0550-0","Article"
"Theoretical learning guarantees applied to acoustic modeling","Journal of the Brazilian Computer Society","","25","1","10.1186/s13173-018-0081-3","Christopher D. ShulbyMartha D. FerreiraRodrigo F. de MelloSandra M. Aluisio","2019","http://link.springer.com/article/10.1186/s13173-018-0081-3","Article"
"Knowledge tracing with an intelligent agent, in an e-learning platform","Education and Information Technologies","","24","1","10.1007/s10639-018-9792-5","Amal TrifaAroua HedhiliWided Lejouad Chaari","2019","http://link.springer.com/article/10.1007/s10639-018-9792-5","Article"
"A hybrid framework for smile detection in class imbalance scenarios","Neural Computing and Applications","","","","10.1007/s00521-019-04089-w","Thanh VoTrang NguyenC. T. Le","2019","http://link.springer.com/article/10.1007/s00521-019-04089-w","Article"
"Density-based unsupervised ensemble learning methods for time series forecasting of aggregated or clustered electricity consumption","Journal of Intelligent Information Systems","","","","10.1007/s10844-019-00550-3","Peter LaurinecMarek LódererMária LuckáViera Rozinajová","2019","http://link.springer.com/article/10.1007/s10844-019-00550-3","Article"
"RNN-based signal classification for hybrid audio data compression","Computing","","","","10.1007/s00607-019-00713-8","Weiping TuYuhong YangBo DuWanzhao YangXiong ZhangJiaxi Zheng","2019","http://link.springer.com/article/10.1007/s00607-019-00713-8","Article"
"Palmprint identification using sparse and dense hybrid representation","Multimedia Tools and Applications","","78","5","10.1007/s11042-018-5655-8","Somaya Al MaadeedXudong JiangImad RidaAhmed Bouridane","2019","http://link.springer.com/article/10.1007/s11042-018-5655-8","Article"
"Ensembles of density estimators for positive-unlabeled learning","Journal of Intelligent Information Systems","","","","10.1007/s10844-019-00549-w","T. M. A. BasileN. Di MauroF. EspositoS. FerilliA. Vergari","2019","http://link.springer.com/article/10.1007/s10844-019-00549-w","Article"
"Big data analytics for preventive medicine","Neural Computing and Applications","","","","10.1007/s00521-019-04095-y","Muhammad Imran RazzakMuhammad ImranGuandong Xu","2019","http://link.springer.com/article/10.1007/s00521-019-04095-y","Article"
"Deep learning based diagnosis of Parkinson’s disease using convolutional neural network","Multimedia Tools and Applications","","","","10.1007/s11042-019-7469-8","S. SivaranjiniC. M. Sujatha","2019","http://link.springer.com/article/10.1007/s11042-019-7469-8","Article"
"Learning performance prediction via convolutional GRU and explainable neural networks in e-learning environments","Computing","","","","10.1007/s00607-018-00699-9","Xizhe WangPengze WuGuang LiuQionghao HuangXiaoling HuHaijiao Xu","2019","http://link.springer.com/article/10.1007/s00607-018-00699-9","Article"
"When and why metaheuristics researchers can ignore “No Free Lunch” theorems","Metaheuristics","","","","10.1007/s42257-019-00002-6","James McDermott","2019","http://link.springer.com/article/10.1007/s42257-019-00002-6","Article"
"Attentional multilabel learning over graphs: a message passing approach","Machine Learning","","","","10.1007/s10994-019-05782-6","Kien DoTruyen TranThin NguyenSvetha Venkatesh","2019","http://link.springer.com/article/10.1007/s10994-019-05782-6","Article"
"Age estimation in facial images through transfer learning","Machine Vision and Applications","","30","1","10.1007/s00138-018-0976-1","F. DornaikaI. Arganda-CarrerasC. Belver","2019","http://link.springer.com/article/10.1007/s00138-018-0976-1","Article"
"Soft voting technique to improve the performance of global filter based feature selection in text corpus","Applied Intelligence","","49","4","10.1007/s10489-018-1349-1","Deepak AgnihotriKesari VermaPriyanka TripathiBikesh Kumar Singh","2019","http://link.springer.com/article/10.1007/s10489-018-1349-1","Article"
"Cross-lingual document similarity estimation and dictionary generation with comparable corpora","Knowledge and Information Systems","","58","3","10.1007/s10115-018-1179-9","Tadej ŠtajnerDunja Mladenić","2019","http://link.springer.com/article/10.1007/s10115-018-1179-9","Article"
"Total variability factor analysis for dysphonia detection","International Journal of Information Technology","","11","1","10.1007/s41870-018-0112-5","Nikunj R. LadJ. H. NirmalKshipra D. Naikare","2019","http://link.springer.com/article/10.1007/s41870-018-0112-5","Article"
"A novel fusion mixture of active experts algorithm for traffic signs recognition","Multimedia Tools and Applications","","","","10.1007/s11042-019-7391-0","Amir AhangiArash Fassihozzaman LangroudiFatemeh YazdanpanahSeyed Abolghasem Mirroshandel","2019","http://link.springer.com/article/10.1007/s11042-019-7391-0","Article"
"Cox Processes for Counting by Detection","Journal of Mathematical Imaging and Vision","","61","3","10.1007/s10851-018-0838-5","Purnima RajanYongming MaBruno Jedynak","2019","http://link.springer.com/article/10.1007/s10851-018-0838-5","Article"
"Multi-agent system for microgrids: design, optimization and performance","Artificial Intelligence Review","","","","10.1007/s10462-019-09695-7","Khadija TaziFouad Mohamed AbbouFarid Abdi","2019","http://link.springer.com/article/10.1007/s10462-019-09695-7","Article"
"An enhanced ensemble classifier for telecom churn prediction using cost based uplift modelling","International Journal of Information Technology","","11","2","10.1007/s41870-018-0248-3","Ammar A. Q. AhmedD. Maheswari","2019","http://link.springer.com/article/10.1007/s41870-018-0248-3","Article"
"Diversity based cluster weighting in cluster ensemble: an information theory approach","Artificial Intelligence Review","","","","10.1007/s10462-019-09701-y","Frouzan RashidiSamad NejatianHamid ParvinVahideh Rezaie","2019","http://link.springer.com/article/10.1007/s10462-019-09701-y","Article"
"Data mining approach to predicting the performance of first year student in a university using the admission requirements","Education and Information Technologies","","24","2","10.1007/s10639-018-9839-7","Aderibigbe Israel AdekitanEtinosa Noma-Osaghae","2019","http://link.springer.com/article/10.1007/s10639-018-9839-7","Article"
"EEG-based biometric identification with convolutional neural network","Multimedia Tools and Applications","","","","10.1007/s11042-019-7258-4","J. X. ChenZ. J. MaoW. X. YaoY. F. Huang","2019","http://link.springer.com/article/10.1007/s11042-019-7258-4","Article"
"Improving the pull requests review process using learning-to-rank algorithms","Empirical Software Engineering","","","","10.1007/s10664-019-09696-8","Guoliang ZhaoDaniel Alencar da CostaYing Zou","2019","http://link.springer.com/article/10.1007/s10664-019-09696-8","Article"
"Gait-based age progression/regression: a baseline and performance evaluation by age group classification and cross-age gait identification","Machine Vision and Applications","","","","10.1007/s00138-019-01015-x","Chi XuYasushi MakiharaYasushi YagiJianfeng Lu","2019","http://link.springer.com/article/10.1007/s00138-019-01015-x","Article"
"Robust cascaded skin detector based on AdaBoost","Multimedia Tools and Applications","","78","2","10.1007/s11042-018-6385-7","Pooya TavallaliMehran YazdiMohammad Reza Khosravi","2019","http://link.springer.com/article/10.1007/s11042-018-6385-7","Article"
"Optimizing frequencies of skew composite laminates with metaheuristic algorithms","Engineering with Computers","","","","10.1007/s00366-019-00728-x","Kanak KalitaPartha DeySalil HaldarXiao-Zhi Gao","2019","http://link.springer.com/article/10.1007/s00366-019-00728-x","Article"
"Automatic path generation for group dance performance using a genetic algorithm","Multimedia Tools and Applications","","78","6","10.1007/s11042-018-6493-4","Jeong-Seob LeeSung-Hee Lee","2019","http://link.springer.com/article/10.1007/s11042-018-6493-4","Article"
"Self Hyper-parameter Tuning for Stream Recommendation Algorithms","ECML PKDD 2018 Workshops","","","","10.1007/978-3-030-14880-5_8","Bruno VelosoJoão GamaBenedita MalheiroJoão Vinagre","2019","http://link.springer.com/chapter/10.1007/978-3-030-14880-5_8","Chapter"
"Information-Theoretic Transfer Learning Framework for Bayesian Optimisation","Machine Learning and Knowledge Discovery in Databases","","","","10.1007/978-3-030-10928-8_49","Anil RamachandranSunil GuptaSantu RanaSvetha Venkatesh","2019","http://link.springer.com/chapter/10.1007/978-3-030-10928-8_49","Chapter"
"Information Potential Variability for Hyperparameter Selection in the MMD Distance","Progress in Pattern Recognition, Image Analysis, Computer Vision, and Applications","","","","10.1007/978-3-030-13469-3_33","Cristhian K. ValenciaAndrés ÁlvarezEdgar A. ValenciaMauricio A. ÁlvarezÁlvaro Orozco","2019","http://link.springer.com/chapter/10.1007/978-3-030-13469-3_33","Chapter"
"Using Machine Learning for Identifying Ping Failure in Large Network Topology","Economics of Grids, Clouds, Systems, and Services","","","","10.1007/978-3-030-13342-9_18","Maged HelmyAurilla Aurelie Arntzen BechinaArvid Siqveland","2019","http://link.springer.com/chapter/10.1007/978-3-030-13342-9_18","Chapter"
"Deep Learning for Smartphone-Based Human Activity Recognition Using Multi-sensor Fusion","Wireless Internet","","","","10.1007/978-3-030-06158-6_7","Charlene V. San BuenaventuraNestor Michael C. TiglaoRowel O. Atienza","2019","http://link.springer.com/chapter/10.1007/978-3-030-06158-6_7","Chapter"
"Color-Base Damage Feature Enhanced Support Vector Classifier for Monitoring Quake Image","Computational Color Imaging","","","","10.1007/978-3-030-13940-7_20","Takato YasunoMasazumi AmakataJunichiro FujiiYuri Shimamoto","2019","http://link.springer.com/chapter/10.1007/978-3-030-13940-7_20","Chapter"
"Hyper-Reactive Tabu Search for MaxSAT","Learning and Intelligent Optimization","","","","10.1007/978-3-030-05348-2_27","Carlos AnsóteguiBritta HeymannJosep PonMeinolf SellmannKevin Tierney","2019","http://link.springer.com/chapter/10.1007/978-3-030-05348-2_27","Chapter"
"Automated Pneumothorax Diagnosis Using Deep Neural Networks","Progress in Pattern Recognition, Image Analysis, Computer Vision, and Applications","","","","10.1007/978-3-030-13469-3_84","Tony LindseyRebecca LeeRonald GrisellSaul VegaSena Veazey","2019","http://link.springer.com/chapter/10.1007/978-3-030-13469-3_84","Chapter"
"Efficient Autotuning of Hyperparameters in Approximate Nearest Neighbor Search","Advances in Knowledge Discovery and Data Mining","","","","10.1007/978-3-030-16145-3_46","Elias JääsaariVille HyvönenTeemu Roos","2019","http://link.springer.com/chapter/10.1007/978-3-030-16145-3_46","Chapter"
"A Mixed Method of Parallel Software Auto-Tuning Using Statistical Modeling and Machine Learning","Information and Communication Technologies in Education, Research, and Industrial Applications","","","","10.1007/978-3-030-13929-2_6","Anatoliy DoroshenkoPavlo IvanenkoOleksandr NovakOlena Yatsenko","2019","http://link.springer.com/chapter/10.1007/978-3-030-13929-2_6","Chapter"
"MAC: Many-objective Automatic Algorithm Configuration","Evolutionary Multi-Criterion Optimization","","","","10.1007/978-3-030-12598-1_20","Hojjat RakhshaniLhassane IdoumgharJulien LepagnotMathieu Brévilliers","2019","http://link.springer.com/chapter/10.1007/978-3-030-12598-1_20","Chapter"
"Rover Descent: Learning to Optimize by Learning to Navigate on Prototypical Loss Surfaces","Learning and Intelligent Optimization","","","","10.1007/978-3-030-05348-2_24","Louis FauryFlavian Vasile","2019","http://link.springer.com/chapter/10.1007/978-3-030-05348-2_24","Chapter"
"Requirements for an Enterprise AI Benchmark","Performance Evaluation and Benchmarking for the Era of Artificial Intelligence","","","","10.1007/978-3-030-11404-6_6","Cedric BourrassetFrance Boillod-CerneuxLudovic SaugeMyrtille DeldossiFrancois WellenreiterRajesh BordawekarSusan MalaikaJean-Armand BroyelleMarc WestBrian Belgodere","2019","http://link.springer.com/chapter/10.1007/978-3-030-11404-6_6","Chapter"
"CAVE: Configuration Assessment, Visualization and Evaluation","Learning and Intelligent Optimization","","","","10.1007/978-3-030-05348-2_10","André BiedenkappJoshua MarbenMarius LindauerFrank Hutter","2019","http://link.springer.com/chapter/10.1007/978-3-030-05348-2_10","Chapter"
"Temporally Evolving Community Detection and Prediction in Content-Centric Networks","Machine Learning and Knowledge Discovery in Databases","","","","10.1007/978-3-030-10928-8_1","Ana Paula AppelRenato L. F. CunhaCharu C. AggarwalMarcela Megumi Terakado","2019","http://link.springer.com/chapter/10.1007/978-3-030-10928-8_1","Chapter"
"Hyperparameter Learning for Conditional Kernel Mean Embeddings with Rademacher Complexity Bounds","Machine Learning and Knowledge Discovery in Databases","","","","10.1007/978-3-030-10928-8_14","Kelvin HsuRichard NockFabio Ramos","2019","http://link.springer.com/chapter/10.1007/978-3-030-10928-8_14","Chapter"
"Proposal for the 1st Interdisciplinary Workshop on Algorithm Selection and Meta-Learning in Information Retrieval (AMIR)","Advances in Information Retrieval","","","","10.1007/978-3-030-15719-7_53","Joeran BeelLars Kotthoff","2019","http://link.springer.com/chapter/10.1007/978-3-030-15719-7_53","Chapter"
"Exploration Enhanced Expected Improvement for Bayesian Optimization","Machine Learning and Knowledge Discovery in Databases","","","","10.1007/978-3-030-10928-8_37","Julian BerkVu NguyenSunil GuptaSantu RanaSvetha Venkatesh","2019","http://link.springer.com/chapter/10.1007/978-3-030-10928-8_37","Chapter"
"MetaBags: Bagged Meta-Decision Trees for Regression","Machine Learning and Knowledge Discovery in Databases","","","","10.1007/978-3-030-10925-7_39","Jihed KhiariLuis Moreira-MatiasAmmar ShakerBernard ŽenkoSašo Džeroski","2019","http://link.springer.com/chapter/10.1007/978-3-030-10925-7_39","Chapter"
"Decision Support for Security-Control Identification Using Machine Learning","Requirements Engineering: Foundation for Software Quality","","","","10.1007/978-3-030-15538-4_1","Seifeddine BettaiebSeung Yeob ShinMehrdad SabetzadehLionel BriandGrégory NouMichael Garceau","2019","http://link.springer.com/chapter/10.1007/978-3-030-15538-4_1","Chapter"
"Interactive Border Contour with Automatic Tracking Algorithm Selection for Medical Images","Progress in Pattern Recognition, Image Analysis, Computer Vision, and Applications","","","","10.1007/978-3-030-13469-3_87","André V. LeinioLucas LellisFábio A. M. Cappabianco","2019","http://link.springer.com/chapter/10.1007/978-3-030-13469-3_87","Chapter"
"MaxGain: Regularisation of Neural Networks by Constraining Activation Magnitudes","Machine Learning and Knowledge Discovery in Databases","","","","10.1007/978-3-030-10925-7_33","Henry GoukBernhard PfahringerEibe FrankMichael J. Cree","2019","http://link.springer.com/chapter/10.1007/978-3-030-10925-7_33","Chapter"
"Sparkmach: A Distributed Data Processing System Based on Automated Machine Learning for Big Data","Information Management and Big Data","","","","10.1007/978-3-030-11680-4_13","Gusseppe Bravo-RoccaPiero Torres-RobattyJose Fiestas-Iquira","2019","http://link.springer.com/chapter/10.1007/978-3-030-11680-4_13","Chapter"
"Decision of Neural Networks Hyperparameters with a Population-Based Algorithm","Machine Learning, Optimization, and Data Science","","","","10.1007/978-3-030-13709-0_23","Yağız NalçakanTolga Ensari","2019","http://link.springer.com/chapter/10.1007/978-3-030-13709-0_23","Chapter"
"Calibrating the Classifier: Siamese Neural Network Architecture for End-to-End Arousal Recognition from ECG","Machine Learning, Optimization, and Data Science","","","","10.1007/978-3-030-13709-0_1","Andrea PatanèMarta Kwiatkowska","2019","http://link.springer.com/chapter/10.1007/978-3-030-13709-0_1","Chapter"
"Parametric t-Distributed Stochastic Exemplar-Centered Embedding","Machine Learning and Knowledge Discovery in Databases","","","","10.1007/978-3-030-10925-7_29","Martin Renqiang MinHongyu GuoDinghan Shen","2019","http://link.springer.com/chapter/10.1007/978-3-030-10925-7_29","Chapter"
"A Multivariate and Multi-step Ahead Machine Learning Approach to Traditional and Cryptocurrencies Volatility Forecasting","ECML PKDD 2018 Workshops","","","","10.1007/978-3-030-13463-1_1","Jacopo De StefaniOlivier CaelenDalila HattabYann-Aël Le BorgneGianluca Bontempi","2019","http://link.springer.com/chapter/10.1007/978-3-030-13463-1_1","Chapter"
"End-to-End Learning of Deterministic Decision Trees","Pattern Recognition","","","","10.1007/978-3-030-12939-2_42","Thomas M. HehnFred A. Hamprecht","2019","http://link.springer.com/chapter/10.1007/978-3-030-12939-2_42","Chapter"
"Web-Induced Heterogeneous Transfer Learning with Sample Selection","Machine Learning and Knowledge Discovery in Databases","","","","10.1007/978-3-030-10928-8_46","Sanatan SukhijaNarayanan C. Krishnan","2019","http://link.springer.com/chapter/10.1007/978-3-030-10928-8_46","Chapter"
"Improving Emotion Detection with Sub-clip Boosting","Machine Learning and Knowledge Discovery in Databases","","","","10.1007/978-3-030-10997-4_3","Ermal TotoBrendan J. FoleyElke A. Rundensteiner","2019","http://link.springer.com/chapter/10.1007/978-3-030-10997-4_3","Chapter"
"Scalable Nonlinear AUC Maximization Methods","Machine Learning and Knowledge Discovery in Databases","","","","10.1007/978-3-030-10928-8_18","Majdi KhalidIndrakshi RayHamidreza Chitsaz","2019","http://link.springer.com/chapter/10.1007/978-3-030-10928-8_18","Chapter"
"Covering Arrays to Support the Process of Feature Selection in the Random Forest Classifier","Machine Learning, Optimization, and Data Science","","","","10.1007/978-3-030-13709-0_6","Sebastián VivasCarlos CobosMartha Mendoza","2019","http://link.springer.com/chapter/10.1007/978-3-030-13709-0_6","Chapter"
"Accuracy of Different Machine Learning Type Methodologies for EEG Classification by Diagnosis","Numerical Methods and Applications","","","","10.1007/978-3-030-10692-8_50","Andrius Vytautas Misiukas MisiūnasTadas MeškauskasRūta Samaitienė","2019","http://link.springer.com/chapter/10.1007/978-3-030-10692-8_50","Chapter"
"Equipment Health Indicator Learning Using Deep Reinforcement Learning","Machine Learning and Knowledge Discovery in Databases","","","","10.1007/978-3-030-10997-4_30","Chi ZhangChetan GuptaAhmed FarahatKosta RistovskiDipanjan Ghosh","2019","http://link.springer.com/chapter/10.1007/978-3-030-10997-4_30","Chapter"
"Scalable and Interpretable One-Class SVMs with Deep Learning and Random Fourier Features","Machine Learning and Knowledge Discovery in Databases","","","","10.1007/978-3-030-10925-7_10","Minh-Nghia NguyenNgo Anh Vien","2019","http://link.springer.com/chapter/10.1007/978-3-030-10925-7_10","Chapter"
"Data Augmentation for Deep Learning of Non-mydriatic Screening Retinal Fundus Images","Supercomputing","","","","10.1007/978-3-030-10448-1_18","E. Ulises Moya-SánchezAbraham SánchezMiguel ZapataJonathan MorenoD. Garcia-GasullaFerran ParrésEduard AyguadéJesús LabartaUlises Cortés","2019","http://link.springer.com/chapter/10.1007/978-3-030-10448-1_18","Chapter"
"Profiled Power Analysis Attacks Using Convolutional Neural Networks with Domain Knowledge","Selected Areas in Cryptography – SAC 2018","","","","10.1007/978-3-030-10970-7_22","Benjamin HettwerStefan GehrerTim Güneysu","2019","http://link.springer.com/chapter/10.1007/978-3-030-10970-7_22","Chapter"
"Multiple Instance Learning with Bag-Level Randomized Trees","Machine Learning and Knowledge Discovery in Databases","","","","10.1007/978-3-030-10925-7_16","Tomáš KomárekPetr Somol","2019","http://link.springer.com/chapter/10.1007/978-3-030-10925-7_16","Chapter"
"Towards Efficient Forward Propagation on Resource-Constrained Systems","Machine Learning and Knowledge Discovery in Databases","","","","10.1007/978-3-030-10925-7_26","Günther SchindlerMatthias ZöhrerFranz PernkopfHolger Fröning","2019","http://link.springer.com/chapter/10.1007/978-3-030-10925-7_26","Chapter"
"Feature Selection for Unsupervised Domain Adaptation Using Optimal Transport","Machine Learning and Knowledge Discovery in Databases","","","","10.1007/978-3-030-10928-8_45","Leo GautheronIevgen RedkoCarole Lartizien","2019","http://link.springer.com/chapter/10.1007/978-3-030-10928-8_45","Chapter"
"Waste Generation Prediction in Smart Cities Through Deep Neuroevolution","Smart Cities","","","","10.1007/978-3-030-12804-3_15","Andrés CameroJamal ToutouhJavier FerrerEnrique Alba","2019","http://link.springer.com/chapter/10.1007/978-3-030-12804-3_15","Chapter"
"Topic Grouper: An Agglomerative Clustering Approach to Topic Modeling","Advances in Information Retrieval","","","","10.1007/978-3-030-15712-8_38","Daniel PfeiferJochen L. Leidner","2019","http://link.springer.com/chapter/10.1007/978-3-030-15712-8_38","Chapter"
"ConOut: Contextual Outlier Detection with Multiple Contexts: Application to Ad Fraud","Machine Learning and Knowledge Discovery in Databases","","","","10.1007/978-3-030-10925-7_9","M. Y. MeghanathDeepak PaiLeman Akoglu","2019","http://link.springer.com/chapter/10.1007/978-3-030-10925-7_9","Chapter"
"A Single-Hop Selection Strategy of VNFs Based on Traffic Classification in NFV","Collaborative Computing: Networking, Applications and Worksharing","","","","10.1007/978-3-030-12981-1_19","Bo HeJingyu WangQi QiHaifeng Sun","2019","http://link.springer.com/chapter/10.1007/978-3-030-12981-1_19","Chapter"
"Using Neural Network for Identifying Clickbaits in Online News Media","Information Management and Big Data","","","","10.1007/978-3-030-11680-4_22","Amin OmidvarHui JiangAijun An","2019","http://link.springer.com/chapter/10.1007/978-3-030-11680-4_22","Chapter"
"Online Learning of Weighted Relational Rules for Complex Event Recognition","Machine Learning and Knowledge Discovery in Databases","","","","10.1007/978-3-030-10928-8_24","Nikos KatzourisEvangelos MichelioudakisAlexander ArtikisGeorgios Paliouras","2019","http://link.springer.com/chapter/10.1007/978-3-030-10928-8_24","Chapter"
"Crawling in Rogue’s Dungeons with (Partitioned) A3C","Machine Learning, Optimization, and Data Science","","","","10.1007/978-3-030-13709-0_22","Andrea AspertiDaniele CortesiFrancesco Sovrano","2019","http://link.springer.com/chapter/10.1007/978-3-030-13709-0_22","Chapter"
"Deep Learning Architecture Search by Neuro-Cell-Based Evolution with Function-Preserving Mutations","Machine Learning and Knowledge Discovery in Databases","","","","10.1007/978-3-030-10928-8_15","Martin Wistuba","2019","http://link.springer.com/chapter/10.1007/978-3-030-10928-8_15","Chapter"
"ShapeShifter: Robust Physical Adversarial Attack on Faster R-CNN Object Detector","Machine Learning and Knowledge Discovery in Databases","","","","10.1007/978-3-030-10925-7_4","Shang-Tse ChenCory CorneliusJason MartinDuen Horng (Polo) Chau","2019","http://link.springer.com/chapter/10.1007/978-3-030-10925-7_4","Chapter"
"Evaluating Deep Models for Dynamic Brazilian Sign Language Recognition","Progress in Pattern Recognition, Image Analysis, Computer Vision, and Applications","","","","10.1007/978-3-030-13469-3_107","Lucas AmaralGivanildo L. N. JúniorTiago VieiraThales Vieira","2019","http://link.springer.com/chapter/10.1007/978-3-030-13469-3_107","Chapter"
"Detecting Autism by Analyzing a Simulated Social Interaction","Machine Learning and Knowledge Discovery in Databases","","","","10.1007/978-3-030-10925-7_12","Hanna DrimallaNiels LandwehrIrina BaskowBehnoush BehniaStefan RoepkeIsabel DziobekTobias Scheffer","2019","http://link.springer.com/chapter/10.1007/978-3-030-10925-7_12","Chapter"
"AMIE: Automatic Monitoring of Indoor Exercises","Machine Learning and Knowledge Discovery in Databases","","","","10.1007/978-3-030-10997-4_26","Tom DecroosKurt SchütteTim Op De BeéckBenedicte VanwanseeleJesse Davis","2019","http://link.springer.com/chapter/10.1007/978-3-030-10997-4_26","Chapter"
"Gradient Visualization for General Characterization in Profiling Attacks","Constructive Side-Channel Analysis and Secure Design","","","","10.1007/978-3-030-16350-1_9","Loïc MasureCécile DumasEmmanuel Prouff","2019","http://link.springer.com/chapter/10.1007/978-3-030-16350-1_9","Chapter"
"Multi-tenant Pub/Sub Processing for Real-Time Data Streams","Euro-Par 2018: Parallel Processing Workshops","","","","10.1007/978-3-030-10549-5_20","Álvaro VillalbaDavid Carrera","2019","http://link.springer.com/chapter/10.1007/978-3-030-10549-5_20","Chapter"
"Feature Based Multivariate Data Imputation","Machine Learning, Optimization, and Data Science","","","","10.1007/978-3-030-13709-0_3","Alessio PetrozzielloIvan Jordanov","2019","http://link.springer.com/chapter/10.1007/978-3-030-13709-0_3","Chapter"
"Evolutionary Deep Learning for Car Park Occupancy Prediction in Smart Cities","Learning and Intelligent Optimization","","","","10.1007/978-3-030-05348-2_32","Andrés CameroJamal ToutouhDaniel H. StolfiEnrique Alba","2019","http://link.springer.com/chapter/10.1007/978-3-030-05348-2_32","Chapter"
"Data-Driven Induction of Shadowed Sets Based on Grade of Fuzziness","Fuzzy Logic and Applications","","","","10.1007/978-3-030-12544-8_2","Dario MalchiodiAnna Maria Zanaboni","2019","http://link.springer.com/chapter/10.1007/978-3-030-12544-8_2","Chapter"
"Fast and Provably Effective Multi-view Classification with Landmark-Based SVM","Machine Learning and Knowledge Discovery in Databases","","","","10.1007/978-3-030-10928-8_12","Valentina ZantedeschiRémi EmonetMarc Sebban","2019","http://link.springer.com/chapter/10.1007/978-3-030-10928-8_12","Chapter"
"Glioblastoma Survival Prediction","Brainlesion: Glioma, Multiple Sclerosis, Stroke and Traumatic Brain Injuries","","","","10.1007/978-3-030-11726-9_45","Zeina A. ShboulMahbubul AlamLasitha VidyaratneLinmin PeiKhan M. Iftekharuddin","2019","http://link.springer.com/chapter/10.1007/978-3-030-11726-9_45","Chapter"
"REFINE: Representation Learning from Diffusion Events","Machine Learning, Optimization, and Data Science","","","","10.1007/978-3-030-13709-0_12","Zekarias T. KefatoNasrullah SheikhAlberto Montresor","2019","http://link.springer.com/chapter/10.1007/978-3-030-13709-0_12","Chapter"
"Human Activity Recognition with Convolutional Neural Networks","Machine Learning and Knowledge Discovery in Databases","","","","10.1007/978-3-030-10997-4_33","Antonio BevilacquaKyle MacDonaldAamina RangarejVenessa WidjayaBrian CaulfieldTahar Kechadi","2019","http://link.springer.com/chapter/10.1007/978-3-030-10997-4_33","Chapter"
"Are You Tampering with My Data?","Computer Vision – ECCV 2018 Workshops","","","","10.1007/978-3-030-11012-3_25","Michele AlbertiVinaychandran PondenkandathMarcel WürschManuel BouillonMathias SeuretRolf IngoldMarcus Liwicki","2019","http://link.springer.com/chapter/10.1007/978-3-030-11012-3_25","Chapter"
"Hierarchical Attention Networks for Different Types of Documents with Smaller Size of Datasets","Robot Intelligence Technology and Applications","","","","10.1007/978-981-13-7780-8_3","Hon-Sang CheongWun-She YapYee-Kai TeeWai-Kong Lee","2019","http://link.springer.com/chapter/10.1007/978-981-13-7780-8_3","Chapter"
"Hypotensive Episode Prediction in ICUs via Observation Window Splitting","Machine Learning and Knowledge Discovery in Databases","","","","10.1007/978-3-030-10997-4_29","Elad TsurMark LastVictor F. GarciaRaphael UdassinMoti KleinEvgeni Brotfain","2019","http://link.springer.com/chapter/10.1007/978-3-030-10997-4_29","Chapter"
"Retrieving Relationships from a Knowledge Graph for Question Answering","Advances in Information Retrieval","","","","10.1007/978-3-030-15712-8_3","Puneet AgarwalMaya RamanathGautam Shroff","2019","http://link.springer.com/chapter/10.1007/978-3-030-15712-8_3","Chapter"
"Deep Modular Multimodal Fusion on Multiple Sensors for Volcano Activity Recognition","Machine Learning and Knowledge Discovery in Databases","","","","10.1007/978-3-030-10997-4_37","Hiep V. LeTsuyoshi MurataMasato Iguchi","2019","http://link.springer.com/chapter/10.1007/978-3-030-10997-4_37","Chapter"
"Predicting the Receivers of Football Passes","Machine Learning and Data Mining for Sports Analytics","","","","10.1007/978-3-030-17274-9_15","Heng LiZhiying Zhang","2019","http://link.springer.com/chapter/10.1007/978-3-030-17274-9_15","Chapter"
"Wi-Fi Attention Network for Indoor Fingerprint Positioning","Human Centered Computing","","","","10.1007/978-3-030-15127-0_11","Ting ZhangYi ManXiaoshi FangLigang RenYue Ma","2019","http://link.springer.com/chapter/10.1007/978-3-030-15127-0_11","Chapter"
"Targeted Kernel Networks: Faster Convolutions with Attentive Regularization","Computer Vision – ECCV 2018 Workshops","","","","10.1007/978-3-030-11018-5_34","Kashyap Chitta","2019","http://link.springer.com/chapter/10.1007/978-3-030-11018-5_34","Chapter"
"Identifying Unclear Questions in Community Question Answering Websites","Advances in Information Retrieval","","","","10.1007/978-3-030-15712-8_18","Jan TrienesKrisztian Balog","2019","http://link.springer.com/chapter/10.1007/978-3-030-15712-8_18","Chapter"
"Calibrating the Mean-Reversion Parameter in the Hull-White Model Using Neural Networks","ECML PKDD 2018 Workshops","","","","10.1007/978-3-030-13463-1_2","Georgios MoysiadisIoannis AnagnostouDrona Kandhai","2019","http://link.springer.com/chapter/10.1007/978-3-030-13463-1_2","Chapter"
"Parallel and Distributed Processing for Unsupervised Patient Phenotype Representation","High Performance Computing","","","","10.1007/978-3-030-16205-4_1","John Anderson García HeanoFrédéric PreciosoPascal StacciniMichel Riveill","2019","http://link.springer.com/chapter/10.1007/978-3-030-16205-4_1","Chapter"
"Learning Multi-granularity Dynamic Network Representations for Social Recommendation","Machine Learning and Knowledge Discovery in Databases","","","","10.1007/978-3-030-10928-8_41","Peng LiuLemei ZhangJon Atle Gulla","2019","http://link.springer.com/chapter/10.1007/978-3-030-10928-8_41","Chapter"
"Instance-Specific Selection of AOS Methods for Solving Combinatorial Optimisation Problems via Neural Networks","Learning and Intelligent Optimization","","","","10.1007/978-3-030-05348-2_9","Teck-Hou TengHoong Chuin LauAldy Gunawan","2019","http://link.springer.com/chapter/10.1007/978-3-030-05348-2_9","Chapter"
"Multidimensional Permutation Entropy for Constrained Motif Discovery","Intelligent Information and Database Systems","","","","10.1007/978-3-030-14799-0_20","Yomna RayanYasser MohammadSamia A. Ali","2019","http://link.springer.com/chapter/10.1007/978-3-030-14799-0_20","Chapter"
"Group Anomaly Detection Using Deep Generative Models","Machine Learning and Knowledge Discovery in Databases","","","","10.1007/978-3-030-10925-7_11","Raghavendra ChalapathyEdward TothSanjay Chawla","2019","http://link.springer.com/chapter/10.1007/978-3-030-10925-7_11","Chapter"
"DeepFault: Fault Localization for Deep Neural Networks","Fundamental Approaches to Software Engineering","","","","10.1007/978-3-030-16722-6_10","Hasan Ferit EniserSimos GerasimouAlper Sen","2019","http://link.springer.com/chapter/10.1007/978-3-030-16722-6_10","Chapter"
"Left Ventricle Segmentation and Quantification from Cardiac Cine MR Images via Multi-task Learning","Statistical Atlases and Computational Models of the Heart. Atrial Segmentation and LV Quantification Challenges","","","","10.1007/978-3-030-12029-0_3","Shusil DangiZiv YanivCristian A. Linte","2019","http://link.springer.com/chapter/10.1007/978-3-030-12029-0_3","Chapter"
"Context-driven Multi-stream LSTM (M-LSTM) for Recognizing Fine-Grained Activity of Drivers","Pattern Recognition","","","","10.1007/978-3-030-12939-2_21","Ardhendu BeheraAlexander KeidelBappaditya Debnath","2019","http://link.springer.com/chapter/10.1007/978-3-030-12939-2_21","Chapter"
"Pseudo-Random Number Generation Using Generative Adversarial Networks","ECML PKDD 2018 Workshops","","","","10.1007/978-3-030-13453-2_15","Marcello De BernardiM. H. R. KhouzaniPasquale Malacaria","2019","http://link.springer.com/chapter/10.1007/978-3-030-13453-2_15","Chapter"
"A Comparative Study on Unsupervised Domain Adaptation for Coffee Crop Mapping","Progress in Pattern Recognition, Image Analysis, Computer Vision, and Applications","","","","10.1007/978-3-030-13469-3_9","Edemir FerreiraHugo OliveiraMário Sérgio AlvimJefersson Alex dos Santos","2019","http://link.springer.com/chapter/10.1007/978-3-030-13469-3_9","Chapter"
"Global Planar Convolutions for Improved Context Aggregation in Brain Tumor Segmentation","Brainlesion: Glioma, Multiple Sclerosis, Stroke and Traumatic Brain Injuries","","","","10.1007/978-3-030-11726-9_35","Santi PuchIrina SánchezAura HernándezGemma PiellaVesna Prc̆kovska","2019","http://link.springer.com/chapter/10.1007/978-3-030-11726-9_35","Chapter"
"Glioma Prognosis: Segmentation of the Tumor and Survival Prediction Using Shape, Geometric and Clinical Information","Brainlesion: Glioma, Multiple Sclerosis, Stroke and Traumatic Brain Injuries","","","","10.1007/978-3-030-11726-9_13","Mobarakol IslamV. Jeya Maria JoseHongliang Ren","2019","http://link.springer.com/chapter/10.1007/978-3-030-11726-9_13","Chapter"
"NEAR: Normalized Network Embedding with Autoencoder for Top-K Item Recommendation","Advances in Knowledge Discovery and Data Mining","","","","10.1007/978-3-030-16142-2_2","Dedong LiAimin ZhouChuan Shi","2019","http://link.springer.com/chapter/10.1007/978-3-030-16142-2_2","Chapter"
"3D-ESPNet with Pyramidal Refinement for Volumetric Brain Tumor Image Segmentation","Brainlesion: Glioma, Multiple Sclerosis, Stroke and Traumatic Brain Injuries","","","","10.1007/978-3-030-11726-9_22","Nicholas NuechterleinSachin Mehta","2019","http://link.springer.com/chapter/10.1007/978-3-030-11726-9_22","Chapter"
"Building Better Bit-Blasting for Floating-Point Problems","Tools and Algorithms for the Construction and Analysis of Systems","","","","10.1007/978-3-030-17462-0_5","Martin BrainFlorian SchandaYoucheng Sun","2019","http://link.springer.com/chapter/10.1007/978-3-030-17462-0_5","Chapter"
"A Unified Comparative Study of Heuristic Algorithms for Double Combinatorial Auctions: Locality-Constrained Resource Allocation Problems","Agents and Artificial Intelligence","","","","10.1007/978-3-030-05453-3_1","Diana GuduMarcus HardtAchim Streit","2019","http://link.springer.com/chapter/10.1007/978-3-030-05453-3_1","Chapter"
"A Large-Scale Repository of Deterministic Regular Expression Patterns and Its Applications","Advances in Knowledge Discovery and Data Mining","","","","10.1007/978-3-030-16142-2_20","Haiming ChenYeting LiChunmei DongXinyu ChuXiaoying MouWeidong Min","2019","http://link.springer.com/chapter/10.1007/978-3-030-16142-2_20","Chapter"
"Dimensionality Reduction by Dynamic Mode Decomposition for Hyperspectral Image Classification Using Deep Learning and Kernel Methods","Advances in Signal Processing and Intelligent Recognition Systems","","","","10.1007/978-981-13-5758-9_22","K. S. CharmishaV. SowmyaK. P. Soman","2019","http://link.springer.com/chapter/10.1007/978-981-13-5758-9_22","Chapter"